id,label,sentence,label_des,original_label
0,57,那我收到货之后您再给我退200元？,买家咨询返现金额,57
1,16,那你帮我改地址行吗,买家表示收件信息不需要修改了,16
2,60,第二个和第四个选项有啥区别,买家咨询活动规则,60
3,104,怎么退的呢,买家咨询退换货规则,104
4,57,请问这个有收据吗,买家咨询返现金额,57
5,50,能不发韵达  百世吗,买家要求延迟发货,50
6,49,改的个地址,买家要求修改收件信息,16
7,94,用模版三的刻字可以吗,买家咨询是否可以改价,94
8,111,查一下什么时候,买家咨询物流信息,111
9,111,直接寄麽,买家咨询物流信息,111
10,82,亲.床笠款和床单款有什么区别啊,买家咨询商品区别,82
11,29,咱们这下单了什么时候发货啊,买家催促发货,29
12,47,这款238和248什么区别,买家要求添加商家微信,47
13,79,一斤大概有多少个,买家咨询商品规格数量,79
14,105,这个回来要是退货或者调换，运费谁出,买家咨询退换货运费由谁承担,105
15,75,这个还送收纳箱吗,买家咨询商品包装,75
16,9,老客户了你家,买家表示拍错了,9
17,49,帮我改一下地址 错了,买家要求修改收件信息,49
18,102,亲这个有味道吗需要放味吗,买家咨询是否有味道,102
19,46,你好我想取消订单，麻烦处理一下,买家要求取消退换货退款,46
20,56,发你自己的支付宝,买家咨询返现方式,56
21,90,这个一份是多少克呢,买家咨询商品重量,90
22,97,能指定发邮政，我下单,买家咨询是否可以指定快递,97
23,97,我想送其他快递，我们这儿只有中通，邮政能到呢,买家咨询是否可以指定快递,86
24,79,一个多重啊,买家咨询商品规格数量,79
25,86,呵呵，再送一个呗,买家咨询商品是否有赠品,86
26,97,无语嘞,买家咨询是否可以指定快递,97
27,90,虾仁净重到底多少,买家咨询商品重量,90
28,97,湖南长沙市雨花亭融科三万英尺8栋 吴女士 13875836303,买家咨询是否可以指定快递,97
29,52,白色的什么时候有呢,买家咨询补货/上货时间,52
30,1,这真的很过分了。,买家表达不满/生气,1
31,94,可以帮我宝贝改一下价格吗？,买家咨询是否可以改价,94
32,65,可以定制的对吗？,买家咨询能否定制,65
33,112,双十一的优惠券和会员积分兑换的优惠券可以叠加吗,买家咨询优惠券使用规则,112
34,49,我想改一下地址可以嘛,买家要求修改收件信息,49
35,98,寄回去的运费我先垫付是吗,买家咨询是否有好评返现,98
36,10,试吃装几个,买家表示伤心难过,10
37,97,能发邮政不,买家咨询是否可以指定快递,97
38,11,你给我的东西地址发错了,买家表示商家发错地址,11
39,89,要二个保证质量发货,买家咨询商品质量是否有保障,89
40,18,买一罐送两罐？,买家表示无法申请退款,18
41,22,买多了，我申请退款了，麻烦处理一下！,买家表示需要退货退款,22
42,49,请问这款年糕有推荐的酱料么,买家要求修改收件信息,49
43,46,咋搞的，要不退了,买家要求取消退换货退款,46
44,18,我可以从新拍吗,买家表示无法申请退款,18
45,29,亲怎么还没发货都过了两天了,买家催促发货,29
46,29,真慢啊，都十几天了，再不发就准备退货了,买家催促发货,29
47,22,没有按会员价付款的已经申请退款了，请处理一下,买家表示需要退货退款,22
48,93,这个一包多重,买家咨询是否可以发顺丰,93
49,60,这俩买一送一,买家咨询活动规则,86
50,60,如果我一个小时之后买 就可以参加买三免一吗,买家咨询活动规则,60
51,43,美女，麻烦你帮我改成XⅩL的，一个加的怕小了,买家要求改商品信息,43
52,49,我定单查看地址没改过来啊,买家要求修改收件信息,49
53,102,安排什么了？都多久了？发信息你都不看不理，太不负责任了,买家咨询是否有味道,102
54,85,那我杆子不是要单独拍吗？,买家咨询商品是否可以单买/单卖,85
55,20,你好??能指定邮政快递吗,买家表示物流太慢了,20
56,31,给个回复好吗？全都已读了还不说话,买家打招呼,31
57,1,不负责任，态度问题,买家表达不满/生气,1
58,65,可以定制嘛？,买家咨询能否定制,105
59,86,现在买一送一吧,买家咨询商品是否有赠品,86
60,45,运险费什么时候才能到账呢？,买家要求核对订单信息,45
61,93,那我其他的两件的快递单号是多少呀,买家咨询是否可以发顺丰,93
62,67,发票是和货一起发了吗,买家咨询能否开发票及发票类型和寄送时间,67
63,16,我的地址对了码数也错了,买家表示收件信息不需要修改了,16
64,28,盐城盐陆集散点不是江苏吗？,买家表示再看看,28
65,99,明天会有活动吗,买家咨询是否有活动,99
66,73,从那里发岀的,买家咨询商家发货地,73
67,23,总价开成530,买家表示要重拍,23
68,36,东西不给够，还有跑气的，一共就七个能吃的，晕,买家反馈收到的商品有问题,36
69,15,我还是你们老客户,买家表示是老顾客,15
70,60,双12多少价位,买家咨询活动规则,60
71,78,这个149的和贵的有什么区别？,买家咨询商品的色差问题,78
72,28,支付宝:15187091121,买家表示再看看,28
73,47,我咋加她啊,买家要求添加商家微信,47
74,71,你好，发票可以发我邮箱么,买家咨询如何领取优惠券,71
75,2,弄错了，应该是很满意,买家表达赞美/满意,2
76,105,这个笔还得付运费啊,买家咨询退换货运费由谁承担,105
77,45,你这是啥材质的啊？？,买家要求核对订单信息,45
78,12,你们寄错了,买家表示商家发错货了,12
79,82,发热丝有什么区别？,买家咨询商品区别,82
80,65,支持定做吗？,买家咨询能否定制,65
81,61,你能不能给我发个单号,买家咨询快递单号,61
82,28,我还是想考虑下,买家表示再看看,28
83,102,你这个裤子味道好大呀,买家咨询是否有味道,102
84,85,好吧，我看看,买家咨询商品是否可以单买/单卖,85
85,67,那你帮我开一下发票,买家咨询能否开发票及发票类型和寄送时间,67
86,53,你好现在吗,买家咨询到货时间,53
87,90,这个重量呢？,买家咨询商品重量,90
88,60,你店里购物满一百有没有什么优惠啊？,买家咨询活动规则,60
89,86,赠品也有呗,买家咨询商品是否有赠品,86
90,22,已经退回了哦。麻烦退款,买家表示需要退货退款,22
91,71,可是我领取不了,买家咨询如何领取优惠券,71
92,104,我把这个退了在重新拍这样快,买家咨询退换货规则,104
93,28,那我再看其他的吧,买家表示再看看,28
94,97,能发可以给我发中通快递吗,买家咨询是否可以指定快递,73
95,29,可以尽快发货吗？,买家催促发货,29
96,79,里面有几包啊,买家咨询商品规格数量,79
97,83,双11还上新吗,买家咨询商品上新时间,83
98,82,这款保暖衣质量怎么样,买家咨询商品区别,82
99,90,这个是多少重量的,买家咨询商品重量,90
100,75,那送去双袜子呗 /:809,买家咨询商品包装,75
101,50,那我考虑一下,买家要求延迟发货,50
102,99,这几款有活动吗,买家咨询是否有活动,99
103,79,是28.9元一袋吗，是多少千克？,买家咨询商品规格数量,79
104,110,可是我没有收到钱啊??,买家咨询退款时间,110
105,1,对你们的衣服好失望,买家表达不满/生气,1
106,77,亲是不是棉的，那款是棉的,买家咨询商品的材质/面料,77
107,60,这个买一条送一条吗,买家咨询活动规则,60
108,3,我不懂别嫌我烦 /:^$^,买家表示不想要了,3
109,83,最近还有上新吗,买家咨询商品上新时间,83
110,103,有优惠就先买一条试试,买家咨询退换货地址,103
111,86,有箱子送对吗？,买家咨询商品是否有赠品,86
112,77,我在备孕……谢谢你了,买家咨询商品的材质/面料,77
113,14,你稍等一下，我看看我的尺码呗,买家表示稍等,14
114,104,就是我要是尺码不对的话然后退换货,买家咨询退换货规则,104
115,22,先申请退货？,买家表示需要退货退款,22
116,99,这裤子什么时候有活动呢,买家咨询是否有活动,99
117,86,买3份送勺子嘛,买家咨询商品是否有赠品,86
118,47,亲，你给的那个微信没人通过啊,买家要求添加商家微信,47
119,38,双十一有优惠吗？,买家讨价还价,38
120,100,/:(OK) 物流已经显示签收了,买家咨询是否有买家秀,100
121,3,亲，背心不要了,买家表示不想要了,3
122,1,我收到衣服，意思是不是你们的责任了，我又没毛病！收到新衣弄坏了再找你们麻烦？,买家表达不满/生气,1
123,7,好的，谢谢，,买家表示麻烦卖家，表达感谢,7
124,71,这个套餐是不是赠送接头？,买家咨询如何领取优惠券,71
125,94,就喜欢这个,买家咨询是否可以改价,94
126,60,不是买3发5.买2发3吗？,买家咨询活动规则,60
127,29,嗯呐  现在就下单,买家催促发货,29
128,94,裤子重新拍你们改价是吗,买家咨询是否可以改价,94
129,1,你们搞笑，我问了好多遍了,买家表达不满/生气,1
130,38,价格上在优惠点吧,买家讨价还价,38
131,114,以后都是老顾客,买家咨询运费险赔付规则,114
132,61,那个圆通单号是寄回来的单号吗,买家咨询快递单号,61
133,23,我重拍 地址錯誤,买家表示要重拍,23
134,5,加微信了 没搭理的,买家表示好的,5
135,60,问一下，这个买二送一？,买家咨询活动规则,60
136,47,是不是跟图片上一样的,买家要求添加商家微信,47
137,91,为什么不能用券,买家咨询什么颜色好看,91
138,94,那这个退单您可也帮我在后台改成换货么？,买家咨询是否可以改价,94
139,4,这个地址正确哈,买家表示地址正确,4
140,94,我这边下单，你那边改价？,买家咨询是否可以改价,94
141,74,您好，我刚才查快递我邮寄回去换货的裤子显示签收了，明天能正常帮我寄出了吧,买家咨询商家是否收到寄回的商品,74
142,0,涨价了是吗,买家抱怨商品涨价了,0
143,81,嗯嗯，我比较喜欢宽松点,买家咨询商品具体尺码尺寸,81
144,102,这有味道咋整,买家咨询是否有味道,102
145,59,那什么时候退钱,买家咨询换货发货时间,59
146,15,原来我还是老顾客啊,买家表示是老顾客,15
147,105,请问一下，换货的邮费怎么出呢,买家咨询退换货运费由谁承担,105
148,83,亲啥时候上新款,买家咨询商品上新时间,83
149,43,你好，麻烦帮我把这个改成黑色的吧,买家要求改商品信息,43
150,59,电子发票 发来,买家咨询换货发货时间,59
151,29,亲，为啥还没发货呐，我比赛着急用啊啊啊，麻烦快点发货,买家催促发货,29
152,49,现在下单今天能发货,买家要求修改收件信息,49
153,36,亲，你们的快递已经5天了。居然还没送到！效率有点低吧??,买家反馈收到的商品有问题,36
154,64,快递发到付的,买家咨询能否到付,64
155,31,你这衣服买一送一，怎么付钱,买家打招呼,31
156,95,穿上会不会太重,买家咨询是否可以拒收,95
157,48,没买运费险  退运费吗,买家要求退运费,48
158,69,福州可以发中通嘛,买家咨询偏远地区是否发货,69
159,93,申请退货还是？,买家咨询是否可以发顺丰,93
160,114,那运费险怎么弄呢 /:?,买家咨询运费险赔付规则,114
161,40,纠结买那款，推荐下,买家需要商品推荐,40
162,60,在吗？这个铁观音买2斤送1斤吗,买家咨询活动规则,60
163,86,这个送的是16号？同款还是小样？怎么拍？,买家咨询商品是否有赠品,86
164,1,小艺客服态度非常好 因为客服的态度我才决定买下这条裤子 请奖此客服,买家表达不满/生气,1
165,82,02款和其他有啥区别,买家咨询商品区别,82
166,29,你好，请问怎么撤销退款申请,买家催促发货,29
167,79,那个208克有多少,买家咨询商品规格数量,79
168,90,请问每袋虾净重是多少克,买家咨询商品重量,41
169,37,亲爱的，可以改地址吗,买家确认地址是否修改成功,37
170,49,其它的不用改，就改地址就可以了,买家要求修改收件信息,49
171,60,你们店买三免一是返钱还是付款的时候直接算两个的钱,买家咨询活动规则,60
172,105,退换也给包邮的吗~,买家咨询退换货运费由谁承担,105
173,50,如果是厚点的可以晚点发,买家要求延迟发货,50
174,69,收到的宝贝不合适要退回去,买家咨询偏远地区是否发货,69
175,109,你好，我买大了一点，这个退换货包邮吗,买家咨询退款去向,109
176,32,亲我想修改电话,买家对特定款式/颜色表达喜好,32
177,23,我刚刚又从新拍了一条,买家表示要重拍,23
178,97,尽量邮政发，可以吗,买家咨询是否可以指定快递,97
179,89,你好，在吗？帮我发货质量要保证，谢谢,买家咨询商品质量是否有保障,89
180,31,亲，怎么好评返现呢？,买家打招呼,31
181,84,床单款和床笠款的区别？,买家咨询商品是不是预售款,84
182,29,有现货的会不会快点发的呢,买家催促发货,29
183,21,好的，座套是什么材质,买家表示先买来试试,21
184,90,亲400可一箱有几个,买家咨询商品重量,90
185,71,你好。我之前买的衣服。现在在想要张发票可以吗,买家咨询如何领取优惠券,71
186,99,请问十一有活动吗,买家咨询是否有活动,60
187,1,老板，还要做生意是不,买家表达不满/生气,1
188,104,亲，昨天收到衣服，我女儿不小心把吊牌剪掉了，能退吗？ /:803 /:803,买家咨询退换货规则,104
189,60,亲爱的，地址写错了,买家咨询活动规则,60
190,9,我第一次就说了如果第二次还发错货就差评，我说的那么严重你们不放在心里，依旧给我发错货，或者说就是挂着羊头卖狗肉，我投诉了又给我发红包，我稀罕的是那些钱吗？你们让我有了非常不愉快的购物，两次！,买家表示拍错了,9
191,105,要退换的运费谁来承担？,买家咨询退换货运费由谁承担,105
192,47,这个玩具有包装袋吗,买家要求添加商家微信,47
193,112,那个288-20这个优惠券可叠加是什么意思啊,买家咨询优惠券使用规则,112
194,60,这个是几斤呢,买家咨询活动规则,60
195,49,江苏省连云港市海州区浦南镇潘圩村一组,买家要求修改收件信息,49
196,109,我已经收到货了  怎么返现,买家咨询退款去向,109
197,1,紧了穿上不满意的,买家表达不满/生气,1
198,111,二件怎么下单,买家咨询物流信息,111
199,55,还有什么快递吗,买家咨询发什么快递,55
200,98,您看成不成吧 不成我就再下一次  /:065 祝您晚安,买家咨询是否有好评返现,98
201,5,嗯好的。,买家表示好的,5
202,60,买二自动送一吗,买家咨询活动规则,60
203,76,这是是什么材质的,买家咨询商品产地,76
204,49,地址改下,买家要求修改收件信息,49
205,62,买两条也是优惠10元？,买家咨询买多件能否优惠,62
206,1,醉了也是,买家表达不满/生气,1
207,106,但是那个韵达吧,买家咨询退换货支持快递,106
208,1,运费现在反我吗,买家表达不满/生气,1
209,90,亲，有多少斤？,买家咨询商品重量,90
210,15,现第二次买了,买家表示是老顾客,15
211,89,你好，这件质量好吗,买家咨询商品质量是否有保障,89
212,82,和这款布料是一样的吗,买家咨询商品区别,82
213,86,就不能多送1袋吗,买家咨询商品是否有赠品,86
214,113,那我的运费什么时候返呢,买家咨询运费金额,113
215,60,双11才会 便宜吗,买家咨询活动规则,60
216,36,呵，那你这就有点搞笑了。在你这买的东西没法穿，你不赔偿，还得我付车费，要你你愿意啊。30几块钱买了这么个垃圾的东西，还得我倒贴30块钱，我花60元是买了空气吗,买家反馈收到的商品有问题,36
217,90,两斤是多少kg,买家咨询商品重量,90
218,17,送别人了,买家表示送人的,17
219,22,那麻烦同意一下换货申请,买家表示需要退货退款,22
220,35,3斤有多少啊,买家发送支付宝账号,35
221,8,好的亲，我等会需要的话就下单了！,买家表示马上下单付款,8
222,111,你别跟我说这个你加急加到哪了,买家咨询物流信息,111
223,81,小一个尺寸是小多少,买家咨询商品具体尺码尺寸,81
224,54,今天不能发货，明天能发么,买家咨询发货时间,54
225,68,哦 那就行  我比较喜欢宽松点的,买家咨询能否提前享受优惠,68
226,104,好吧，那我撤销申请,买家咨询退换货规则,104
227,60,不满159减不了,买家咨询活动规则,60
228,50,今天到了   你们什么时候给我换回来,买家要求延迟发货,50
229,20,给我发中通快递，我方便去件，中通在我家楼下,买家表示物流太慢了,20
230,86,一份是三包？,买家咨询商品是否有赠品,86
231,82,有区别吗,买家咨询商品区别,90
232,28,没有在大码的，我在考虑考虑,买家表示再看看,28
233,57,所有的寄件我昨天收到了,买家咨询返现金额,57
234,47,请问经典和升级区别在哪,买家要求添加商家微信,47
235,1,这边到付不是更好,买家表达不满/生气,1
236,104,你好，吊牌被小孩剪了，还能退货吗,买家咨询退换货规则,104
237,7,好的!谢谢你,买家表示麻烦卖家，表达感谢,7
238,24,这边快递到了,买家表示已经收到货了,24
239,75,你好，请问一下你们可以开增值税专票吗？,买家咨询商品包装,75
240,112,快梯收到了,买家咨询优惠券使用规则,112
241,60,买一送一是9.9两箱的意思还是？,买家咨询活动规则,60
242,106,再过几天，我要搬家了，可以明天就安排快递揽收吗,买家咨询退换货支持快递,106
243,30,正好一脚的话会穿着不满意,买家催促回复,30
244,7,没没没，谢谢,买家表示麻烦卖家，表达感谢,7
245,99,双十一当天还有优惠没,买家咨询是否有活动,99
246,73,是从邢台发货吗,买家咨询商家发货地,73
247,72,这个款怎么买一送一呀,买家咨询如何下单,72
248,10,那我不要了  因为过几天我就不在这里了,买家表示伤心难过,10
249,109,第二件半价什么意思？,买家咨询退款去向,109
250,31,亲已经第五天了好伐,买家打招呼,31
251,5,哦  这样,买家表示好的,5
252,33,改成上面的地址,买家发送结束语,33
253,6,主要是别的快递我收不到,买家表示具体时间寄回去,6
254,71,我的xl什么时候帮我换过来啊,买家咨询如何领取优惠券,71
255,114,我那个衣服换货会退运险费吗,买家咨询运费险赔付规则,114
256,26,你好有没有送杯子,买家表示优惠券无法使用,26
257,1,我他妈。。。。,买家表达不满/生气,1
258,58,返50吗这款,买家咨询返现时间,58
259,49,不改了，就这地址,买家要求修改收件信息,49
260,82,买三免一怎么算的啊,买家咨询商品区别,82
261,78,亲我拍了,买家咨询商品的色差问题,78
262,88,还是黑红吧,买家咨询商品是什么颜色,88
263,73,亲可以晚点发货嘛,买家咨询商家发货地,73
264,94,地址错了可以改吗,买家咨询是否可以改价,94
265,65,窗帘可以定制,买家咨询能否定制,65
266,50,亲 黑色的打底现在拍什么时候能发货呢,买家要求延迟发货,50
267,58,意思是我收货后返现是吧,买家咨询返现时间,58
268,31,你在吗,买家打招呼,31
269,82,这款7.9跟9.9区别在哪,买家咨询商品区别,82
270,88,这衣服色差为什么那么大,买家咨询商品是什么颜色,88
271,24,但是退款我没收到啊,买家表示已经收到货了,24
272,7,老板你好，我给你寄过来了。麻烦你啦。,买家表示麻烦卖家，表达感谢,7
273,61,老板，换的裙子发货后记得发一下单号给我吧，谢谢了！,买家咨询快递单号,61
274,66,如果双十二一起下单能分两个地址发货吗,买家咨询能否分开/一起发货,66
275,99,双十一这两件有什么活动？,买家咨询是否有活动,99
276,48,为什么领券了用不了,买家要求退运费,48
277,106,如果不是发韵达，我退货不要,买家咨询退换货支持快递,106
278,19,我纠结买哪个,买家表示无法下单,19
279,108,怎么可以返钱,买家咨询退款金额,108
280,4,我还是申请退款，然后再重新拍,买家表示地址正确,4
281,86,送不送勺子,买家咨询商品是否有赠品,86
282,32,他们喜欢紧身,买家对特定款式/颜色表达喜好,32
283,113,这二十不是运费的钱吧,买家咨询运费金额,113
284,105,寄回去换货邮费自理吧,买家咨询退换货运费由谁承担,105
285,94,改了码数,买家咨询是否可以改价,94
286,39,非常抱歉,买家向商家表达不好意思,39
287,105,过了今天不发货，我得先投诉再退款，浪费我那么多时间！,买家咨询退换货运费由谁承担,105
288,7,麻烦把我快递加快，谢谢,买家表示麻烦卖家，表达感谢,7
289,73,还是算了，买一条,买家咨询商家发货地,73
290,106,退货可以用圆通快递发过来吗？？？,买家咨询退换货支持快递,106
291,82,这两种有什么区别？,买家咨询商品区别,66
292,79,我看评论里说两斤24个,买家咨询商品规格数量,79
293,24,落下的耳环已收到货,买家表示已经收到货了,24
294,49,已拍了，地址怎么改？,买家要求修改收件信息,49
295,85,这个要是以后想换杯子有单独卖吗,买家咨询商品是否可以单买/单卖,85
296,15,全场第二件半价是怎么弄啊,买家表示是老顾客,15
297,97,合生元3段99购物节什么活动？,买家咨询是否可以指定快递,97
298,54,那件衬衫有具体时间吗,买家咨询发货时间,54
299,82,T33跟T33S区别,买家咨询商品区别,82
300,107,这个和那个外套都是买一送一的活动吗,买家咨询退货退款原因选什么,107
301,62,那你给我改成M码吧,买家咨询买多件能否优惠,62
302,110,多余的款有没有退回来？,买家咨询退款时间,110
303,62,亲，买两件有没有优惠？,买家咨询买多件能否优惠,62
304,67,您好！发票开了没,买家咨询能否开发票及发票类型和寄送时间,67
305,99,其他优惠还有吗,买家咨询是否有活动,99
306,60,买三免一必须是同个订单里的嘛,买家咨询活动规则,60
307,98,稍后就没活动了,买家咨询是否有好评返现,98
308,16,那我可以改地址吗,买家表示收件信息不需要修改了,16
309,99,双十二有电活动吗,买家咨询是否有活动,99
310,97,这个送碗嘛,买家咨询是否可以指定快递,97
311,109,打支付宝吧,买家咨询退款去向,109
312,0,贵吧,买家抱怨商品涨价了,0
313,60,买两个送两个杯子，勺子？,买家咨询活动规则,60
314,110,我看我退的货显示签收了,买家咨询退款时间,110
315,102,烤火会有味道吗,买家咨询是否有味道,102
316,52,好的。  稍等,买家咨询补货/上货时间,52
317,46,好吧，我也不想退了,买家要求取消退换货退款,46
318,67,记得发票一起寄过来??,买家咨询能否开发票及发票类型和寄送时间,67
319,113,补给你多少,买家咨询运费金额,113
320,60,那我现在下单是买一送一吗,买家咨询活动规则,60
321,5,噢，好的,买家表示好的,5
322,53,你这等待揽收等的有点过分了吧,买家咨询到货时间,53
323,67,能不能开个收据啥的附带着,买家咨询能否开发票及发票类型和寄送时间,67
324,110,我订单延迟确认收货下亲,买家咨询退款时间,110
325,74,你好，我寄出去要换的衣服收到了吗,买家咨询商家是否收到寄回的商品,74
326,49,我想改个地址可以么,买家要求修改收件信息,49
327,29,你好，我裤子买了好多天了怎么还没有发货？,买家催促发货,29
328,79,我买的一箱也是65个吧,买家咨询商品规格数量,79
329,22,这个要申请退款么,买家表示需要退货退款,22
330,40,亲，这快递咋回事啊？,买家需要商品推荐,40
331,38,双十一这款也没活动吗,买家讨价还价,38
332,45,拍下了你给我备注发圆通吧，谢谢,买家要求核对订单信息,45
333,103,是净重一公斤吗？,买家咨询退换货地址,103
334,58,需要返现哦,买家咨询返现时间,58
335,108,也没法再退换了,买家咨询退款金额,108
336,59,我换的衣服还没寄出来吗,买家咨询换货发货时间,59
337,60,我看这个是买一送一,买家咨询活动规则,60
338,32,您在哪里发货啊,买家对特定款式/颜色表达喜好,32
339,7,转售后谢谢,买家表示麻烦卖家，表达感谢,7
340,97,重庆可以指定邮政快递吗,买家咨询是否可以指定快递,97
341,46,我先不退再拍一件,买家要求取消退换货退款,46
342,12,帮忙再试试,买家表示商家发错货了,12
343,90,一小袋好多克,买家咨询商品重量,90
344,47,请问你店里有微信吗,买家要求添加商家微信,47
345,48,亲，运费怎么返回呢,买家要求退运费,48
346,4,这个地址对呀！,买家表示地址正确,4
347,67,您好，已签收，请尽快开发票哦,买家咨询能否开发票及发票类型和寄送时间,67
348,24,你好这边已经收到货了,买家表示已经收到货了,24
349,75,我靠他妈,买家咨询商品包装,75
350,114,票开好没有,买家咨询运费险赔付规则,114
351,1,建议我穿不下 还问我 搞笑,买家表达不满/生气,1
352,22,多拍了，麻烦退个款,买家表示需要退货退款,22
353,60,还有88折活动吗,买家咨询活动规则,60
354,32,其实我比较喜欢这条呢,买家对特定款式/颜色表达喜好,32
355,113,多少斤,买家咨询运费金额,113
356,103,给我个退货地址，买的衣服太大了穿不了,买家咨询退换货地址,103
357,28,请问是从浙江发货吗,买家表示再看看,28
358,112,加厚和老款有啥区别啊,买家咨询优惠券使用规则,112
359,29,??  麻烦了亲,买家催促发货,29
360,71,亲，你这个衣服有优惠券吗,买家咨询如何领取优惠券,71
361,75,我的快递到哪了,买家咨询商品包装,75
362,49,亲，我忘记备注要邮政快递了，帮我备注一下,买家要求修改收件信息,49
363,97,我不想浪费我的时间，我在淘宝也是良心买家，碰到黑心卖家，算我倒霉，,买家咨询是否可以指定快递,97
364,86,送什么样的，是同款吗,买家咨询商品是否有赠品,86
365,3,不要了 /:^_^,买家表示不想要了,3
366,49,送到长沙市区,买家要求修改收件信息,49
367,65,发票随货品一起寄出嘛？,买家咨询能否定制,65
368,82,实货跟照片一样吗？,买家咨询商品区别,82
369,55,您好，请问发货快递有什么呢,买家咨询发什么快递,55
370,87,鞋子只能发中通快递吗？,买家咨询商品是否有质保，质保多久,87
371,22,我要申请退款还是退货退款,买家表示需要退货退款,22
372,65,我要求定制36个的,买家咨询能否定制,65
373,82,表层是一样的是吧,买家咨询商品区别,82
374,90,是返现么？,买家咨询商品重量,90
375,82,加绒跟厚绒的区别,买家咨询商品区别,82
376,23,那我不如退了重新拍呢,买家表示要重拍,23
377,1,还不发货 太过分了吧,买家表达不满/生气,1
378,36,今天刚打开包裹，里面都是破的,买家反馈收到的商品有问题,36
379,67,已收到，发票什么时候开过来,买家咨询能否开发票及发票类型和寄送时间,67
380,30,都不回是吧,买家催促回复,30
381,104,凤仙引上袄可以退换吗,买家咨询退换货规则,104
382,62,想购买这两件 便宜一点,买家咨询买多件能否优惠,62
383,3,不敢相信，被骗过的,买家表示不想要了,3
384,82,有磁和无磁有什么区别,买家咨询商品区别,82
385,36,是不是热点的地方会涨袋的快呀？,买家反馈收到的商品有问题,36
386,84,袄不是预售吗？,买家咨询商品是不是预售款,84
387,17,我今天到货了，但那个领子穿着一点都不满意,买家表示送人的,17
388,53,亲，广东佛山大概什么时候能到？,买家咨询到货时间,53
389,55,确认收货后一样返10元,买家咨询发什么快递,55
390,106,退货用啥快递公司都行吧,买家咨询退换货支持快递,106
391,22,我怕错了 想退款重新拍,买家表示需要退货退款,22
392,79,好看好穿，双11再多买几件,买家咨询商品规格数量,79
393,28,行 知道了 谢谢 我再看看,买家表示再看看,28
394,25,我又买了个饼干,买家表示已下单付款,25
395,67,可以开电子发票不呢,买家咨询能否开发票及发票类型和寄送时间,65
396,86,我喜欢有肩扣的,买家咨询商品是否有赠品,86
397,23,您好我重新拍一下,买家表示要重拍,23
398,44,你好 麻烦你帮我修改一下邮费,买家要求改运费,44
399,86,我买三包，我是不是送三份赠品？,买家咨询商品是否有赠品,86
400,88,为什么评论里边深蓝色是这个颜色,买家咨询商品是什么颜色,88
401,1,我没次追问都要重复一遍，怎么让我感觉你们在推脱责任？,买家表达不满/生气,1
402,2,您好   双十二拍下东西后  需要开票  票是跟随货物一起出  还是后期单独开,买家表达赞美/满意,2
403,27,有点看不懂,买家表示有疑问/不理解,27
404,60,买一送一，是送的一样的商品吗,买家咨询活动规则,60
405,111,我换货的有单号不,买家咨询物流信息,111
406,35,刘少俊13068780267,买家发送支付宝账号,35
407,31,这双鞋子怎么那么重,买家打招呼,31
408,114,你好，我的运费险怎么算？,买家咨询运费险赔付规则,114
409,29,那个退货的 我们回老家了 叫朋友帮忙寄的他忘记在他车子里了 明天会给快递 抱歉哈,买家催促发货,29
410,90,208克有几个大概,买家咨询商品重量,90
411,36,我要米色，130的,买家反馈收到的商品有问题,36
412,12,东西是不是发错了,买家表示商家发错货了,12
413,49,后面的那个标剪掉了 可以吗？,买家要求修改收件信息,49
414,64,没有到付,买家咨询能否到付,64
415,99,现在有双12活动吗,买家咨询是否有活动,99
416,107,麻烦开发票谢谢,买家咨询退货退款原因选什么,107
417,68,裤子尺码推荐小了能退嘛,买家咨询能否提前享受优惠,68
418,65,可以定制2.2*2.3的嘛？,买家咨询能否定制,65
419,5,已经收到了，很满意,买家表示好的,5
420,40,我买是塑料材料？,买家需要商品推荐,40
421,108,为什么不能我拍6瓶，你改价格呢,买家咨询退款金额,108
422,41,这两件衣服可以用购物津贴吗,买家要求补偿,41
423,5,多次购买了,买家表示好的,5
424,105,没有运费险，算了，怕不合适退换还得自己掏运费！,买家咨询退换货运费由谁承担,105
425,104,我想退掉 重新买,买家咨询退换货规则,104
426,15,多年的老顾客了。,买家表示是老顾客,15
427,79,一共6个,买家咨询商品规格数量,79
428,14,在等我一会,买家表示稍等,14
429,49,那另一件能改个地址吗,买家要求修改收件信息,49
430,53,那是这边邮费多少退多少吗,买家咨询到货时间,53
431,60,专柜和卡其色什么区别,买家咨询活动规则,60
432,65,可以定制名字吗,买家咨询能否定制,65
433,92,快递怎么不分成一个包裹发呢,买家咨询是否可以打折,92
434,2,这款看起来不错！,买家表达赞美/满意,2
435,94,这两个能不能麻烦改个价呀,买家咨询是否可以改价,94
436,88,好，没有色差吧,买家咨询商品是什么颜色,88
437,36,可是包装袋怎么这么简陋呢,买家反馈收到的商品有问题,36
438,31,老哥,买家打招呼,31
439,111,我已經收到货了,买家咨询物流信息,111
440,97,请问能不能帮我用中通快递,买家咨询是否可以指定快递,97
441,104,我刚才换货怎么不能换呢,买家咨询退换货规则,104
442,66,那个我也发的先给你发的那个,买家咨询能否分开/一起发货,66
443,43,是买一发两瓶吗,买家要求改商品信息,43
444,111,请问一下我的快递帮忙查到了吗？,买家咨询物流信息,111
445,71,那优惠券可以有吗,买家咨询如何领取优惠券,71
446,103,一个订单买两箱能分两个地址发吗亲,买家咨询退换货地址,103
447,54,亲，双十一买的，还不给发货呀，时间太长了,买家咨询发货时间,54
448,3,这个不想要了 是不是退不了,买家表示不想要了,3
449,97,圆通也可以呢！,买家咨询是否可以指定快递,97
450,65,地垫可以定制吗,买家咨询能否定制,65
451,113,衣服钱退我了，邮费怎么退呢,买家咨询运费金额,113
452,49,拍下能改地址吗,买家要求修改收件信息,49
453,35,我有点不懂,买家发送支付宝账号,35
454,60,但是那个购物津贴明天才能用啊,买家咨询活动规则,60
455,74,但衣服应该已经寄到你哪里了,买家咨询商家是否收到寄回的商品,74
456,49,我知道双十一你们很忙，我地址拍错了，能改一下吗？谢谢！,买家要求修改收件信息,49
457,62,就是说双十一之后没有三元优惠了,买家咨询买多件能否优惠,62
458,70,有点不懂呢,买家咨询如何加入会员,70
459,2,袋子是好的,买家表达赞美/满意,2
460,75,包装盒有吧,买家咨询商品包装,75
461,81,3份有1斤吗,买家咨询商品具体尺码尺寸,81
462,66,把L先发可以不？,买家咨询能否分开/一起发货,66
463,66,那你们分开发吧,买家咨询能否分开/一起发货,66
464,54,请问你们是从那里发货的？,买家咨询发货时间,54
465,45,可以定尺码吗,买家要求核对订单信息,45
466,60,这是买一送一吗？,买家咨询活动规则,60
467,39,对不起我家孩子穿着太老气了,买家向商家表达不好意思,39
468,51,错了，稍等一下,买家要求延长收货时间,51
469,69,新疆和田市发货吗,买家咨询偏远地区是否发货,69
470,80,就五元,买家咨询商品价格,80
471,92,这款桌椅大概有多重啊,买家咨询是否可以打折,92
472,82,升级款按压式和按压式有什么区别呢,买家咨询商品区别,82
473,9,好像我买不了,买家表示拍错了,9
474,62,那你尽快,买家咨询买多件能否优惠,62
475,5,能不能把价格改一下 /:018,买家表示好的,5
476,49,亲，我的裤子已经寄回了，显示签收了，麻烦你们尽快帮我发回换的裤子,买家要求修改收件信息,49
477,71,豪士礼包券怎么用不了啊,买家咨询如何领取优惠券,71
478,46,那你不可以撤销？,买家要求取消退换货退款,46
479,97,你给我发邮政,买家咨询是否可以指定快递,97
480,42,有买一送一对吧,买家要求发货检查,42
481,110,我撤消了  不退了,买家咨询退款时间,110
482,40,啥材料的？,买家需要商品推荐,40
483,86,可以可以多送我五个,买家咨询商品是否有赠品,86
484,9,我这个拍错码了,买家表示拍错了,9
485,43,好吧，那我重新拍一条吧。,买家要求改商品信息,43
486,62,两条买，有优惠那,买家咨询买多件能否优惠,62
487,78,颜色是要深些，有色差,买家咨询商品的色差问题,78
488,80,500克多少包,买家咨询商品价格,80
489,20,圆通或申通可以吗？,买家表示物流太慢了,20
490,1,你们自己包装随随便便的扔一堆,买家表达不满/生气,1
491,97,快递别发圆通可以不？,买家咨询是否可以指定快递,97
492,60,毛衣买一送一另一件怎么退费给我,买家咨询活动规则,60
493,14,嗯稍等啊,买家表示稍等,14
494,114,亲，在吗？那天我退的衣服，衣服钱收到了，运费险怎么没有退呀？,买家咨询运费险赔付规则,114
495,117,我是老客户了，有优惠吗,买家咨询自己的旺旺昵称,117
496,82,高精密和普通白 区别在哪里 亲,买家咨询商品区别,82
497,31,在那,买家打招呼,31
498,82,两种面都一样嘛?,买家咨询商品区别,82
499,97,发中通,买家咨询是否可以指定快递,97
500,19,运费我先垫付 到了全款赔吗,买家表示无法下单,19
501,44,收到了，有没有好评返现呢??,买家要求改运费,44
502,66,我已经寄出来了，两条一起的哦,买家咨询能否分开/一起发货,66
503,29,什么退二十元退十元,买家催促发货,29
504,97,福州地区发邮政可以吗？,买家咨询是否可以指定快递,97
505,77,亲，这是仿芙蓉石吧,买家咨询商品的材质/面料,77
506,111,你给我看一下看看我的快递到那了？,买家咨询物流信息,111
507,93,亲，我马上下单今天可以给我发顺丰吗,买家咨询是否可以发顺丰,93
508,109,是不是到货之后支付宝转账,买家咨询退款去向,109
509,99,老客户，有额外优惠,买家咨询是否有活动,99
510,65,这款可以定制logo吗,买家咨询能否定制,65
511,98,好评有礼啊,买家咨询是否有好评返现,98
512,22,好嘞，拍个试试,买家表示需要退货退款,22
513,93,那我现在就申请退款，重新拍,买家咨询是否可以发顺丰,93
514,67,"Hi,你这边发票是不是还没发我邮箱啊？",买家咨询能否开发票及发票类型和寄送时间,67
515,19,我买不了三件哦,买家表示无法下单,19
516,102,这个有刺鼻气味吗,买家咨询是否有味道,102
517,97,你们效率怎么这么低？,买家咨询是否可以指定快递,97
518,1,可你们连货都没发，我真的醉了，,买家表达不满/生气,1
519,13,已确认收货,买家表示商品已经寄回去了,13
520,92,我多买些能打折吗？,买家咨询是否可以打折,92
521,94,地址错了 可以改么,买家咨询是否可以改价,94
522,38,尺码不合适，换尺码不包邮？,买家讨价还价,38
523,82,亲，经典款和澳毛款有啥区别呀,买家咨询商品区别,82
524,74,另一条裤子收到了吗？,买家咨询商家是否收到寄回的商品,74
525,99,那跨店200-20还能叠加优惠券吗？,买家咨询是否有活动,99
526,73,下单咯，深圳发货？,买家咨询商家发货地,73
527,105,那你们得承担寄回去的邮费,买家咨询退换货运费由谁承担,105
528,99,外套有没有优惠一点。,买家咨询是否有活动,99
529,78,亲，这款肤色颜色正吗？,买家咨询商品的色差问题,78
530,58,到时候还能返现吗,买家咨询返现时间,58
531,23,那我寄回来退了重新拍,买家表示要重拍,23
532,73,这个衣服买几件可以分两个地址发货么,买家咨询商家发货地,73
533,46,你们这客服一点都不负责任,买家要求取消退换货退款,46
534,90,10元无门槛可以和店内的优惠券叠加吗,买家咨询商品重量,90
535,45,衣服算了不退了，,买家要求核对订单信息,45
536,77,12c黑色什么材质,买家咨询商品的材质/面料,77
537,92,我买那个打折吗,买家咨询是否可以打折,92
538,15,一箱有多少包480克的,买家表示是老顾客,15
539,24,在不在咧啊,买家表示已经收到货了,24
540,31,怎么老没人啊,买家打招呼,31
541,97,链接发给我,买家咨询是否可以指定快递,97
542,28,嗯嗯，拍好了,买家表示再看看,28
543,60,第二袋是半价吗？,买家咨询活动规则,60
544,111,怎么我的快递还没有变化呢,买家咨询物流信息,111
545,32,一斤大概多少个手撕面包,买家对特定款式/颜色表达喜好,32
546,47,好的！谢谢我亲,买家要求添加商家微信,47
547,11,顺丰得几天？？？？,买家表示商家发错地址,11
548,67,老板能开电子发票吗,买家咨询能否开发票及发票类型和寄送时间,67
549,16,我要更改地址，怎么改呢？,买家表示收件信息不需要修改了,16
550,105,送费谁出,买家咨询退换货运费由谁承担,105
551,59,我上次退回去换的鞋子给我发货了吗,买家咨询换货发货时间,59
552,99,双十一没有活动？,买家咨询是否有活动,99
553,39,这个怎么返现的呢,买家向商家表达不好意思,39
554,1,他妈的玩这种套路,买家表达不满/生气,1
555,97,为什么指定不了呢？因为那没有别的快递。,买家咨询是否可以指定快递,97
556,25,亲拍了,买家表示已下单付款,25
557,72,你发链接给我吧、我没有那优惠卷,买家咨询如何下单,72
558,48,邮费要我先垫付吗,买家要求退运费,48
559,22,麻烦不要发了我申请退货,买家表示需要退货退款,22
560,49,可以修改一下地址么？改成湖北省宜昌市 西陵区 西陵街道 三峡大学沁苑学生公寓，麻烦了 /:809,买家要求修改收件信息,49
561,86,该剁手了，忘了刚才用的花呗，过会儿还得还上，不能在进你的坑了，不然我会控制不住我的手的，，，,买家咨询商品是否有赠品,86
562,0,亲，你太搞笑了，你跟我邮来的??口罩那么小小宝贝带的呀？,买家抱怨商品涨价了,0
563,1,对你们家太失望了??,买家表达不满/生气,1
564,88,颜色 码数别发错货了哦,买家咨询商品是什么颜色,88
565,105,退货的话会包邮费吗,买家咨询退换货运费由谁承担,105
566,9,你好我多拍了一条裤子,买家表示拍错了,9
567,110,支付宝怎么没收到,买家咨询退款时间,110
568,105,我想退货，可是我确认收货了邮费谁出,买家咨询退换货运费由谁承担,105
569,16,改为5.8屏的XS，收件人：高雪，电话：18982532593，地址不变,买家表示收件信息不需要修改了,16
570,102,一罐蓝莓多少克,买家咨询是否有味道,102
571,59,试用装几块,买家咨询换货发货时间,59
572,36,好气,买家反馈收到的商品有问题,36
573,109,那就到付啊,买家咨询退款去向,109
574,74,我寄出去的快递收到了吗,买家咨询商家是否收到寄回的商品,74
575,86,那你就多送我两袋呗！,买家咨询商品是否有赠品,86
576,105,那我这边是不是先垫付,买家咨询退换货运费由谁承担,105
577,67,开收据加盖章,买家咨询能否开发票及发票类型和寄送时间,67
578,73,你们确定这个快递发货了吗,买家咨询商家发货地,73
579,36,我刚刚收到货，有坏的,买家反馈收到的商品有问题,36
580,83,不是都一起发货的吗,买家咨询商品上新时间,83
581,105,寄回去的邮费我得自理啊,买家咨询退换货运费由谁承担,105
582,15,老顾客都不优惠，心好痛,买家表示是老顾客,15
583,93,明天拍可以补邮费发顺丰吗？,买家咨询是否可以发顺丰,93
584,112,这俩有啥不一样吗,买家咨询优惠券使用规则,112
585,24,那还有送杯子吗,买家表示已经收到货了,24
586,22,不好意思，要的，发货吧，不回撤销,买家表示需要退货退款,22
587,99,我不着忙穿就是问问你双十一还搞活动吗？,买家咨询是否有活动,99
588,90,一箱是好多斤呢,买家咨询商品重量,90
589,46,我撤消了。,买家要求取消退换货退款,46
590,65,可定制字体？,买家咨询能否定制,94
591,105,那如果有质量问题退换包邮吗？,买家咨询退换货运费由谁承担,105
592,30,我是帮别人买的，还在等回复,买家催促回复,30
593,12,上次买的这款米白色收到货却是驼色,买家表示商家发错货了,12
594,38,这就是补偿吗,买家讨价还价,38
595,53,横店什么时候到,买家咨询到货时间,53
596,97,比别的快递慢多了,买家咨询是否可以指定快递,97
597,45,昨天下单的薏仁水有改地址吗,买家要求核对订单信息,45
598,92,亲，怎么可以打折啊,买家咨询是否可以打折,92
599,71,你不是电子发票吗,买家咨询如何领取优惠券,71
600,105,这个送收纳盒吗,买家咨询退换货运费由谁承担,105
601,7,好的。明天联系。谢谢亲,买家表示麻烦卖家，表达感谢,7
602,44,你们这个多久了还没到,买家要求改运费,44
603,30,亲，微信客服怎么不说话,买家催促回复,30
604,43,红色帮我改成140的,买家要求改商品信息,43
605,99,双十一你们搞活动嘛？,买家咨询是否有活动,99
606,78,毛衣颜色正不正。,买家咨询商品的色差问题,78
607,110,你给我换了，我可以撤销退款的了,买家咨询退款时间,110
608,78,不好意思，太短了！我要退货，麻烦把退货地址发给我,买家咨询商品的色差问题,78
609,63,如果穿起来不合适，退回去我不用出快递费吗,买家咨询哪款更好,63
610,82,q款和普通款的有啥区别嘛,买家咨询商品区别,82
611,22,拍错了 麻烦同意一下退款申请,买家表示需要退货退款,29
612,60,这款参与满四减一吗,买家咨询活动规则,60
613,111,啊你好，可以帮联系一下快递那边吗？,买家咨询物流信息,111
614,69,新疆的发货吗？,买家咨询偏远地区是否发货,69
615,66,灰绿色会有色差吗,买家咨询能否分开/一起发货,66
616,65,这两款都可以定制？,买家咨询能否定制,65
617,53,今天发顺风，明天能到吗,买家咨询到货时间,53
618,60,这件参与买一送一吗？,买家咨询活动规则,60
619,9,我拍错码了。,买家表示拍错了,9
620,99,多少钱，双十一优惠？我想等双十一买看便宜不,买家咨询是否有活动,99
621,89,能帮我查查吗？,买家咨询商品质量是否有保障,89
622,97,中通不可以吗？,买家咨询是否可以指定快递,97
623,67,发票什么时候开我呀,买家咨询能否开发票及发票类型和寄送时间,67
624,82,两种款式有什么区别,买家咨询商品区别,78
625,99,第二份自动半价是吗？,买家咨询是否有活动,99
626,86,多送几张嘛,买家咨询商品是否有赠品,86
627,86,送勺吗？,买家咨询商品是否有赠品,86
628,57,这款可以返20是吗？,买家咨询返现金额,57
629,71,那个线还有优惠券吗,买家咨询如何领取优惠券,71
630,3,好贵啊，买了土都吃不起了 /:018,买家表示不想要了,3
631,60,我买三件不是给我按双十一价格吗？,买家咨询活动规则,60
632,69,哪发货？,买家咨询偏远地区是否发货,69
633,98,这款棉衣双12有什么优惠,买家咨询是否有好评返现,98
634,67,你好，我有一个订单还没发货，可以修改地址吗,买家咨询能否开发票及发票类型和寄送时间,67
635,67,你这个怎么开发票，或者是收据,买家咨询能否开发票及发票类型和寄送时间,67
636,1,我发的时候没结束吧你不理人怪我？欺骗消费者举报,买家表达不满/生气,1
637,97,河北指定申通,买家咨询是否可以指定快递,97
638,52,你说的，冬加绒 单扣拉链没有，这款是什么颜色,买家咨询补货/上货时间,52
639,80,订单号是订单编号对吗,买家咨询商品价格,80
640,7,谢谢！亲亲,买家表示麻烦卖家，表达感谢,7
641,97,南京可以指定快递吗,买家咨询是否可以指定快递,97
642,114,订制尺寸,买家咨询运费险赔付规则,114
643,102,还是有点味道是么,买家咨询是否有味道,102
644,61,衣服寄出去单号给我下哈,买家咨询快递单号,61
645,82,倒数两个价钱都是一样的，有什么区别呀,买家咨询商品区别,82
646,40,还没找到吗,买家需要商品推荐,40
647,89,1kg,买家咨询商品质量是否有保障,89
648,90,你好，这一箱是几斤重,买家咨询商品重量,90
649,101,这款鞋有难闻的味道吗？,买家咨询是否有实体店,101
650,110,这个不是可以刻字么，怎么刻啊,买家咨询退款时间,110
651,4,老板，一般什么时候上新,买家表示地址正确,4
652,90,这款肉松饼多少克,买家咨询商品重量,90
653,22,不发货你帮我退货吧,买家表示需要退货退款,22
654,56,是发红包还是返回支付宝？,买家咨询返现方式,56
655,65,这个尺寸多大吗,买家咨询能否定制,65
656,82,别仔面跟乌冬面有什么区别？,买家咨询商品区别,82
657,36,五包没有一包是好的，全部都碎了,买家反馈收到的商品有问题,36
658,60,36和58的有什么区别,买家咨询活动规则,60
659,36,这个粘墙上的能单独买吗,买家反馈收到的商品有问题,36
660,22,你好，我拍错了，申请退款，处理下,买家表示需要退货退款,22
661,53,河南商丘 顺丰几天能到,买家咨询到货时间,53
662,97,2价钱有什么区别,买家咨询是否可以指定快递,97
663,49,你好，地址填错了怎么办,买家要求修改收件信息,49
664,82,...质量怎么样,买家咨询商品区别,82
665,97,百世的我收不到， /:086 圆通韵达可以,买家咨询是否可以指定快递,97
666,94,不行能改价格么,买家咨询是否可以改价,94
667,46,亲，我不退了哈，可以取消退单不,买家要求取消退换货退款,46
668,81,我换货的衣服寄圆通了,买家咨询商品具体尺码尺寸,81
669,87,这东西有质保吗？,买家咨询商品是否有质保，质保多久,87
670,55,现在购买有什么送？,买家咨询发什么快递,55
671,60,衣服可以用购物津贴吗？,买家咨询活动规则,60
672,79,一份是二斤对吧,买家咨询商品规格数量,79
673,65,定做能？,买家咨询能否定制,65
674,71,发票 一起寄过来,买家咨询如何领取优惠券,71
675,84,我己申请退款什么时候到帐,买家咨询商品是不是预售款,84
676,32,好的，我都是回头客了。,买家对特定款式/颜色表达喜好,32
677,60,亲，这个买一送一是送同样的吗,买家咨询活动规则,60
678,67,想发票早点寄来,买家咨询能否开发票及发票类型和寄送时间,67
679,82,床单床笠有什么区别？,买家咨询商品区别,82
680,114,亲！退运费险吗,买家咨询运费险赔付规则,114
681,5,嗷 好 明白了,买家表示好的,5
682,31,云南省临沧市临翔区蚂蚁堆乡云鑫石化加油站,买家打招呼,31
683,54,电子发票有开吗,买家咨询发货时间,54
684,13,物流信息怎么都不更新啊,买家表示商品已经寄回去了,13
685,86,送衣就是送裤子   袜子？,买家咨询商品是否有赠品,86
686,14,你好，我,买家表示稍等,14
687,108,红色有什么不一样,买家咨询退款金额,108
688,97,可以的我下单备注邮政,买家咨询是否可以指定快递,97
689,68,现在可以提前享受双十二优惠嘛,买家咨询能否提前享受优惠,68
690,43,必须要用支付的支付宝账号吗？,买家要求改商品信息,43
691,102,唔，那个，有味道吗,买家咨询是否有味道,102
692,92,那些款5折啊？,买家咨询是否可以打折,92
693,105,记得噢  优先发货,买家咨询退换货运费由谁承担,105
694,79,500克有几根？,买家咨询商品规格数量,79
695,97,不要打邮政快递,买家咨询是否可以指定快递,97
696,67,发票是不是发在邮箱给我啊,买家咨询能否开发票及发票类型和寄送时间,67
697,67,我想开发票可以帮我开吗,买家咨询能否开发票及发票类型和寄送时间,67
698,75,还有5元优惠卷么,买家咨询商品包装,75
699,62,真的不能便宜嘛姐,买家咨询买多件能否优惠,62
700,67,您好，帮开发票,买家咨询能否开发票及发票类型和寄送时间,59
701,40,都没有推荐哈,买家需要商品推荐,40
702,67,订单都到了  电子发票还没开好？,买家咨询能否开发票及发票类型和寄送时间,67
703,1,过分，我以为…,买家表达不满/生气,1
704,60,是多少克一包的呀？,买家咨询活动规则,60
705,38,1.5千克多少个面包,买家讨价还价,38
706,86,该送的会送吗,买家咨询商品是否有赠品,86
707,82,就是哪种跟油布一样的哈,买家咨询商品区别,82
708,105,退换货的话，运费需要自己出嘛,买家咨询退换货运费由谁承担,105
709,99,什么时候给我换货,买家咨询是否有活动,99
710,106,我是说换退货的话，顺丰你们收吗,买家咨询退换货支持快递,106
711,50,不是说延迟发货吗。,买家要求延迟发货,50
712,97,给我发邮政的。,买家咨询是否可以指定快递,97
713,3,我觉得有点贵，可不可以便宜一点,买家表示不想要了,3
714,0,现在拍怎么这么贵,买家抱怨商品涨价了,0
715,86,8.9元的也有送吗,买家咨询商品是否有赠品,86
716,73,新品领劵在哪领鸭,买家咨询商家发货地,73
717,110,帮我问下今天能到上海么,买家咨询退款时间,110
718,82,可给我选双完美的哈，谢谢,买家咨询商品区别,82
719,60,这个选项就是送同款500g 2袋 是吗,买家咨询活动规则,60
720,20,亲，你们家快递太慢了,买家表示物流太慢了,20
721,7,行趴，谢谢,买家表示麻烦卖家，表达感谢,7
722,29,麻烦快点好吧！,买家催促发货,29
723,106,你好，退货可以寄邮政吗,买家咨询退换货支持快递,106
724,74,你家的裤子收到了吗,买家咨询商家是否收到寄回的商品,74
725,0,都考完了还这么贵,买家抱怨商品涨价了,0
726,99,这里显示杭州发货呢,买家咨询是否有活动,99
727,60,买两个三十六片可以优惠点吗？,买家咨询活动规则,60
728,71,你好，这个有优惠卷吗？,买家咨询如何领取优惠券,71
729,40,你建议买几号合适呢,买家需要商品推荐,40
730,73,店家！你好,买家咨询商家发货地,73
731,49,我的裤子买多了一条,买家要求修改收件信息,49
732,2,灰常满意,买家表达赞美/满意,2
733,5,我们都有什么快递,买家表示好的,5
734,59,一个多小时了还没有收到发票,买家咨询换货发货时间,59
735,78,色差会不会很大,买家咨询商品的色差问题,78
736,73,现在拍的啥时候发货呢,买家咨询商家发货地,73
737,36,跟你们反应个事情，面包吃到一半，发现箱子底别有个洞。。有一袋面包被咬了个洞。。,买家反馈收到的商品有问题,36
738,31,客服姐姐，在不,买家打招呼,31
739,23,亲，我拍了这个，但想重新拍下,买家表示要重拍,23
740,78,我看评论区说衣服色差大,买家咨询商品的色差问题,78
741,37,地址给我改一下,买家确认地址是否修改成功,37
742,1,滚嫩娘了蛋吧,买家表达不满/生气,1
743,114,我这个买着运费险怎么用,买家咨询运费险赔付规则,114
744,105,双十二也没有包邮活动吗,买家咨询退换货运费由谁承担,105
745,71,我想多买几件，有更多优惠券吗,买家咨询如何领取优惠券,71
746,97,父母说只有邮政才能到！,买家咨询是否可以指定快递,97
747,2,好评好评有返现吗。,买家表达赞美/满意,2
748,90,这个也是 800克,买家咨询商品重量,90
749,38,现在拍下还可以优惠给我吗？,买家讨价还价,38
750,55,你们发的什么快递啊,买家咨询发什么快递,55
751,56,微信退给我可以吗？？,买家咨询返现方式,56
752,1,你他妈不早说,买家表达不满/生气,1
753,62,好评有优惠吗,买家咨询买多件能否优惠,62
754,91,那个豆沙色不会有色差吧,买家咨询什么颜色好看,91
755,0,这款没有现货了，只有预售的也要从新拍吗,买家抱怨商品涨价了,0
756,65,杯子可以刻字的对吧,买家咨询能否定制,65
757,46,哦算了不退,买家要求取消退换货退款,46
758,72,这男的怎么拍,买家咨询如何下单,72
759,24,刚买了你家东西,买家表示已经收到货了,24
760,23,没冼过也没拆吊牌,买家表示要重拍,23
761,22,哎呦   我直接申请了退货退款了,买家表示需要退货退款,22
762,85,单独买挂钩个以吗,买家咨询商品是否可以单买/单卖,85
763,41,希望你们敢紧补偿我,买家要求补偿,41
764,110,你好 这个裙子不合适 想要退款可以吗,买家咨询退款时间,110
765,28,嗯，好的，我再看看,买家表示再看看,28
766,60,我看你家有的有买一送一的活动，这款什么活动都没有吗,买家咨询活动规则,60
767,24,专柜版和普通班啥区别,买家表示已经收到货了,24
768,60,那退的钱回到哪里,买家咨询活动规则,60
769,4,双十一没有什么活动吗,买家表示地址正确,4
770,27,我都晕了,买家表示有疑问/不理解,27
771,29,行吧，就尽量早点吧,买家催促发货,29
772,3,今天不能的话那我不要了,买家表示不想要了,3
773,44,这个有色差吗,买家要求改运费,44
774,71,那我再买一套还可以有优惠券吗,买家咨询如何领取优惠券,71
775,76,里面什么材质啊,买家咨询商品产地,76
776,97,亲，不要发韵达快递谢谢,买家咨询是否可以指定快递,97
777,1,"衣服大的过分了 /:'""""",买家表达不满/生气,1
778,21,行吧，我先买来看看了,买家表示先买来试试,21
779,60,不是买一箱送一箱吗,买家咨询活动规则,60
780,54,什么时候可以到发货,买家咨询发货时间,54
781,111,好的，谢你,买家咨询物流信息,111
782,79,16.8有多少,买家咨询商品规格数量,79
783,22,亲，快递你们都签收了哦，该退款了哦,买家表示需要退货退款,22
784,79,500克大概多少呢,买家咨询商品规格数量,79
785,94,想问一下什么材质的？,买家咨询是否可以改价,94
786,24,第二件一元是要拍两件吗,买家表示已经收到货了,24
787,83,咋们啥时候会上新呀,买家咨询商品上新时间,83
788,107,退款原因你看选哪一个,买家咨询退货退款原因选什么,107
789,97,四川广安邻水可以发中通么,买家咨询是否可以指定快递,97
790,84,好的好的,买家咨询商品是不是预售款,84
791,106,可以退韵达嘛,买家咨询退换货支持快递,106
792,58,运费怎么打款给我,买家咨询返现时间,58
793,23,买的零食不是说买一送一吗,买家表示要重拍,23
794,65,您好 可以印字吗,买家咨询能否定制,65
795,54,OK明天发货吗,买家咨询发货时间,54
796,38,你先看我问题,买家讨价还价,38
797,62,非得一个款式买两件才能优惠10块钱？,买家咨询买多件能否优惠,62
798,65,70*70的可以定做吗,买家咨询能否定制,65
799,52,好吧 大概啥时候？近期会有吗,买家咨询补货/上货时间,52
800,29,老板  快递发了啊,买家催促发货,29
801,99,那中秋节就没有活动了呗,买家咨询是否有活动,99
802,42,就是会不会补货,买家要求发货检查,42
803,67,您好，现在买能发货嘛,买家咨询能否开发票及发票类型和寄送时间,67
804,109,确认收货了怎么返现啊,买家咨询退款去向,109
805,111,男的穿什么颜色好看,买家咨询物流信息,111
806,113,地址错了  上面是我的地址  麻烦联系下物流,买家咨询运费金额,113
807,49,麻烦帮我把收货地址改一下,买家要求修改收件信息,49
808,22,是选择退款还是退款退货,买家表示需要退货退款,22
809,17,这三种有什么不一样吗,买家表示送人的,17
810,60,不是有个是买500g送1kg吗,买家咨询活动规则,60
811,90,20斤的巴沙鱼，净重多少,买家咨询商品重量,90
812,97,亲，发百世快递吗？,买家咨询是否可以指定快递,97
813,104,那打8折吗,买家咨询退换货规则,104
814,28,我后天要用，可以发顺丰吗？,买家表示再看看,28
815,46,还没退款[表情],买家要求取消退换货退款,46
816,1,这个物流速度已经很失望了。但愿东西质量不要让我失望,买家表达不满/生气,1
817,52,亲，现在买明天能到吗？,买家咨询补货/上货时间,52
818,97,我买俩件都是需要发邮政的,买家咨询是否可以指定快递,97
819,60,买2送1可以用购物津贴吗,买家咨询活动规则,60
820,82,请问升级款有什么区别？,买家咨询商品区别,82
821,12,等了这么久居然发错了,买家表示商家发错货了,12
822,54,今天可以发出来吗,买家咨询发货时间,54
823,4,直接退这个地址对吧,买家表示地址正确,4
824,99,亲，双11你们家有活动吗？,买家咨询是否有活动,99
825,112,这件和99的有区别？,买家咨询优惠券使用规则,112
826,53,对了，我如果不要顺丰的话，周五能到吗？,买家咨询到货时间,53
827,106,我也不记得单号了，寄的中通能收到吧,买家咨询退换货支持快递,106
828,46,这个怎么申请换货？,买家要求取消退换货退款,46
829,3,我衣服收到了，在哪里加的微信啊,买家表示不想要了,3
830,4,那我明天再试试吧,买家表示地址正确,4
831,60,这个每个套餐买两份第二份都是半价吗？,买家咨询活动规则,60
832,32,他喜欢穿贴身的,买家对特定款式/颜色表达喜好,32
833,8,那我买点,买家表示马上下单付款,8
834,3,再也不买您家的了,买家表示不想要了,3
835,107,跟你说话真他妈气人,买家咨询退货退款原因选什么,107
836,49,河南省尉氏县万宝电器,买家要求修改收件信息,49
837,54,今天拍，什么时候能发货啊,买家咨询发货时间,37
838,72,内衣很漂亮。但穿的不满意。,买家咨询如何下单,72
839,20,快递好慢，一直不更新,买家表示物流太慢了,20
840,60,面包怎么是一 箱，不是买一箱送一箱吗,买家咨询活动规则,60
841,48,麻烦问一下我运费怎么退,买家要求退运费,48
842,94,收件人的号码错了，帮忙改一下,买家咨询是否可以改价,94
843,66,两件给我装一起发可以吗？,买家咨询能否分开/一起发货,66
844,15,老顾客了喔,买家表示是老顾客,15
845,70,我的朱砂上袄可不可以改成L的,买家咨询如何加入会员,70
846,29,麻烦先发货谢谢了,买家催促发货,29
847,89,你家这款饭盒袋质量怎么样,买家咨询商品质量是否有保障,89
848,22,我这个还在换货中，怎么点击退货,买家表示需要退货退款,22
849,78,亲我看评论色差很大,买家咨询商品的色差问题,78
850,40,还有没有全麦面包，,买家需要商品推荐,40
851,93,如果发顺丰的话要补多少钱,买家咨询是否可以发顺丰,93
852,24,这边显示我寄回去的快递签收咯,买家表示已经收到货了,24
853,72,小姐姐今天给我发货好么,买家咨询如何下单,72
854,114,699727522910862783  这个订单我选的收货地址错了，可以改一下不？,买家咨询运费险赔付规则,114
855,73,发到邮政局吧！,买家咨询商家发货地,73
856,65,是不是尺寸可以定制?,买家咨询能否定制,65
857,47,是加微信还是？,买家要求添加商家微信,47
858,10,不是棉的穿的也难受,买家表示伤心难过,10
859,86,买二送一。拍两件再送一件？,买家咨询商品是否有赠品,86
860,79,请问一下这个一箱子有多少颗？,买家咨询商品规格数量,79
861,3,怎么拍不了l,买家表示不想要了,3
862,88,发货的话，是两件一起发货吧？,买家咨询商品是什么颜色,88
863,48,而且我的运费什么时候退给我呢,买家要求退运费,48
864,82,两件组合加绒和一件加绒是一样裤子吗,买家咨询商品区别,82
865,79,别发信息了，滚,买家咨询商品规格数量,79
866,9,亲，你好！眼神不好多买了一条,买家表示拍错了,9
867,21,你们商品有问题,买家表示先买来试试,21
868,103,不好意思，我要退货，您的退货地址是？,买家咨询退换货地址,103
869,114,亲  现在拍和双十一有区别没,买家咨询运费险赔付规则,114
870,53,到安徽涡阳需要几天,买家咨询到货时间,53
871,108,赠品还送金色的吗,买家咨询退款金额,108
872,42,衣服我拍错码数了,买家要求发货检查,42
873,16,麻烦卖家能不能催一下快递小哥,买家表示收件信息不需要修改了,16
874,4,好的 地址对啊,买家表示地址正确,4
875,82,牛乳钙和碳酸钙二者啥区别,买家咨询商品区别,82
876,81,两箱是4斤吧,买家咨询商品具体尺码尺寸,81
877,99,厚的双十一优惠多少啊？,买家咨询是否有活动,99
878,82,两双有什么特别不一样？,买家咨询商品区别,82
879,82,常规款跟升级款有啥不同亲,买家咨询商品区别,82
880,76,哦哦 我看产地是亳州的,买家咨询商品产地,76
881,111,麻烦。帮我看一下我的快递为什么还没派件？,买家咨询物流信息,111
882,74,哦收到货会退款吗？,买家咨询商家是否收到寄回的商品,74
883,89,质量有保证啥,买家咨询商品质量是否有保障,89
884,97,可不可以帮我发邮政快递？,买家咨询是否可以指定快递,97
885,22,那个退货申请我重新申请了，刚刚快递小哥那里没有我订单了，让我重新申请一下,买家表示需要退货退款,22
886,86,帮我备注下发 韵达,买家咨询商品是否有赠品,86
887,29,抱歉哈，打扰了。,买家催促发货,29
888,36,破损，我们给你寄过去,买家反馈收到的商品有问题,36
889,74,退货的快递显示签收了，快递费8块的,买家咨询商家是否收到寄回的商品,74
890,54,你们今天能不能发货,买家咨询发货时间,54
891,28,好吧我再想想,买家表示再看看,28
892,43,可以订制尺码吗,买家要求改商品信息,43
893,60,现在能不能按双12价格买,买家咨询活动规则,60
894,110,补偿没到账呀……,买家咨询退款时间,110
895,106,退货韵达或者圆通可以吗,买家咨询退换货支持快递,106
896,60,比双十一价格呢,买家咨询活动规则,60
897,82,这个灰白颜色的会补吗,买家咨询商品区别,82
898,35,我这地址填写错了,买家发送支付宝账号,35
899,73,下单这个地址收不了货.得换这个地址,买家咨询商家发货地,73
900,60,你们家不是买3包赠送一个瓶吗,买家咨询活动规则,60
901,24,这个和上面那个有什么区别,买家表示已经收到货了,24
902,15,还是老客户了哦,买家表示是老顾客,15
903,97,快递发中通吗,买家咨询是否可以指定快递,107
904,57,现在买是94到时要反我25的吧,买家咨询返现金额,57
905,86,现在还能送泡面碗了吗,买家咨询商品是否有赠品,86
906,1,我就在想这件衣服是被骗了,买家表达不满/生气,1
907,72,这个卷怎么用,买家咨询如何下单,72
908,82,我刚买了一块与这个一模一样的是58元的，与这个69的有什么区别吗？,买家咨询商品区别,82
909,71,之前好像有优惠券,买家咨询如何领取优惠券,71
910,29,为什么还没有发货信息？,买家催促发货,29
911,49,广东省东莞市东城区碧桂园苹果二期1号楼504,买家要求修改收件信息,49
912,54,我今天下单会给我安排发货吗,买家咨询发货时间,54
913,60,那几斤,买家咨询活动规则,60
914,117,可是我下单是68多呀,买家咨询自己的旺旺昵称,117
915,90,多少克一箱,买家咨询商品重量,90
916,67,亲，发票一起寄过来啊,买家咨询能否开发票及发票类型和寄送时间,67
917,88,不是乳白色 偏蓝,买家咨询商品是什么颜色,88
918,34,老板你好，能否拒绝中通、申通，,买家发送开票信息,34
919,112,加绒深蓝，1003和1075啥区别,买家咨询优惠券使用规则,112
920,81,忘了问一下U盘的尺寸是多大？,买家咨询商品具体尺码尺寸,81
921,49,那个快递单号发给我了吗,买家要求修改收件信息,49
922,4,你能回答我问的问题吗,买家表示地址正确,4
923,98,靠，告诉她，老子想她了,买家咨询是否有好评返现,98
924,74,别跟我记错地址就行,买家咨询商家是否收到寄回的商品,74
925,75,外面还有包装盒吗？,买家咨询商品包装,75
926,82,那是一样的不,买家咨询商品区别,82
927,2,帮我查下上一笔订单发票开了吗,买家表达赞美/满意,2
928,1,之前退了一次，麻烦死了， /:012,买家表达不满/生气,1
929,36,肉松饼没有混装的吗,买家反馈收到的商品有问题,36
930,67,质量好点哦,买家咨询能否开发票及发票类型和寄送时间,67
931,49,我要更改地址哦,买家要求修改收件信息,49
932,82,常规大码与升级款小码区别是什么,买家咨询商品区别,82
933,22,请问我退款的商品你们收到了嘛,买家表示需要退货退款,22
934,38,可是优惠不一样,买家讨价还价,38
935,104,圆通哦??,买家咨询退换货规则,104
936,59,我的退换，什么时候给我发货,买家咨询换货发货时间,59
937,90,一袋多重的,买家咨询商品重量,90
938,12,亲，这衣服不是棉的！,买家表示商家发错货了,12
939,50,亲，请尽快发货，鱼儿快不行了 /:018,买家要求延迟发货,50
940,72,第二份4.9是怎么拍了,买家咨询如何下单,72
941,8,而且我还要买两条的,买家表示马上下单付款,8
942,111,都两三天了在一个地方没动,买家咨询物流信息,111
943,9,我大小买错了,买家表示拍错了,9
944,23,那我退款，重新拍可以吧,买家表示要重拍,23
945,105,也就是我自己要先垫付两件的钱?,买家咨询退换货运费由谁承担,105
946,81,你们是从哪边发货,买家咨询商品具体尺码尺寸,81
947,28,那还是参加双11跨店满减是吧,买家表示再看看,28
948,117,什么是旺旺号,买家咨询自己的旺旺昵称,117
949,6,我今天次品寄回了,买家表示具体时间寄回去,6
950,36,我看差评好多都是质量问题,买家反馈收到的商品有问题,36
951,1,第一次买你家产品太让我失望了,买家表达不满/生气,1
952,65,咱们不是可以定制么？,买家咨询能否定制,65
953,37,买3带，发5带？,买家确认地址是否修改成功,37
954,3,回来了，颜色不喜欢,买家表示不想要了,3
955,60,现在下单是买一送一嘛,买家咨询活动规则,60
956,60,我前段时间看到买一送一呢,买家咨询活动规则,60
957,60,这款也是买一送一对吧,买家咨询活动规则,60
958,38,回顾优惠13元?,买家讨价还价,38
959,75,包装精致吗,买家咨询商品包装,75
960,112,这个送朋友了就不退了,买家咨询优惠券使用规则,112
961,49,那个地址我想改一下可以吗,买家要求修改收件信息,49
962,97,新疆喀什市发不发,买家咨询是否可以指定快递,97
963,111,那个蓝色的，要退，坏了的，你们要承担运费,买家咨询物流信息,111
964,67,记得我的发票。我现在没有收到发票呢！谢谢你了,买家咨询能否开发票及发票类型和寄送时间,67
965,55,一般都是发什么快递？,买家咨询发什么快递,55
966,106,用百世快递可以吗？,买家咨询退换货支持快递,106
967,46,我这个衣服，有点大，我不退了,买家要求取消退换货退款,46
968,7,客服不易，谢谢你,买家表示麻烦卖家，表达感谢,7
969,38,哦，亲能优惠点吗,买家讨价还价,38
970,60,那现在可以优惠不,买家咨询活动规则,60
971,93,请问可以补邮发顺丰吗,买家咨询是否可以发顺丰,93
972,76,产地,买家咨询商品产地,76
973,58,那啥返现怎么整,买家咨询返现时间,58
974,82,你好我看有18的和19.9有什么区别呢,买家咨询商品区别,82
975,51,你们这效率。。。,买家要求延长收货时间,51
976,37,改好了吗a,买家确认地址是否修改成功,37
977,21,你把你自己裤子反过来穿试试,买家表示先买来试试,21
978,31,你好 新老款区别,买家打招呼,31
979,55,你好，请问店里发什么快递,买家咨询发什么快递,55
980,99,明天买有没有优惠,买家咨询是否有活动,99
981,93,我说顺丰今天发啥时候到？,买家咨询是否可以发顺丰,93
982,1,真是醉了，,买家表达不满/生气,1
983,2,比上一个短一点 很满意,买家表达赞美/满意,2
984,5,好的啊,买家表示好的,5
985,60,这件参与的是什么活动啊,买家咨询活动规则,60
986,1,真的是会气死,买家表达不满/生气,1
987,48,运费怎么处理？我怎么退？,买家要求退运费,48
988,105,退换货运费怎么办,买家咨询退换货运费由谁承担,105
989,94,现在买，直接改价格吗？,买家咨询是否可以改价,94
990,67,货已收，发票可以开了吗,买家咨询能否开发票及发票类型和寄送时间,67
991,105,不值钱，还得赔邮费,买家咨询退换货运费由谁承担,105
992,60,这买一送一买多少送多少吗,买家咨询活动规则,60
993,26,满15的优惠券怎么用不了啊,买家表示优惠券无法使用,26
994,111,这个快递送到哪了,买家咨询物流信息,111
995,1,套子是什么材质的,买家表达不满/生气,1
996,79,1250g有多少枚,买家咨询商品规格数量,79
997,23,我是退货重新拍吧？,买家表示要重拍,23
998,107,我现在拍，今天还能发出吗？发顺丰快递,买家咨询退货退款原因选什么,107
999,43,第二个地址帮我改一下谢谢,买家要求改商品信息,43
1000,31,买一份送一份，那买两份是不是就送两份？？,买家打招呼,31
1001,75,这是每个单独包装的吗？,买家咨询商品包装,75
1002,29,我这会买 明天能发货么 我急着穿 能的话我这会就买,买家催促发货,29
1003,59,我换的帐子寄过来了吗,买家咨询换货发货时间,59
1004,21,垫付的邮费到时候怎么返回来？,买家表示先买来试试,21
1005,59,我换的货今天发货了吗？,买家咨询换货发货时间,59
1006,65,2.4?2.4能不能做,买家咨询能否定制,65
1007,39,好吧，我以为一个店的呢，不好意思哈,买家向商家表达不好意思,39
1008,44,请问一下我的快递费你们什么时候给,买家要求改运费,44
1009,79,3斤几代包装,买家咨询商品规格数量,79
1010,49,不用修改地址，摁错了,买家要求修改收件信息,49
1011,1,这话真的挺搞笑的,买家表达不满/生气,1
1012,88,这个是绿色？,买家咨询商品是什么颜色,88
1013,1,亲，你们这快递还在常熟，帮忙催催快递，拜托你了亲,买家表达不满/生气,1
1014,14,邮政编码好像错了，稍等一下哈,买家表示稍等,14
1015,55,发什么快递呢请问，,买家咨询发什么快递,55
1016,25,好的 现在下单,买家表示已下单付款,25
1017,62,这个满200减20的券在哪领呀,买家咨询买多件能否优惠,62
1018,39,你好，换的衣服寄出来没？,买家向商家表达不好意思,39
1019,105,/:018 /:018 我是说换货包邮吗,买家咨询退换货运费由谁承担,105
1020,69,新疆内发货吗,买家咨询偏远地区是否发货,69
1021,105,你好!换码数包邮吗,买家咨询退换货运费由谁承担,105
1022,86,那要不你给我赠送一个收纳箱吧好吗,买家咨询商品是否有赠品,86
1023,58,那好评返现的那个还返吗,买家咨询返现时间,58
1024,71,我知道  我想知道的是那满减券在哪里领,买家咨询如何领取优惠券,71
1025,91,钻石磨砂 和普通磨砂什么区别,买家咨询什么颜色好看,91
1026,77,那个管子都是塑料的,买家咨询商品的材质/面料,77
1027,113,好的，那就不打扰你了,买家咨询运费金额,113
1028,32,我个人更喜欢粉色的颜色,买家对特定款式/颜色表达喜好,32
1029,114,收到货了什么时候可以退我运费？,买家咨询运费险赔付规则,114
1030,36,你好 s好最早多久能发货,买家反馈收到的商品有问题,36
1031,83,就是换货的邮费你发给我 我发出去给你是吗 如果是退货的话邮费是我来承担是吗,买家咨询商品上新时间,83
1032,1,那要是起球了，算不算是欺骗消费者了,买家表达不满/生气,1
1033,90,每个小袋多少克,买家咨询商品重量,90
1034,62,现在店铺有什么优惠吗？,买家咨询买多件能否优惠,62
1035,97,中通！,买家咨询是否可以指定快递,97
1036,79,你们衣服多重,买家咨询商品规格数量,79
1037,97,送我条腰带吧,买家咨询是否可以指定快递,97
1038,86,不送是吗,买家咨询商品是否有赠品,86
1039,55,到西藏快递发什么,买家咨询发什么快递,55
1040,91,昨天说会很快发出的  说仓库现在发货比较有效率,买家咨询什么颜色好看,91
1041,92,在你这有折打吗,买家咨询是否可以打折,92
1042,71,小姐姐可以再给我发一个这样的券吗,买家咨询如何领取优惠券,71
1043,49,你帮我地址没改吗,买家要求修改收件信息,49
1044,1,一来就贴费一张…醉了，下面那第一层要撕的撕不开,买家表达不满/生气,1
1045,60,那款双12有优惠吗,买家咨询活动规则,60
1046,98,确认收货5星好评有红包吗？,买家咨询是否有好评返现,98
1047,111,麻烦给查下,买家咨询物流信息,111
1048,92,这款有折扣了吗？,买家咨询是否可以打折,92
1049,65,这边窗帘定制可以吗？,买家咨询能否定制,65
1050,67,我只买一件，要开发票哈,买家咨询能否开发票及发票类型和寄送时间,67
1051,50,发你妈蛇皮,买家要求延迟发货,50
1052,46,我还有一条不退,买家要求取消退换货退款,46
1053,49,能不能改下电话号码,买家要求修改收件信息,49
1054,71,分开拍的。我以为有五元优惠卷呢,买家咨询如何领取优惠券,71
1055,103,好的哦 我再想想,买家咨询退换货地址,103
1056,66,我剩下的衣服先不要发,买家咨询能否分开/一起发货,66
1057,5,买回来是试试吧,买家表示好的,5
1058,38,11当天有活动么 /:809,买家讨价还价,38
1059,96,你这个根本买不了,买家咨询是否可以微信支付,96
1060,109,你好，请问10元红包退在哪里？,买家咨询退款去向,109
1061,97,快递走圆通或者是邮政,买家咨询是否可以指定快递,106
1062,112,你那个品质款和旗舰款有什么区别？,买家咨询优惠券使用规则,112
1063,12,您好，这款是什么颜色,买家表示商家发错货了,12
1064,97,山东泰安能发中通吗,买家咨询是否可以指定快递,97
1065,65,这个桌可不可以定制尺寸,买家咨询能否定制,65
1066,7,我拍下来不付款,买家表示麻烦卖家，表达感谢,7
1067,83,满200-20的券在哪里领呀,买家咨询商品上新时间,83
1068,89,亲，你怎么质保啊,买家咨询商品质量是否有保障,89
1069,82,为什么店里这么多款荞麦面？有什么不一样吗,买家咨询商品区别,82
1070,58,还可以给我返现嘛,买家咨询返现时间,58
1071,105,如果收到货太大或者太小退换货包邮吗,买家咨询退换货运费由谁承担,105
1072,58,你们不反现吗,买家咨询返现时间,58
1073,56,208能有多少个,买家咨询返现方式,56
1074,58,鞋到货了，怎么返现呢,买家咨询返现时间,58
1075,5,你这个好评有活动吗,买家表示好的,5
1076,96,那直接加微信   转吧,买家咨询是否可以微信支付,96
1077,60,这三条 都是买一送一的吧,买家咨询活动规则,60
1078,31,在吗，亲,买家打招呼,31
1079,65,帮我刻名字,买家咨询能否定制,65
1080,24,二十号那天可以到？,买家表示已经收到货了,24
1081,9,号码拍错了吧？,买家表示拍错了,9
1082,112,五元优惠券怎么不能用,买家咨询优惠券使用规则,112
1083,67,就是发票可以和货一起发，对吧,买家咨询能否开发票及发票类型和寄送时间,67
1084,3,那算了，我不要了,买家表示不想要了,3
1085,16,看看怎么修改地址,买家表示收件信息不需要修改了,16
1086,114,查到了吗，,买家咨询运费险赔付规则,114
1087,105,退换的话 运费要自己出吗,买家咨询退换货运费由谁承担,105
1088,59,换货的发货了没,买家咨询换货发货时间,59
1089,22,我退货吧,买家表示需要退货退款,22
1090,11,亲，地址可能发错了 /:018,买家表示商家发错地址,11
1091,105,如果码大了换货运费谁出？,买家咨询退换货运费由谁承担,105
1092,15,我是你家的老顾客了,买家表示是老顾客,15
1093,32,我喜欢比较松一点,买家对特定款式/颜色表达喜好,32
1094,1,干嘛要让我改地址,买家表达不满/生气,1
1095,97,好好跟你们沟通听不懂是吧？！,买家咨询是否可以指定快递,97
1096,109,我确认收货了就可以返还到支付宝是吗,买家咨询退款去向,109
1097,29,可以早点发货吗,买家催促发货,29
1098,22,但亲亲 原本那条裙子还在我家里 因为买大了 想退货退款 那关闭了原本的退款申请,买家表示需要退货退款,22
1099,97,可以帮我备注发韵达快递吗，谢谢,买家咨询是否可以指定快递,97
1100,13,以前在你店买了好几件卫衣了,买家表示商品已经寄回去了,13
1101,0,怎么双十一还涨价,买家抱怨商品涨价了,0
1102,90,我换货的到你们那了 什么时候给我寄过来,买家咨询商品重量,90
1103,82,和其他有啥区别，十块三个,买家咨询商品区别,82
1104,104,裤子到货了，有点短，怎么调换,买家咨询退换货规则,104
1105,104,哦，吊牌还在,买家咨询退换货规则,104
1106,43,我是说按照双十一价格享受8折，四件裤子都可以8折？,买家要求改商品信息,43
1107,97,发邮政吗??,买家咨询是否可以指定快递,97
1108,89,哦好，那你家裤子那么便宜质量好吗,买家咨询商品质量是否有保障,89
1109,49,我更改一下电话号码。,买家要求修改收件信息,49
1110,57,收到退多少钱？,买家咨询返现金额,57
1111,1,拜托了，能不能发货啊？你们这样做只能骗我一次也只能做我一次生意，绝对不会有下次,买家表达不满/生气,1
1112,50,你好 换货什么时候发出呢,买家要求延迟发货,50
1113,49,同意下第一个退款，写错地址了,买家要求修改收件信息,49
1114,49,你好，我的邮寄地址填错了怎么改啊,买家要求修改收件信息,49
1115,60,就是说买一送一吗？,买家咨询活动规则,60
1116,96,请问退货可以寄顺丰吗,买家咨询是否可以微信支付,96
1117,86,会不会穿一两天脚有味道呢？,买家咨询商品是否有赠品,86
1118,98,新疆可以发货么,买家咨询是否有好评返现,98
1119,32,是整箱包装吗,买家对特定款式/颜色表达喜好,32
1120,42,颜色注意一下，不要发错了，上次就发错了,买家要求发货检查,42
1121,25,谢谢您！！已拍啦,买家表示已下单付款,25
1122,52,这个款 什么时候会有黑色,买家咨询补货/上货时间,52
1123,60,这个是买一箱送一箱吗,买家咨询活动规则,60
1124,44,去一下运费哦,买家要求改运费,44
1125,1,换不用我出运费的是吗,买家表达不满/生气,1
1126,86,买俩袋送一袋么,买家咨询商品是否有赠品,86
1127,46,我怎么没看见有撤销申请,买家要求取消退换货退款,46
1128,104,裤子码怎么没换啊,买家咨询退换货规则,104
1129,8,那我白天一起拍,买家表示马上下单付款,8
1130,24,我收到了，快递箱打开破了,买家表示已经收到货了,24
1131,104,吊牌 摘了,买家咨询退换货规则,104
1132,88,蓝色是灰蓝吗,买家咨询商品是什么颜色,88
1133,86,还能送几个吗？,买家咨询商品是否有赠品,86
1134,50,那我们刚买的先不要发货哈,买家要求延迟发货,50
1135,29,你好1，还没发货吗,买家催促发货,29
1136,86,咖啡送杯子吗,买家咨询商品是否有赠品,86
1137,89,您好，请问下我买的快递体积多大呀,买家咨询商品质量是否有保障,89
1138,77,机器外表是什么材质滴,买家咨询商品的材质/面料,77
1139,1,真的无语了,买家表达不满/生气,1
1140,0,问题是我买的贵呀,买家抱怨商品涨价了,0
1141,106,催快递哈亲,买家咨询退换货支持快递,106
1142,105,绝望吧,买家咨询退换货运费由谁承担,105
1143,102,这个奶茶，不送杯子什么的吗,买家咨询是否有味道,102
1144,2,这个毛领不是很好看,买家表达赞美/满意,2
1145,4,你们货从哪里发过来,买家表示地址正确,4
1146,1,那不是搞笑了，最大的那个尺寸比借口的口还大,买家表达不满/生气,1
1147,23,你们那边注意查收一下，,买家表示要重拍,23
1148,21,好的，那买条试试,买家表示先买来试试,21
1149,65,刺绣图案可以定制吗,买家咨询能否定制,65
1150,99,现在买可优惠吗,买家咨询是否有活动,99
1151,16,我说地址不改了，你怎么给我改了,买家表示收件信息不需要修改了,16
1152,67,可以开专票不,买家咨询能否开发票及发票类型和寄送时间,67
1153,96,快递到哪了咋还在广东那边,买家咨询是否可以微信支付,96
1154,103,订单编号？是什么？,买家咨询退换货地址,103
1155,95,你好，运费怎么退啊,买家咨询是否可以拒收,95
1156,49,把地址给我改一下亲,买家要求修改收件信息,49
1157,90,一个面包大概多少克,买家咨询商品重量,90
1158,46,算了，我那件衣服不换新了,买家要求取消退换货退款,46
1159,105,运费我垫付的呢,买家咨询退换货运费由谁承担,105
1160,82,看到快递签收了,买家咨询商品区别,82
1161,5,嗯嗯 那个我就扔了,买家表示好的,5
1162,60,我看你们的活动是第二件半价呀,买家咨询活动规则,60
1163,77,两份净重四斤？,买家咨询商品的材质/面料,77
1164,78,在呢亲亲,买家咨询商品的色差问题,78
1165,71,我退回去的马甲你们收到了？,买家咨询如何领取优惠券,71
1166,22,申请换货请同意,买家表示需要退货退款,22
1167,36,刚快递打电话联系我说包装破损，里面食品少了,买家反馈收到的商品有问题,36
1168,88,货没到，我点收货了,买家咨询商品是什么颜色,88
1169,47,草莓干和小草莓有什么区别,买家要求添加商家微信,47
1170,80,哦嗯嗯那好吧,买家咨询商品价格,80
1171,57,185拍不了啊,买家咨询返现金额,57
1172,49,记得给我一下快递单号,买家要求修改收件信息,49
1173,23,帮我处理一下退款，拍错了，想重新拍,买家表示要重拍,23
1174,83,你们家大概什么时候又上新呢,买家咨询商品上新时间,83
1175,49,不要意思，地址错了,买家要求修改收件信息,49
1176,48,好的，改邮费吧,买家要求退运费,48
1177,111,这个快递什么情况,买家咨询物流信息,111
1178,60,你们家的衣服可以用购物津贴吗,买家咨询活动规则,60
1179,1,你发错货了，还要好评有点过分了,买家表达不满/生气,1
1180,104,没有洗过 吊牌还在哦,买家咨询退换货规则,104
1181,105,我裤子退过去的运费,买家咨询退换货运费由谁承担,105
1182,99,其他有没有第二份半价？,买家咨询是否有活动,99
1183,22,打算退换下,买家表示需要退货退款,22
1184,65,可以订1米x1.8吗？？,买家咨询能否定制,65
1185,19,宝贝拍错了可以重拍吗？,买家表示无法下单,19
1186,58,我的退货已经收到了，可以退款了吗,买家咨询返现时间,58
1187,25,刚才去吃饭了 不好意思,买家表示已下单付款,25
1188,86,单杆能送两个铃铛吗,买家咨询商品是否有赠品,86
1189,87,就退3元是吧,买家咨询商品是否有质保，质保多久,87
1190,74,其他快递不是很方便,买家咨询商家是否收到寄回的商品,74
1191,105,不合适换的话是不是退要自己付运费,买家咨询退换货运费由谁承担,105
1192,73,你不是在杭州吗,买家咨询商家发货地,73
1193,5,我知道衣长,买家表示好的,5
1194,0,价格不就贵了吗,买家抱怨商品涨价了,0
1195,33,不拉黑不举报的都是小帅哥小仙女~么么哒，那就不打扰您了，有需要联系哦，生意兴隆呀！,买家发送结束语,33
1196,40,我买十个大号的也不能优惠吗？,买家需要商品推荐,40
1197,31,亲在不在？,买家打招呼,31
1198,52,如果发过来了，能查下到哪了吗，？我什么时候能拿到，？,买家咨询补货/上货时间,52
1199,29,不发货，那就退货吧,买家催促发货,29
1200,95,确定是棉的对吧？,买家咨询是否可以拒收,95
1201,52,嗯我看看其他款的吧,买家咨询补货/上货时间,52
1202,58,还有我买了4件，现在收货是不是返现最便宜的,买家咨询返现时间,58
1203,73,你那边是哪里发过来呢,买家咨询商家发货地,73
1204,44,我没买运费险换的话是不是得自己付运费,买家要求改运费,44
1205,40,可千万不要发错哇,买家需要商品推荐,40
1206,95,黑袋子和白袋子什么区别,买家咨询是否可以拒收,95
1207,48,运费怎么还不给退啊,买家要求退运费,48
1208,53,现货当天能到吗,买家咨询到货时间,53
1209,13,这个和304的有区别吗,买家表示商品已经寄回去了,13
1210,60,9.9买一箱送一箱,买家咨询活动规则,60
1211,74,涨价了 /:018,买家咨询商家是否收到寄回的商品,74
1212,22,没穿，吊牌再,买家表示需要退货退款,22
1213,81,9.9元的和其他的什么区别,买家咨询商品具体尺码尺寸,81
1214,0,黑色不要这么贵啊,买家抱怨商品涨价了,0
1215,15,我都买好几次了,买家表示是老顾客,15
1216,46,。。。那怎么取消呢,买家要求取消退换货退款,46
1217,58,返现金是吧,买家咨询返现时间,58
1218,107,退货原因写啥,买家咨询退货退款原因选什么,107
1219,3,难道投诉一下你们才管吗？我之前的快递，客服一直推脱，不管，就像你们这个 一模一样，我投诉了一下，那家伙，快递都没停过，那叫一个快呀，都到天水市了,买家表示不想要了,3
1220,65,这个能订制吗,买家咨询能否定制,65
1221,67,我发票开了,买家咨询能否开发票及发票类型和寄送时间,71
1222,30,我的货你们收到了 快点给我换发出来,买家催促回复,30
1223,111,今天不能发我就发顺丰啊,买家咨询物流信息,111
1224,24,已收到了,买家表示已经收到货了,24
1225,74,衣服应该已经到了吧,买家咨询商家是否收到寄回的商品,74
1226,29,没有撤销退货的申请,买家催促发货,29
1227,3,你好，麻烦截回，不要了,买家表示不想要了,3
1228,110,物流查不了   现在到了哪里？,买家咨询退款时间,110
1229,86,双十一直接53吗,买家咨询商品是否有赠品,86
1230,22,亲：我现右需要申请退款吗？,买家表示需要退货退款,22
1231,94,那我现在下单  你把价格改成113行吗,买家咨询是否可以改价,94
1232,93,你们可以发顺丰吗？我补差价,买家咨询是否可以发顺丰,93
1233,43,我拍错了你再帮我改成3XL,买家要求改商品信息,43
1234,1,十五天就过分啦,买家表达不满/生气,1
1235,63,寄邮政吗？,买家咨询哪款更好,63
1236,75,最大的收纳的火车是塑料的还是铝合金,买家咨询商品包装,75
1237,100,500g有几个,买家咨询是否有买家秀,100
1238,111,亲 发的什么快递,买家咨询物流信息,111
1239,40,哎呀 骗子,买家需要商品推荐,40
1240,102,带香味？,买家咨询是否有味道,102
1241,7,拍那个500g2送500g2的话  要拍好多,买家表示麻烦卖家，表达感谢,7
1242,111,物流不动了呢，,买家咨询物流信息,111
1243,24,货已收到了！,买家表示已经收到货了,24
1244,103,我刚刚在你家买的东西，我想修改地址,买家咨询退换货地址,103
1245,50,现在下单  什么时候可以发货,买家要求延迟发货,50
1246,97,那我不要中通，其他都可以,买家咨询是否可以指定快递,97
1247,0,这瓶批发什么价的,买家抱怨商品涨价了,0
1248,63,好的，谢谢呀,买家咨询哪款更好,63
1249,51,一共发多少个呀,买家要求延长收货时间,51
1250,79,6个有多少重量,买家咨询商品规格数量,79
1251,98,亲 ，好评返现吗,买家咨询是否有好评返现,98
1252,77,这个是皮衣吗？,买家咨询商品的材质/面料,77
1253,60,纯蛋糕6块就要24元吗,买家咨询活动规则,60
1254,26,为啥优惠券不能用啊,买家表示优惠券无法使用,26
1255,76,亲，质保多长时间呢,买家咨询商品产地,76
1256,9,我把那个给填好了，你把地址发过来,买家表示拍错了,9
1257,80,怎么退款？买一送一的那个,买家咨询商品价格,80
1258,60,双12什么活动啊,买家咨询活动规则,60
1259,54,裤子和T恤大概什么时候发货？,买家咨询发货时间,54
1260,1,我东西都没拿到就叫我评价，也太过分了吧,买家表达不满/生气,1
1261,49,本来我不是说地址写错了，,买家要求修改收件信息,49
1262,38,现在下单最低价格多少给我,买家讨价还价,38
1263,114,自行寄回和上门取件都有运费险退吗,买家咨询运费险赔付规则,114
1264,60,这个拍两份发几个,买家咨询活动规则,60
1265,84,毛领不是预售不可以,买家咨询商品是不是预售款,84
1266,30,好好和你说话,买家催促回复,30
1267,105,这个是退换你们都负责邮费的对吧,买家咨询退换货运费由谁承担,105
1268,77,这是亮皮的还是磨砂皮的呀,买家咨询商品的材质/面料,77
1269,66,老板我买了一起开票，一起寄过来谢谢,买家咨询能否分开/一起发货,66
1270,89,已下单，请保证质量问题哦,买家咨询商品质量是否有保障,89
1271,111,怎么都没物流了？,买家咨询物流信息,111
1272,57,送腰带吗 /:^$^,买家咨询返现金额,57
1273,90,怎么没显示多少克呢,买家咨询商品重量,90
1274,84,谁真皮的吗？,买家咨询商品是不是预售款,84
1275,5,嗯嗯快点吧,买家表示好的,5
1276,79,3斤多少个,买家咨询商品规格数量,79
1277,92,这件参与三件九折的活动吗？,买家咨询是否可以打折,92
1278,36,质量真的差，差评,买家反馈收到的商品有问题,36
1279,113,你好   我看咱们写的退换运费是你们出的,买家咨询运费金额,113
1280,12,码搞错了,买家表示商家发错货了,12
1281,117,你好，请问一下新疆发什么快递呢,买家咨询自己的旺旺昵称,117
1282,1,所以我就烦恼了,买家表达不满/生气,1
1283,49,哦哦麻烦帮我改一下地址可以么,买家要求修改收件信息,49
1284,104,那个牌子剪了也可以吗,买家咨询退换货规则,104
1285,60,这件外套参与400-50的活动吗,买家咨询活动规则,60
1286,31,辛亲你好,买家打招呼,31
1287,92,你好，我买四件衣服怎么打8.8折,买家咨询是否可以打折,92
1288,0,你们搞笑吧，我买的头绳，你们给我寄个梳子，什么意思啊,买家抱怨商品涨价了,0
1289,6,亲  今天准备去寄,买家表示具体时间寄回去,6
1290,25,我拍了两次,买家表示已下单付款,25
1291,20,亲。我地址错了。可以改嘛,买家表示物流太慢了,20
1292,67,不可以啊，要单子。不能开电子发票吗,买家咨询能否开发票及发票类型和寄送时间,67
1293,31,到现在没人和我联系！！！！？？？,买家打招呼,31
1294,59,可以换吗发货了没有。,买家咨询换货发货时间,59
1295,60,都够我再买一箱了,买家咨询活动规则,60
1296,72,第三件0元怎么拍？,买家咨询如何下单,72
1297,12,今天就给发吧,买家表示商家发错货了,12
1298,80,480克的吗？,买家咨询商品价格,80
1299,111,这个东西我不要了我没收到,买家咨询物流信息,111
1300,60,活动室买一送一吗,买家咨询活动规则,60
1301,65,可以来图订做吗,买家咨询能否定制,65
1302,105,退换货还要自己出运费？,买家咨询退换货运费由谁承担,105
1303,82,听版的麦有什么区别,买家咨询商品区别,82
1304,92,打点折呗,买家咨询是否可以打折,92
1305,12,你们会参加双11购物津贴活动嘛,买家表示商家发错货了,12
1306,24,亲收到啦,买家表示已经收到货了,24
1307,65,有可以定制图案的吗,买家咨询能否定制,65
1308,60,在吗，买一送一的那个款怎么退的,买家咨询活动规则,60
1309,8,可以买两条裤子,买家表示马上下单付款,8
1310,52,像灰色，但是说是黑色啊,买家咨询补货/上货时间,52
1311,60,你好，我这个买二送一，能不能下两单都买一个然后送一个呢？,买家咨询活动规则,60
1312,26,亲，你们现在有没有优惠券啊！,买家表示优惠券无法使用,26
1313,75,气味太重了,买家咨询商品包装,75
1314,48,你好，请问10元运费什么时候退给我？,买家要求退运费,48
1315,22,我17号就申请退货退款,买家表示需要退货退款,22
1316,9,我多买了一个衣服,买家表示拍错了,9
1317,16,18988096554只有更换号码，地址不变。,买家表示收件信息不需要修改了,16
1318,65,请问可以定制吗,买家咨询能否定制,65
1319,90,700克小面包是净重吗,买家咨询商品重量,90
1320,69,亲，是不是你们系统那里设定的是三块钱呢？,买家咨询偏远地区是否发货,69
1321,97,投诉你们都不嫌过分,买家咨询是否可以指定快递,97
1322,17,好 那裙子明天能发货吗,买家表示送人的,17
1323,107,退货原因选哪个？,买家咨询退货退款原因选什么,107
1324,5,嗯哒,买家表示好的,5
1325,82,2行的有什么区别,买家咨询商品区别,82
1326,22,好的  我已申请换货了，你同意一下,买家表示需要退货退款,22
1327,29,麻烦尽快发货,买家催促发货,29
1328,104,都在呢，没有洗,买家咨询退换货规则,104
1329,23,一件重新拍了,买家表示要重拍,27
1330,57,你家这个参加双12了吗？,买家咨询返现金额,57
1331,40,我当时拍的就是44的，是你们发错了货,买家需要商品推荐,40
1332,41,您好，这个一个多少克？,买家要求补偿,41
1333,33,为什么满了99不能减40,买家发送结束语,33
1334,79,这个一袋有多少个呢,买家咨询商品规格数量,79
1335,86,给我送一个杯子吗,买家咨询商品是否有赠品,86
1336,93,啊 可以用顺丰吗,买家咨询是否可以发顺丰,93
1337,14,嗯 稍等 我让我妈给我发一下,买家表示稍等,14
1338,99,有好评晒图收货返现吗,买家咨询是否有活动,99
1339,9,3xl没了，难受,买家表示拍错了,9
1340,97,可以备注发邮政快递吗？,买家咨询是否可以指定快递,97
1341,60,哦，你们好像不能叠加购物津贴的吧,买家咨询活动规则,60
1342,77,打气筒手柄是什么材料？,买家咨询商品的材质/面料,77
1343,77,啥材料的表面,买家咨询商品的材质/面料,77
1344,82,这款布料跟牛油果那款布料是一样的吗？,买家咨询商品区别,82
1345,27,我有点看不懂，哈哈哈哈哈,买家表示有疑问/不理解,27
1346,47,加了微信了，没有人给我返现44啊？,买家要求添加商家微信,47
1347,52,500的大概什么时候可以有,买家咨询补货/上货时间,52
1348,30,产地是哪里呀,买家催促回复,30
1349,20,让黄子韬催催快递噢,买家表示物流太慢了,20
1350,90,一包是多少千克的,买家咨询商品重量,90
1351,97,你们家寄的什么快递,买家咨询是否可以指定快递,97
1352,60,下单两个地方满120不能减20？？,买家咨询活动规则,60
1353,35,9.9多少个的,买家发送支付宝账号,35
1354,80,30个重量有多少？,买家咨询商品价格,80
1355,41,她们说赔钱给我，让我再买一份,买家要求补偿,41
1356,60,亲怎么是买一箱送一箱,买家咨询活动规则,60
1357,49,亲，地址我改一下。,买家要求修改收件信息,49
1358,38,我是朋友介绍来的可以优惠吗？,买家讨价还价,38
1359,59,亲！能改下尺码吗？,买家咨询换货发货时间,59
1360,30,那补我10嘛/:811,买家催促回复,30
1361,1,我是超喜欢你家衣服的，但是你不能让我这么失望吧,买家表达不满/生气,1
1362,67,你好 挂钩我要120个 可以开发票吗,买家咨询能否开发票及发票类型和寄送时间,67
1363,3,我想当睡衣穿，起球就不要了,买家表示不想要了,3
1364,24,寄过来的衣服收到了吗,买家表示已经收到货了,24
1365,97,我要发邮政,买家咨询是否可以指定快递,97
1366,31,这件裙子不要了啊,买家打招呼,31
1367,86,亲送的勺子呢？,买家咨询商品是否有赠品,86
1368,86,这个买一盒送收纳箱吗？,买家咨询商品是否有赠品,86
1369,75,所以麻烦帮忙包装结实些，多粘些胶带啥的,买家咨询商品包装,75
1370,8,都已经两天了哈,买家表示马上下单付款,8
1371,41,江西九江大概多久可以到？,买家要求补偿,41
1372,60,你好，我想问下你家这款商品可以在双十一那天用购物津贴吗,买家咨询活动规则,60
1373,49,浙江省宁波市海曙区学院路899号宁波财经学院,买家要求修改收件信息,49
1374,12,亲是不是发错货了呢,买家表示商家发错货了,12
1375,60,那退换货运费怎么算 /:^_^,买家咨询活动规则,60
1376,87,不加绒我不买,买家咨询商品是否有质保，质保多久,87
1377,90,这个价钱是多重？,买家咨询商品重量,90
1378,106,您好，换货的话，我可以发圆通快递吗,买家咨询退换货支持快递,106
1379,14,这款参加400减50吗？,买家表示稍等,14
1380,60,跨店每满200就减20?,买家咨询活动规则,60
1381,86,买二送一吗？,买家咨询商品是否有赠品,86
1382,59,换的寄出来了吗,买家咨询换货发货时间,59
1383,97,不是中通就可以了,买家咨询是否可以指定快递,97
1384,29,你好  发票咋没收到,买家催促发货,29
1385,104,你好 这个运费险怎么退,买家咨询退换货规则,104
1386,91,我回去看看,买家咨询什么颜色好看,91
1387,0,亲你好，我要遇货退款,买家抱怨商品涨价了,0
1388,38,这个还有没有。,买家讨价还价,38
1389,99,这三个可以参加买三免一吗,买家咨询是否有活动,99
1390,52,什么时候会有的啊,买家咨询补货/上货时间,52
1391,36,用什么外包装,买家反馈收到的商品有问题,36
1392,117,好的，发邮政快递谢谢！,买家咨询自己的旺旺昵称,117
1393,60,买三送二，多钱,买家咨询活动规则,60
1394,60,拍2瓶送几瓶？,买家咨询活动规则,60
1395,83,咱们下架的衣服还会上新吗,买家咨询商品上新时间,83
1396,75,好吧，我考虑考虑呀,买家咨询商品包装,75
1397,77,今天发可以发顺丰走吗,买家咨询商品的材质/面料,77
1398,65,可以定制一张吗,买家咨询能否定制,65
1399,73,是杭州发货的么,买家咨询商家发货地,73
1400,65,帮我刻名字上面,买家咨询能否定制,65
1401,49,你们到时给我改下地址嘛,买家要求修改收件信息,49
1402,1,我咋感觉你在骗我,买家表达不满/生气,1
1403,8,我还准备买衣服,买家表示马上下单付款,8
1404,78,是的，3个快递都收到了,买家咨询商品的色差问题,78
1405,99,下面这个是订单编号么,买家咨询是否有活动,99
1406,23,你退钱给我，我还要重新买,买家表示要重拍,23
1407,29,怎么我的包好今天了还没发,买家催促发货,29
1408,57,好了到货返10块哦,买家咨询返现金额,57
1409,63,那我现在下单 最快什么时候发货啊,买家咨询哪款更好,63
1410,82,58的和55的有啥区别,买家咨询商品区别,82
1411,59,我快递寄过去了吗,买家咨询换货发货时间,59
1412,86,杯子是送两个是吗,买家咨询商品是否有赠品,86
1413,87,在吗这个订单还可以开电子发票吗,买家咨询商品是否有质保，质保多久,87
1414,82,乌冬面都是一样的？,买家咨询商品区别,82
1415,80,150个多少钱啊,买家咨询商品价格,80
1416,90,那1kg的呢,买家咨询商品重量,90
1417,97,没有其他快递了么,买家咨询是否可以指定快递,97
1418,53,那你尽量快点呀,买家咨询到货时间,53
1419,54,现在拍什么时候能发货！,买家咨询发货时间,54
1420,105,嗯嗯，怎么换货呢？,买家咨询退换货运费由谁承担,105
1421,1,嗯嗯  需要联系   不打扰您了,买家表达不满/生气,1
1422,29,说3天内发货为啥还不发,买家催促发货,29
1423,104,两件两件我一撤销退款了,买家咨询退换货规则,104
1424,82,这两款高腰的有什么区别吗,买家咨询商品区别,82
1425,65,能帮我下单的那件黑色的衣服换成白色的吗？,买家咨询能否定制,65
1426,58,请问我现在确认收货可以返现吗,买家咨询返现时间,58
1427,55,可以指定申通或者韵达吗？,买家咨询发什么快递,55
1428,104,您好怎么调换尺码,买家咨询退换货规则,104
1429,60,平常泡水喝要选哪个,买家咨询活动规则,60
1430,66,大概什么可以发,买家咨询能否分开/一起发货,66
1431,104,收到后不合适可以退换么,买家咨询退换货规则,104
1432,113,我要10多少钱,买家咨询运费金额,113
1433,49,你好我怎么改地址,买家要求修改收件信息,49
1434,22,算了，我还是不要了，你帮我处理一下吧，我申请退款了,买家表示需要退货退款,22
1435,86,不送勺子啊,买家咨询商品是否有赠品,86
1436,44,那取消退货吧,买家要求改运费,44
1437,85,问下138和178区别在哪,买家咨询商品是否可以单买/单卖,85
1438,108,我上次的那个衣服寄过去了，收到了吗,买家咨询退款金额,108
1439,24,那个我退回去的货你们收到了吗,买家表示已经收到货了,24
1440,9,哦好吧，我拍错号了,买家表示拍错了,9
1441,4,嗯，可以到。地址对的,买家表示地址正确,4
1442,6,我拍的是M吧？,买家表示具体时间寄回去,6
1443,49,不改地址，改什么地址呀,买家要求修改收件信息,49
1444,21,现在买有什么优惠么亲,买家表示先买来试试,21
1445,54,你好今天买了会发货吗,买家咨询发货时间,54
1446,110,我已经拒收几天了，可以退款了吗,买家咨询退款时间,110
1447,60,货收到了，怎么退买一送一,买家咨询活动规则,60
1448,59,那是你们收到货才能再给我发吗,买家咨询换货发货时间,59
1449,60,这不是买一送一吗？,买家咨询活动规则,60
1450,75,是一个个单独包装吗,买家咨询商品包装,75
1451,47,封口切口有什么区别啊,买家要求添加商家微信,47
1452,38,不能优惠5元吗,买家讨价还价,38
1453,34,2个买一送一组合嘛？,买家发送开票信息,34
1454,49,你好，不好意思，我刚才看到地址不对,买家要求修改收件信息,49
1455,82,这两个面包不一样,买家咨询商品区别,82
1456,89,又发错了，算了，懒得退了,买家咨询商品质量是否有保障,89
1457,60,我要优惠券，没卷我买其它家,买家咨询活动规则,60
1458,66,快递可以指定韵达或申通吗？,买家咨询能否分开/一起发货,66
1459,54,那估计什么时候可以发货呢,买家咨询发货时间,54
1460,114,运费险也还没退给我,买家咨询运费险赔付规则,114
1461,100,可是你现在不优惠啊？,买家咨询是否有买家秀,100
1462,97,有送搅棒吗,买家咨询是否可以指定快递,97
1463,59,可以帮我换个收货地址吗,买家咨询换货发货时间,59
1464,60,有没有跨店满400元，优惠50元？,买家咨询活动规则,60
1465,71,多少钱一斤玫瑰花,买家咨询如何领取优惠券,71
1466,43,多少个装,买家要求改商品信息,43
1467,77,速干的还是棉的？,买家咨询商品的材质/面料,77
1468,7,帮忙挑件好点的谢谢,买家表示麻烦卖家，表达感谢,7
1469,106,退货能用圆通吗？,买家咨询退换货支持快递,106
1470,52,米色L还补货吗,买家咨询补货/上货时间,52
1471,20,可以的 谢谢,买家表示物流太慢了,20
1472,105,如果到时候尺码不对退换包邮吗,买家咨询退换货运费由谁承担,105
1473,114,"你好亲,我已经弄好了运费险怎么弄啊",买家咨询运费险赔付规则,114
1474,0,我这情况运费谁出？,买家抱怨商品涨价了,0
1475,99,看写着8月2号活动,买家咨询是否有活动,99
1476,59,发票随货发吧,买家咨询换货发货时间,59
1477,72,没小包多少克,买家咨询如何下单,72
1478,6,晚上给你发吧,买家表示具体时间寄回去,6
1479,77,定制只有灰色的,买家咨询商品的材质/面料,77
1480,38,我拍红色上衣加打底衫，最低多少钱？,买家讨价还价,38
1481,48,衣服钱退了，运费没退,买家要求退运费,48
1482,61,发出的时候单号发给我一下,买家咨询快递单号,61
1483,22,衣服收到了，但是穿上后感觉小了，能退吗,买家表示需要退货退款,22
1484,97,求求不要天天,买家咨询是否可以指定快递,97
1485,98,今天发么？,买家咨询是否有好评返现,98
1486,17,我周五要送人了哦,买家表示送人的,17
1487,97,发中通快递谢谢配合,买家咨询是否可以指定快递,97
1488,25,先退了 重拍,买家表示已下单付款,25
1489,60,买一送3啥意思,买家咨询活动规则,60
1490,82,好的，不合适能不能退换,买家咨询商品区别,82
1491,37,老板我的地址写错了，怎么改,买家确认地址是否修改成功,37
1492,31,掌柜在吗？,买家打招呼,31
1493,78,白色色差太大了,买家咨询商品的色差问题,78
1494,65,好的??最近有没有什么优惠活动？,买家咨询能否定制,65
1495,77,袖子是皮面的吗,买家咨询商品的材质/面料,77
1496,97,能指定百世快递吗,买家咨询是否可以指定快递,97
1497,47,微信添加不上喔,买家要求添加商家微信,47
1498,55,满200不是优惠10元吗？,买家咨询发什么快递,55
1499,13,亲 一个有几克,买家表示商品已经寄回去了,13
1500,108,现在买70块的到时你再退11给我对吗,买家咨询退款金额,108
1501,104,吊牌还没拆哈。,买家咨询退换货规则,104
1502,79,买1000g送1000g一共几箱大致多少个,买家咨询商品规格数量,79
1503,90,一箱600克？,买家咨询商品重量,90
1504,64,给我发到付,买家咨询能否到付,64
1505,109,裤子收到了吗，我看快递签收了哦,买家咨询退款去向,109
1506,8,可是不知道怎么拍,买家表示马上下单付款,8
1507,81,这条裤双十一有没有活动啊！亲,买家咨询商品具体尺码尺寸,81
1508,90,这个有几包,买家咨询商品重量,90
1509,7,现在还有这么不负责任的商家 /:066,买家表示麻烦卖家，表达感谢,7
1510,38,老客户了优惠点呗,买家讨价还价,38
1511,12,颜色不是浅色的吧,买家表示商家发错货了,12
1512,19,羽绒服拍不了,买家表示无法下单,19
1513,106,哦哦   明天有什么活动啊,买家咨询退换货支持快递,106
1514,49,地址对了嘎,买家要求修改收件信息,49
1515,104,衣服刚洗了,买家咨询退换货规则,104
1516,90,一箱多少g,买家咨询商品重量,90
1517,93,这雪花酥我不要了,买家咨询是否可以发顺丰,93
1518,111,送双袜子,买家咨询物流信息,111
1519,78,我看中B款紫色,买家咨询商品的色差问题,78
1520,50,我的这个毛衣先别发货,买家要求延迟发货,50
1521,105,退换货后，邮费还退我吗？,买家咨询退换货运费由谁承担,105
1522,83,加绒款什么时候上新呢,买家咨询商品上新时间,83
1523,94,加厚加绒的区别在哪,买家咨询是否可以改价,94
1524,27,没看懂……,买家表示有疑问/不理解,27
1525,6,今天刚去寄的快递,买家表示具体时间寄回去,6
1526,70,四斤虾是含冰一起的重量吗？,买家咨询如何加入会员,70
1527,109,你这个发申通就可以,买家咨询退款去向,109
1528,7,我再考虑考虑，感谢推荐，麻烦了,买家表示麻烦卖家，表达感谢,7
1529,7,嗯嗯嗯，麻烦啦,买家表示麻烦卖家，表达感谢,7
1530,19,支付宝13262617132,买家表示无法下单,19
1531,19,拍不了啊啊啊,买家表示无法下单,19
1532,49,我现在买享优惠价吗,买家要求修改收件信息,49
1533,3,不能直接返支付宝么,买家表示不想要了,3
1534,7,蟹蟹啦,买家表示麻烦卖家，表达感谢,7
1535,23,那我们拍下了,买家表示要重拍,23
1536,1,这是醉了,买家表达不满/生气,1
1537,25,在吗我的已经付款了,买家表示已下单付款,25
1538,97,请用申通、邮政发货,买家咨询是否可以指定快递,97
1539,46,我不会退款的,买家要求取消退换货退款,46
1540,102,这款味道有点大,买家咨询是否有味道,102
1541,66,你这边是拍一发二吗？,买家咨询能否分开/一起发货,66
1542,63,预售款有啥区别呢,买家咨询哪款更好,63
1543,54,那这款今晚下单，明天能发货吗？,买家咨询发货时间,54
1544,73,从哪里发出的,买家咨询商家发货地,73
1545,81,快递补贴怎么退,买家咨询商品具体尺码尺寸,81
1546,80,我说多少钱一斤,买家咨询商品价格,80
1547,58,51.3我拍下改价,买家咨询返现时间,58
1548,79,花瓣两小袋里是两百片？,买家咨询商品规格数量,79
1549,50,我不是让晚点发货吗,买家要求延迟发货,50
1550,81,668的什么材料,买家咨询商品具体尺码尺寸,81
1551,102,那个味道还是很重,买家咨询是否有味道,102
1552,11,你好，地址发错了吗？到现在还没有收到，怎么发到山东去了，我是江苏徐州,买家表示商家发错地址,11
1553,16,电话名字就不要改了,买家表示收件信息不需要修改了,16
1554,109,不是已经到万州的吗？怎么上面写的是返回呀？,买家咨询退款去向,109
1555,61,还有没有,买家咨询快递单号,61
1556,61,老板，换货的物流单号是多少,买家咨询快递单号,61
1557,49,修改一下电话吧,买家要求修改收件信息,49
1558,82,你这个经典款的和升级款的什么区别？,买家咨询商品区别,82
1559,74,算了不改了,买家咨询商家是否收到寄回的商品,74
1560,78,两条装与一条装啥区别,买家咨询商品的色差问题,78
1561,108,怎么就退一条裤子的钱,买家咨询退款金额,108
1562,52,什么时候有结果,买家咨询补货/上货时间,52
1563,102,送两个正装吗,买家咨询是否有味道,102
1564,55,我退货的快递是韵达的也不可以吗？,买家咨询发什么快递,55
1565,10,我已经通知拒收了,买家表示伤心难过,10
1566,60,买一送二是买一个发两盒吗？,买家咨询活动规则,60
1567,43,问题我还没有洗,买家要求改商品信息,43
1568,105,亲，你给退运费吗,买家咨询退换货运费由谁承担,105
1569,71,第二件不是半价吗,买家咨询如何领取优惠券,71
1570,19,昨天下午还买了一条今天同事叫帮买买不了,买家表示无法下单,19
1571,16,亲我不修改地址,买家表示收件信息不需要修改了,16
1572,46,我这边是申请退货是吧,买家要求取消退换货退款,46
1573,22,还是我申请退款退货再从新拍,买家表示需要退货退款,22
1574,25,我问的你好好回答一下,买家表示已下单付款,25
1575,73,从哪里发货？海南多少天能到呢？,买家咨询商家发货地,73
1576,78,你好，我觉得有色差,买家咨询商品的色差问题,78
1577,61,换的衣服单号是多少,买家咨询快递单号,61
1578,82,你好，问下加绒和厚绒有什么区别,买家咨询商品区别,82
1579,29,今天不发货我退了,买家催促发货,29
1580,89,回来看质量，质量好了再关注,买家咨询商品质量是否有保障,89
1581,79,亲，看了质保24个月啊,买家咨询商品规格数量,79
1582,7,谢谢。麻烦了,买家表示麻烦卖家，表达感谢,7
1583,49,修改地址：云南省保山市腾冲市公安局,买家要求修改收件信息,49
1584,97,麻烦用邮政快递,买家咨询是否可以指定快递,97
1585,90,那到时候不会说我的毛衣不属于活动不给我返现吧,买家咨询商品重量,90
1586,77,你好地址选错了可以改吗，我们公司已经搬家了不在那里了,买家咨询商品的材质/面料,77
1587,40,我看的是电脑 有链接给我吗,买家需要商品推荐,40
1588,3,买了那么多次了，就不能送两个吗,买家表示不想要了,3
1589,53,这款能今天帮我发顺丰吗,买家咨询到货时间,53
1590,74,哦、退到哪？,买家咨询商家是否收到寄回的商品,74
1591,97,韵达圆通远不给送，麻烦备注尽量发别的,买家咨询是否可以指定快递,97
1592,104,就是确认收货后返现那种是吧？,买家咨询退换货规则,104
1593,106,我给你备注了申通或邮政你这个中通我现在收不了,买家咨询退换货支持快递,106
1594,67,上次的发票开了吗,买家咨询能否开发票及发票类型和寄送时间,67
1595,55,你好，发邮政吗？,买家咨询发什么快递,55
1596,110,您好，我突然不想要这个了,买家咨询退款时间,110
1597,110,那活动的返现金额呢,买家咨询退款时间,110
1598,67,记得给我开发票哈,买家咨询能否开发票及发票类型和寄送时间,67
1599,113,老顾客了优惠点吧,买家咨询运费金额,113
1600,60,不是第二件半价吗,买家咨询活动规则,60
1601,32,黑色有没有色差？,买家对特定款式/颜色表达喜好,32
1602,9,他喜欢穿把屁股遮了的,买家表示拍错了,9
1603,34,贵的先不发货啦,买家发送开票信息,34
1604,94,客服在吗，改价啦,买家咨询是否可以改价,94
1605,89,你看长裤还有质量好的吗,买家咨询商品质量是否有保障,89
1606,79,24.8元是多少重量？,买家咨询商品规格数量,79
1607,83,地址错了，应该是：临湘市长安街道连心路69号，张霞，19967047815,买家咨询商品上新时间,83
1608,49,双十一当天可以改地址吗,买家要求修改收件信息,49
1609,1,买错了，要买加绒的买成单的了,买家表达不满/生气,1
1610,60,双十一的时候优惠一些吧,买家咨询活动规则,60
1611,3,我刚才拍错了，但是取消了,买家表示不想要了,3
1612,99,如果重新购买就没办法有双11优惠了,买家咨询是否有活动,99
1613,25,不改价的吗？,买家表示已下单付款,25
1614,99,奶茶买一箱能送一杯吗,买家咨询是否有活动,99
1615,54,就是晚点发货,买家咨询发货时间,54
1616,60,双十一也可以参加跨店满减的是吧,买家咨询活动规则,60
1617,77,垫里面是什么材料,买家咨询商品的材质/面料,77
1618,25,40包多重,买家表示已下单付款,25
1619,65,我想重新拍 /:085,买家咨询能否定制,65
1620,4,黑白，L码，地址正确。,买家表示地址正确,4
1621,60,不是满89减20元吗？怎么用这个优惠券,买家咨询活动规则,60
1622,55,广西南宁发什么快递,买家咨询发什么快递,55
1623,67,多少可以开专票呀？,买家咨询能否开发票及发票类型和寄送时间,67
1624,4,前面的地址都是对的,买家表示地址正确,4
1625,1,这个快递我这不方便,买家表达不满/生气,1
1626,15,一直买你家的衣服，质量也好，习惯了,买家表示是老顾客,15
1627,55,你这一般是啥快递发啊,买家咨询发什么快递,55
1628,99,哦，100元券哪里领,买家咨询是否有活动,99
1629,97,不可以指定快递是么,买家咨询是否可以指定快递,97
1630,22,那帮我退一件,买家表示需要退货退款,22
1631,73,好的，你们在哪里发货啊,买家咨询商家发货地,73
1632,78,帮我查下快递,买家咨询商品的色差问题,78
1633,99,这款现在还有买一送一吗,买家咨询是否有活动,99
1634,80,我拍滴两份，是两包吗,买家咨询商品价格,80
1635,75,都是没有棉的吗,买家咨询商品包装,75
1636,65,亲，可以给收据不,买家咨询能否定制,65
1637,8,我拍喽,买家表示马上下单付款,8
1638,78,这东西怎么这么刺鼻  喷了一点上去整个房间都是刺鼻味道,买家咨询商品的色差问题,78
1639,48,嗯都是换，我说运费,买家要求退运费,48
1640,80,我买这个也是买一送一么,买家咨询商品价格,80
1641,50,今天不能发货吗,买家要求延迟发货,50
1642,97,我要中通快递,买家咨询是否可以指定快递,97
1643,60,明天不是跨店满减,买家咨询活动规则,60
1644,86,送木勺子不,买家咨询商品是否有赠品,86
1645,97,我就是急要才加钱发顺丰,买家咨询是否可以指定快递,97
1646,82,？？里面都有？质量是一样的吗？,买家咨询商品区别,82
1647,42,我想修改地址在那修改,买家要求发货检查,42
1648,63,这标题不是买4送5罐吗,买家咨询哪款更好,63
1649,106,退货可以用圆通快递吗,买家咨询退换货支持快递,106
1650,108,今天会安排发货吗？,买家咨询退款金额,108
1651,111,今天还没派送,买家咨询物流信息,111
1652,78,这款蓝色的裤子有色差吗,买家咨询商品的色差问题,78
1653,65,飘窗的可以定做吗,买家咨询能否定制,65
1654,105,退了还可以包邮吗？,买家咨询退换货运费由谁承担,105
1655,103,裤子已收到，但腰围穿上太勒了，想退货，请问退货地址在哪里？,买家咨询退换货地址,103
1656,60,双11优惠不？,买家咨询活动规则,60
1657,54,亲，我没有收到发票呢？,买家咨询发货时间,54
1658,105,退邮费你们出,买家咨询退换货运费由谁承担,105
1659,29,改价格哎,买家催促发货,29
1660,38,我就问你现在最低多钱,买家讨价还价,38
1661,22,我想拍第二份   可是不是半价啊,买家表示需要退货退款,22
1662,96,没穿洗过，吊牌也在,买家咨询是否可以微信支付,96
1663,110,是的，不退,买家咨询退款时间,110
1664,23,一个能有多重,买家表示要重拍,23
1665,66,亲你说今天给我发的,买家咨询能否分开/一起发货,66
1666,3,算了  退了吧  修改一下比我裙子还贵/:007,买家表示不想要了,3
1667,71,又领不了券,买家咨询如何领取优惠券,71
1668,101,店铺券哪里领,买家咨询是否有实体店,101
1669,71,拍了两件，优惠点吧,买家咨询如何领取优惠券,71
1670,51,好??，帮忙延时一下,买家要求延长收货时间,51
1671,46,那你帮我取消订单吧,买家要求取消退换货退款,46
1672,79,这有多少个呀，9.9的,买家咨询商品规格数量,79
1673,98,那好评有啥活动吗？,买家咨询是否有好评返现,98
1674,60,500g买一送一啊,买家咨询活动规则,79
1675,82,是有什么不同吗,买家咨询商品区别,82
1676,86,两包送杯子和勺子,买家咨询商品是否有赠品,86
1677,98,收货五星好评返现么？,买家咨询是否有好评返现,98
1678,110,一直没收到，没有流转过信息,买家咨询退款时间,110
1679,57,159，102斤,买家咨询返现金额,57
1680,110,你好，快递费没到账呀,买家咨询退款时间,110
1681,110,你什么时候会把钱退给我,买家咨询退款时间,110
1682,105,寄回的快递费是谁承担,买家咨询退换货运费由谁承担,105
1683,41,请问那条裤子补贴多少,买家要求补偿,41
1684,87,质量保证，要过关哦,买家咨询商品是否有质保，质保多久,87
1685,70,昨天没有看清买二发三,买家咨询如何加入会员,70
1686,116,亲早发货 /:^_^,买家咨询赠品是否可以自选,116
1687,40,怎么不能买唉,买家需要商品推荐,40
1688,92,双十一那天拍有折扣,买家咨询是否可以打折,92
1689,86,这款不送电池,买家咨询商品是否有赠品,86
1690,99,买了这么多,买家咨询是否有活动,99
1691,7,谢谢，给您舔麻烦了,买家表示麻烦卖家，表达感谢,7
1692,38,买四十块钱,买家讨价还价,38
1693,49,我发现地址错了能改吗,买家要求修改收件信息,49
1694,88,书和福袋收到了，谢谢您,买家咨询商品是什么颜色,88
1695,67,发票你们发我邮箱,买家咨询能否开发票及发票类型和寄送时间,67
1696,40,那就不买了，穿不了,买家需要商品推荐,40
1697,102,普通工艺的有味道啊,买家咨询是否有味道,102
1698,117,都是老老老顾客了,买家咨询自己的旺旺昵称,117
1699,31,你好，在不？亲？,买家打招呼,31
1700,55,寄顺丰不行是吧？,买家咨询发什么快递,55
1701,1,746365440692804162，为什么两天了还不发货？,买家表达不满/生气,1
1702,23,我想退货，可我把吊牌拆了,买家表示要重拍,23
1703,49,云南省  丽江市  玉龙纳西族自治县  湖畔春晓二期9栋二单元703  罗菊兰  130853311,买家要求修改收件信息,49
1704,107,能麻烦快点发货吗？,买家咨询退货退款原因选什么,107
1705,20,看着样式还不错,买家表示物流太慢了,20
1706,30,？？？啊生气,买家催促回复,30
1707,90,50包50斤？,买家咨询商品重量,90
1708,25,好哒我拍了,买家表示已下单付款,25
1709,65,你们定做吗？,买家咨询能否定制,65
1710,82,这三款价钱不一样有啥区别,买家咨询商品区别,82
1711,60,咱们店参加双十一跨店满减活动了吗,买家咨询活动规则,92
1712,22,我申请退货了,买家表示需要退货退款,22
1713,65,也能刻字,买家咨询能否定制,65
1714,67,亲 请问发票开了嘛,买家咨询能否开发票及发票类型和寄送时间,67
1715,93,这个手表有礼盒没,买家咨询是否可以发顺丰,93
1716,38,最低多少呢亲,买家讨价还价,38
1717,60,这三款参与买三免一吧,买家咨询活动规则,60
1718,71,那个券根本领不到啊,买家咨询如何领取优惠券,71
1719,108,你们收到退货没,买家咨询退款金额,108
1720,90,你好，一张多少克?,买家咨询商品重量,90
1721,2,是棉的不。前几天我买的T恤不错,买家表达赞美/满意,2
1722,18,亲新疆哈密发货吗？,买家表示无法申请退款,18
1723,114,为啥没有退运费险啊,买家咨询运费险赔付规则,114
1724,85,有粘胶单独卖吗,买家咨询商品是否可以单买/单卖,85
1725,82,这个有什么不一样？,买家咨询商品区别,82
1726,56,那现在我是怎么操作,买家咨询返现方式,56
1727,86,送的同款是小样吗,买家咨询商品是否有赠品,86
1728,85,我之前买的这个搬家了，后面的粘胶能单独买吗,买家咨询商品是否可以单买/单卖,85
1729,20,开的是专票吗,买家表示物流太慢了,20
1730,89,好的，发货时请检查，一定要保证质量哟,买家咨询商品质量是否有保障,89
1731,73,但是我要改一下地址哦,买家咨询商家发货地,73
1732,6,质量不好，不敢买,买家表示具体时间寄回去,6
1733,65,定做呢？,买家咨询能否定制,65
1734,23,我现在重新拍一件，,买家表示要重拍,23
1735,12,老板，你们发错货了,买家表示商家发错货了,12
1736,17,我问问，给别人买的,买家表示送人的,17
1737,85,我之前在你们这买了个牙刷架子，然后现在要搬家，没有买的贴得你们这有没有单独卖啊,买家咨询商品是否可以单买/单卖,85
1738,38,今天拍可以优惠点吗,买家讨价还价,38
1739,86,买了三样东西 多买多送嘛,买家咨询商品是否有赠品,86
1740,80,还有人吗？,买家咨询商品价格,80
1741,60,能帮我衣服改成红色吗,买家咨询活动规则,60
1742,7,请快点奥好吧,买家表示麻烦卖家，表达感谢,7
1743,66,我的单子有货的四件能先发么,买家咨询能否分开/一起发货,66
1744,60,我现在买500g的四袋是送同样的4袋吗,买家咨询活动规则,60
1745,46,哦，我明白了,买家要求取消退换货退款,46
1746,83,啥时候会上新,买家咨询商品上新时间,83
1747,115,一袋多少重量？,买家咨询赠品何时发货,115
1748,10,已经提交订单了，改一下价么,买家表示伤心难过,10
1749,55,邮政行不行？,买家咨询发什么快递,55
1750,72,怎么还得加财务微信？,买家咨询如何下单,72
1751,49,贵州省黔东南州侗族苗族自治州锦屏县里郎小区D5栋402号,买家要求修改收件信息,49
1752,89,你们质量有保证吗？,买家咨询商品质量是否有保障,89
1753,95,是快递到了拒收么 让他返回去么,买家咨询是否可以拒收,95
1754,52,深灰色中线款什么时候有货,买家咨询补货/上货时间,52
1755,108,那我今天把衣服给你寄回去,买家咨询退款金额,108
1756,90,虾仁多重,买家咨询商品重量,90
1757,46,我现在申请退款，重新拍,买家要求取消退换货退款,46
1758,38,老顾客可以优惠点呗,买家讨价还价,38
1759,98,怕我穿不了 买回来先试试,买家咨询是否有好评返现,98
1760,110,好的，稍等一下,买家咨询退款时间,110
1761,97,给我发百世吧  可以吗,买家咨询是否可以指定快递,97
1762,73,这是要往哪里发呀,买家咨询商家发货地,73
1763,73,如果想要换货的话怎么弄呢,买家咨询商家发货地,73
1764,85,为什么现在拍不了啊,买家咨询商品是否可以单买/单卖,85
1765,69,新疆克州发货嘛？,买家咨询偏远地区是否发货,69
1766,54,发什么快递呢 明天能发货吗,买家咨询发货时间,54
1767,105,换新机是包邮吗,买家咨询退换货运费由谁承担,105
1768,104,想都没想就拆了吊牌,买家咨询退换货规则,104
1769,22,我要退货退款,买家表示需要退货退款,22
1770,82,普通款和升级款有区别？,买家咨询商品区别,82
1771,72,哦，暂时不买,买家咨询如何下单,72
1772,20,你们这快递太慢了吧,买家表示物流太慢了,20
1773,26,我领的15的券为啥用不了呢,买家表示优惠券无法使用,26
1774,90,亲，送一箱多重的,买家咨询商品重量,90
1775,21,知道了…,买家表示先买来试试,21
1776,9,两个口味别弄错,买家表示拍错了,9
1777,82,后面几款比前面的贵，有什么区别吗？,买家咨询商品区别,82
1778,89,你好 我想问一下这个内衣质量怎么样,买家咨询商品质量是否有保障,89
1779,86,请问一下这款棉服是怎么买一送一？,买家咨询商品是否有赠品,86
1780,81,你好！两斤是一样的吗？,买家咨询商品具体尺码尺寸,81
1781,29,能不能发货几天了,买家催促发货,29
1782,65,你好！你这边可以定制这种袋子吗？,买家咨询能否定制,65
1783,97,号码不合适可以退换货么,买家咨询是否可以指定快递,97
1784,81,狗狗尺寸多大,买家咨询商品具体尺码尺寸,81
1785,79,请问一斤有多少个,买家咨询商品规格数量,79
1786,28,先别着急发货我在考虑考虑,买家表示再看看,28
1787,52,近几天还会不会有s号,买家咨询补货/上货时间,52
1788,6,这样的话贵嘛,买家表示具体时间寄回去,6
1789,66,两袋能分两个地址发货吗,买家咨询能否分开/一起发货,66
1790,22,那退货退款吧,买家表示需要退货退款,22
1791,2,这款，我夏天都是你那买的，很好穿,买家表达赞美/满意,2
1792,82,你店有没有无糖的,买家咨询商品区别,82
1793,71,发的啊什么快递,买家咨询如何领取优惠券,71
1794,29,那就快点吧,买家催促发货,29
1795,37,我的这个收货地址之前填错了，然后让你们改了，怎么我看物流还是错误的地址呢,买家确认地址是否修改成功,37
1796,83,嗯嗯。谢谢亲哦,买家咨询商品上新时间,83
1797,7,我谢谢你,买家表示麻烦卖家，表达感谢,7
1798,73,现货发货吗,买家咨询商家发货地,73
1799,79,你好，是不是有四斤重,买家咨询商品规格数量,79
1800,40,好的，谢谢，已经重新拍了,买家需要商品推荐,40
1801,73,有现货吗？广州发吗？,买家咨询商家发货地,73
1802,23,没有我就喜欢这款,买家表示要重拍,23
1803,78,这个实物有色差嘛,买家咨询商品的色差问题,78
1804,9,八八折69,买家表示拍错了,9
1805,53,下次是什么时候上新,买家咨询到货时间,53
1806,90,货收到了吗？运费什么时候退我啊？,买家咨询商品重量,90
1807,56,你们就是南京的店?,买家咨询返现方式,56
1808,44,上次垫付的邮费,买家要求改运费,44
1809,82,那好吧那就不退了,买家咨询商品区别,82
1810,54,现在拍单什么时候发,买家咨询发货时间,54
1811,22,我是先寄，还是先申请退款,买家表示需要退货退款,22
1812,46,毛衣裙也有点大，都不退了,买家要求取消退换货退款,46
1813,21,先买条裤子穿着试试,买家表示先买来试试,21
1814,77,上衣的领是白色还是黑色的,买家咨询商品的材质/面料,77
1815,81,500克有多少,买家咨询商品具体尺码尺寸,81
1816,14,你稍等下，我问一下,买家表示稍等,14
1817,60,我买了二箱是送二箱吗？,买家咨询活动规则,60
1818,1,好气愤，只有你们一家没有物流信息，而且每次都是电脑自动回复,买家表达不满/生气,1
1819,77,这衣服里面是棉花还是？,买家咨询商品的材质/面料,77
1820,110,退款了啥时候到账,买家咨询退款时间,110
1821,40,亲，2.5斤的肉松饼有么？,买家需要商品推荐,40
1822,62,现在什么优惠都没吗,买家咨询买多件能否优惠,62
1823,105,退换的运费你们包吗,买家咨询退换货运费由谁承担,105
1824,22,提交退款了，同意下,买家表示需要退货退款,22
1825,60,那买一送一的是什么？,买家咨询活动规则,60
1826,54,今天可以发吗,买家咨询发货时间,54
1827,30,能不发表情 说话嘛,买家催促回复,30
1828,31,人呢？快一点,买家打招呼,31
1829,37,还能更改地址吧,买家确认地址是否修改成功,37
1830,90,1250克的友臣肉松饼里面有几个的？,买家咨询商品重量,90
1831,60,我得这个面包下单后不是买一送一的啊,买家咨询活动规则,60
1832,56,微信客户不回复，怎么回事？,买家咨询返现方式,56
1833,70,不是便宜10块钱,买家咨询如何加入会员,70
1834,97,湖南可以指定邮政快递吗,买家咨询是否可以指定快递,97
1835,22,我这件衣服买大了，已经申请换货，麻烦同意一下换货申请,买家表示需要退货退款,22
1836,32,这个灰色。色差也太大了吧,买家对特定款式/颜色表达喜好,32
1837,71,买4件，我要优惠卷,买家咨询如何领取优惠券,71
1838,29,谢谢/:^_^,买家催促发货,29
1839,31,小可爱还在吗,买家打招呼,31
1840,95,昨天就已经拒收了,买家咨询是否可以拒收,95
1841,49,昨天就到了吗，怎么没发信息给我，你不会把名字和号码写错了吧？？,买家要求修改收件信息,49
1842,60,你们店有参加跨店满减吗,买家咨询活动规则,60
1843,74,亲 鞋子今天收到货啦,买家咨询商家是否收到寄回的商品,74
1844,40,黄色L码拍不了,买家需要商品推荐,40
1845,47,怎么加你店铺微信呢,买家要求添加商家微信,47
1846,113,双十一  最低价  多少钱,买家咨询运费金额,113
1847,12,衣服收到了，但是你发错了码数,买家表示商家发错货了,12
1848,80,不是第三件0元嘛,买家咨询商品价格,80
1849,16,地址改一下  浙江省磐安县 新渥镇 上家小区 露露超市（电话联系）,买家表示收件信息不需要修改了,16
1850,7,好的  谢谢，希望进完发货,买家表示麻烦卖家，表达感谢,7
1851,49,地址是福建省泉州市晋江市东石镇东石交警中队,买家要求修改收件信息,49
1852,55,快递寄中通，圆通快递可以吗,买家咨询发什么快递,55
1853,105,那退回去的邮费我是不是我要先掏,买家咨询退换货运费由谁承担,105
1854,54,问下，这个包有没有刺鼻的味道,买家咨询发货时间,54
1855,79,能不能不买一箱啊，一箱有多少包,买家咨询商品规格数量,79
1856,77,里面会有棉吗,买家咨询商品的材质/面料,77
1857,14,贵和便宜油烟机有什么区别,买家表示稍等,14
1858,22,你好，麻烦开个收据放里面,买家表示需要退货退款,22
1859,114,那我就不退啦！,买家咨询运费险赔付规则,114
1860,56,OK，比较喜欢摩卡的，那我先拍下试试吧,买家咨询返现方式,56
1861,83,这是什么时候上新的呀,买家咨询商品上新时间,83
1862,99,这个只能双十一拍才有优惠是吗,买家咨询是否有活动,99
1863,110,快递费什么时候返回来,买家咨询退款时间,110
1864,1,妈的,买家表达不满/生气,1
1865,74,你好，收到了嘛,买家咨询商家是否收到寄回的商品,74
1866,54,之前拍的。什么时候发货？,买家咨询发货时间,54
1867,2,我自我感觉我拍的那款很好看。,买家表达赞美/满意,2
1868,94,不是现在买就改价的吗,买家咨询是否可以改价,94
1869,49,我客人改过地址了,买家要求修改收件信息,49
1870,114,退换货运费险怎么退,买家咨询运费险赔付规则,114
1871,62,已经买两条，第三条怎么只便宜15元呢？,买家咨询买多件能否优惠,62
1872,49,帮我查下  我的快递到哪了    我自己查还是在原地,买家要求修改收件信息,49
1873,60,亲怎么没有优惠活动呢,买家咨询活动规则,60
1874,74,请问裤子还没到吗？,买家咨询商家是否收到寄回的商品,74
1875,55,请问这个到新疆发什么快递,买家咨询发什么快递,55
1876,7,行吧，麻烦你啦,买家表示麻烦卖家，表达感谢,7
1877,20,我这里只能邮政进来,买家表示物流太慢了,20
1878,54,你好，请问你们大概什么时候能发货呀,买家咨询发货时间,54
1879,81,我也不懂,买家咨询商品具体尺码尺寸,81
1880,65,能定制70乘俩米的吗？,买家咨询能否定制,65
1881,32,比较喜欢红色,买家对特定款式/颜色表达喜好,32
1882,33,不打扰了忙吧,买家发送结束语,33
1883,20,亲，是不是发错颜色了,买家表示物流太慢了,20
1884,23,啊，我重新远下,买家表示要重拍,23
1885,106,到时退多少给我,买家咨询退换货支持快递,106
1886,49,能否改个地址,买家要求修改收件信息,49
1887,80,一斤一袋,买家咨询商品价格,80
1888,104,不能开专票吗,买家咨询退换货规则,104
1889,105,亲，买一箱送一箱吗,买家咨询退换货运费由谁承担,105
1890,22,我可以申请退款重新再买吗,买家表示需要退货退款,22
1891,80,每一份3斤，那么冰，水净重多少,买家咨询商品价格,80
1892,111,今天我看快递到不了了,买家咨询物流信息,111
1893,49,你发的时候发修改的地址不行吗？,买家要求修改收件信息,49
1894,43,衣服改成m号,买家要求改商品信息,43
1895,15,价钱不同，有什么区别，图案的区别吗？,买家表示是老顾客,15
1896,30,我的衣服码数大，想退货,买家催促回复,30
1897,98,好评有红包吗？,买家咨询是否有好评返现,98
1898,86,还送一箱吗？,买家咨询商品是否有赠品,86
1899,86,2罐送保温杯吧,买家咨询商品是否有赠品,86
1900,67,记得给开上发票,买家咨询能否开发票及发票类型和寄送时间,67
1901,3,等你,买家表示不想要了,3
1902,46,这个的奶茶色还会上嘛,买家要求取消退换货退款,46
1903,52,90的裤子还上吗,买家咨询补货/上货时间,52
1904,60,亲 老客户能优惠吗,买家咨询活动规则,60
1905,52,请问什么时候会有啊,买家咨询补货/上货时间,52
1906,5,那好吧！我知道了,买家表示好的,5
1907,25,已拍下……亲,买家表示已下单付款,25
1908,99,亲，双十二没有优惠吗？,买家咨询是否有活动,99
1909,28,哦，我看下,买家表示再看看,28
1910,68,老客户了能不能优惠,买家咨询能否提前享受优惠,68
1911,86,买那么多，可以送两双袜子吗,买家咨询商品是否有赠品,86
1912,53,发顺风今天发明天能到吗,买家咨询到货时间,53
1913,105,就是运费要我自己出是吗。,买家咨询退换货运费由谁承担,105
1914,114,运费险怎么退回？？？,买家咨询运费险赔付规则,114
1915,24,好的，刚收到,买家表示已经收到货了,24
1916,60,买一送一是购买A款和B款 然后收货之后B款全返款是吗,买家咨询活动规则,60
1917,97,我在山西，可以备注邮政快递吗？,买家咨询是否可以指定快递,97
1918,97,那也行，不要圆通,买家咨询是否可以指定快递,97
1919,80,这两件都是的买一送一款吧,买家咨询商品价格,80
1920,104,双十二买回来，不合适可以退换吧,买家咨询退换货规则,104
1921,86,能不能多送几个卡子,买家咨询商品是否有赠品,86
1922,97,发中通可以吗？,买家咨询是否可以指定快递,97
1923,46,收货是不是可以返还20啊,买家要求取消退换货退款,46
1924,97,可以备注不发中通或韵达吗,买家咨询是否可以指定快递,97
1925,25,嗯嗯好的 那我下单了,买家表示已下单付款,25
1926,65,二维码印成红色的也行,买家咨询能否定制,65
1927,94,我拍下然后你改价格吗,买家咨询是否可以改价,94
1928,113,是等你们收到货？,买家咨询运费金额,113
1929,14,我等等,买家表示稍等,14
1930,50,听不懂…,买家要求延迟发货,50
1931,29,老板，货还没发?,买家催促发货,29
1932,58,怎样返还,买家咨询返现时间,58
1933,1,虽然有点生气,买家表达不满/生气,1
1934,9,",奥谢谢",买家表示拍错了,9
1935,82,加绒和厚绒厚度不一样吧,买家咨询商品区别,82
1936,82,自制款和专柜版有什么区别,买家咨询商品区别,82
1937,21,到时候收到还是试试吧,买家表示先买来试试,21
1938,4,地址对着呢,买家表示地址正确,4
1939,1,你就这样的态度吗,买家表达不满/生气,1
1940,25,好 /:^_^ /:^_^,买家表示已下单付款,25
1941,110,快递公司那边已经说赔钱给你们了请问你们什么时候退钱给我,买家咨询退款时间,110
1942,88,我其他件已经全部收到了,买家咨询商品是什么颜色,88
1943,82,亲 厚绒和加绒有什么区别？,买家咨询商品区别,82
1944,83,月底可以上新吗,买家咨询商品上新时间,83
1945,82,亲，买一送一是怎样的活动,买家咨询商品区别,82
1946,3,你贵姓,买家表示不想要了,3
1947,73,今天下单什么时候发,买家咨询商家发货地,73
1948,85,恩知道了,买家咨询商品是否可以单买/单卖,85
1949,82,加绒款，和厚绒款啥区别,买家咨询商品区别,82
1950,12,是的你们给我发错了,买家表示商家发错货了,12
1951,9,我都还没洗过呢,买家表示拍错了,9
1952,65,可以定做吧,买家咨询能否定制,65
1953,7,哦，知道了，麻烦你了,买家表示麻烦卖家，表达感谢,7
1954,82,两种包装有什么区别,买家咨询商品区别,82
1955,55,付款五天都没发货 /:?,买家咨询发什么快递,55
1956,12,衣服发过去了啊,买家表示商家发错货了,12
1957,22,收货后申请退款,买家表示需要退货退款,22
1958,78,蓝色和黑色哪个颜色正,买家咨询商品的色差问题,78
1959,59,请问我换货的那一张发货了吗,买家咨询换货发货时间,59
1960,90,这个是什么材质的 /:?,买家咨询商品重量,90
1961,111,直接返到支付宝吗,买家咨询物流信息,111
1962,99,买100多元有没有优惠呢,买家咨询是否有活动,99
1963,7,好的????谢谢,买家表示麻烦卖家，表达感谢,7
1964,28,/:018 麻烦你了…,买家表示再看看,28
1965,59,我换的货寄出了吗,买家咨询换货发货时间,59
1966,110,我还没收到退款啊,买家咨询退款时间,110
1967,82,这个和459区别在哪呢,买家咨询商品区别,82
1968,75,亲，有包装不呢,买家咨询商品包装,75
1969,40,这款小零食不辣的推荐一下,买家需要商品推荐,40
1970,109,邮费是退支付宝吗,买家咨询退款去向,109
1971,24,我寄回去了收到了吗,买家表示已经收到货了,24
1972,60,双十一什么活动啊,买家咨询活动规则,60
1973,77,这个是黑色的吗,买家咨询商品的材质/面料,77
1974,13,地址修改了没有,买家表示商品已经寄回去了,13
1975,63,味太重的话没打用,买家咨询哪款更好,63
1976,0,第二次购买，感觉还不错就帮咱家推荐,买家抱怨商品涨价了,0
1977,2,你这裤子质量真好,买家表达赞美/满意,2
1978,62,嗯好的，你家衣服买的多有优惠吗？,买家咨询买多件能否优惠,62
1979,82,这个不是买一送一啦？,买家咨询商品区别,82
1980,97,发中通快递嘛,买家咨询是否可以指定快递,97
1981,14,我衣服给发错了,买家表示稍等,14
1982,62,再没有别的优惠券了嘛,买家咨询买多件能否优惠,62
1983,103,换的那条裤子快递单号是多少,买家咨询退换货地址,103
1984,40,我怕你们又发错了,买家需要商品推荐,40
1985,12,货发错了??,买家表示商家发错货了,12
1986,1,感觉孩子戴着不满意呢,买家表达不满/生气,1
1987,49,发的时候麻烦给我快递单号,买家要求修改收件信息,49
1988,97,可以指定邮政或者圆通不,买家咨询是否可以指定快递,97
1989,86,三包不送保温杯？,买家咨询商品是否有赠品,86
1990,54,这个拍下，今天发货吗？,买家咨询发货时间,54
1991,104,我再拍一条，收到后申请退货，把之前发错的xl寄回去行不行,买家咨询退换货规则,104
1992,86,买一盒可以送收纳箱吗,买家咨询商品是否有赠品,86
1993,44,不过吊牌我剪了,买家要求改运费,44
1994,60,我拍的这个是一份12个吗,买家咨询活动规则,60
1995,105,换货的话要自己出邮费对吧,买家咨询退换货运费由谁承担,105
1996,97,可以帮我安排发中通吗,买家咨询是否可以指定快递,97
1997,87,亲，而且这个有质保时间吗？,买家咨询商品是否有质保，质保多久,87
1998,0,价格贵点,买家抱怨商品涨价了,0
1999,15,也算是老客户了呀,买家表示是老顾客,15
2000,5,好的，够用哈,买家表示好的,5
2001,69,你好，我问一下新疆发货吗,买家咨询偏远地区是否发货,69
2002,22,亲，我申请退款重新购买吧！,买家表示需要退货退款,22
2003,77,是铝合金的吗？,买家咨询商品的材质/面料,77
2004,5,哦，,买家表示好的,5
2005,46,你好，我又不退货了,买家要求取消退换货退款,46
2006,54,亲 你能确定48小时发货么,买家咨询发货时间,54
2007,109,打款是打到微信还是支付宝,买家咨询退款去向,109
2008,25,可是我已经拍了31码了,买家表示已下单付款,25
2009,90,请问有补偿吗？,买家咨询商品重量,90
2010,78,军绿有色差,买家咨询商品的色差问题,78
2011,20,到的快我看可以的话我再买一套,买家表示物流太慢了,20
2012,7,啊，谢谢，知道了。,买家表示麻烦卖家，表达感谢,7
2013,14,稍等一下我再确认,买家表示稍等,14
2014,111,显示到了，一直没收到短信，能不能帮我查一下，,买家咨询物流信息,111
2015,71,之前有个五元优惠券,买家咨询如何领取优惠券,71
2016,106,亲  我的能发什么快递啊,买家咨询退换货支持快递,106
2017,86,能否送个大肚杯,买家咨询商品是否有赠品,86
2018,82,行！谢谢,买家咨询商品区别,82
2019,24,收到啦,买家表示已经收到货了,24
2020,102,是会送一盒吗,买家咨询是否有味道,102
2021,112,你好，请问下5元红包是双十一才能领是吗？5元红包可以跟优惠券叠加使用吗？,买家咨询优惠券使用规则,112
2022,7,还没收货就要失望啊,买家表示麻烦卖家，表达感谢,7
2023,1,百世不行呀,买家表达不满/生气,1
2024,88,浅绿色是什么颜色啊？,买家咨询商品是什么颜色,88
2025,43,没有质保和售后的吗,买家要求改商品信息,43
2026,48,这些优惠券不能用吗,买家要求退运费,48
2027,54,你好新疆发货吗,买家咨询发货时间,54
2028,93,收到货不是返现吗？,买家咨询是否可以发顺丰,93
2029,113,不合身可以换吗  快递费怎么算,买家咨询运费金额,113
2030,113,我可没说好评返现,买家咨询运费金额,113
2031,47,你好，好友添加不起，说人太多,买家要求添加商家微信,47
2032,3,那我等等买,买家表示不想要了,3
2033,43,请问帮忙修改地址了吗,买家要求改商品信息,43
2034,82,这款和45的有什么区别呢,买家咨询商品区别,82
2035,60,双十二便宜7块呢,买家咨询活动规则,60
2036,102,为什么衣服那么大味道,买家咨询是否有味道,102
2037,31,姐，现在在哪儿了 /:^_^ /:^_^ /:^_^ 我这里还是没动,买家打招呼,31
2038,86,两个送多少片,买家咨询商品是否有赠品,86
2039,73,你这边是从杭州哪个区发货啊,买家咨询商家发货地,73
2040,79,帮我查一下这个快递,买家咨询商品规格数量,79
2041,92,五折区,买家咨询是否可以打折,92
2042,65,我的可能需要定制,买家咨询能否定制,65
2043,22,我已经申请退款了，然后重新再拍吧,买家表示需要退货退款,22
2044,49,卖家，我要修改地址,买家要求修改收件信息,49
2045,104,而且这是你们把码给我发错了的，退你们这个鞋子真是太麻烦了，每次问你们都答非所问,买家咨询退换货规则,104
2046,21,我试试25,买家表示先买来试试,21
2047,57,收到货可以退5块？,买家咨询返现金额,57
2048,80,这个净重多少斤？,买家咨询商品价格,80
2049,0,怎么又涨价啦？,买家抱怨商品涨价了,0
2050,10,我都在你家买好几年了,买家表示伤心难过,10
2051,41,我先去补补吧,买家要求补偿,41
2052,103,能给一下退货地址吗？,买家咨询退换货地址,103
2053,109,刚才看了退到我支付宝了。我当时运费是15怎么就退10啊,买家咨询退款去向,109
2054,104,亲    我想重新拍个颜色,买家咨询退换货规则,104
2055,97,不要申通天天百世,买家咨询是否可以指定快递,97
2056,54,请问！ 什么时候发货de,买家咨询发货时间,54
2057,102,这款一袋重量是多少？,买家咨询是否有味道,102
2058,58,货是怎么返,买家咨询返现时间,58
2059,82,这两款紫薯有啥不一样么,买家咨询商品区别,82
2060,95,送几冠小的？？,买家咨询是否可以拒收,95
2061,60,买59的44个第二件半价吗,买家咨询活动规则,60
2062,97,湖北 可以发邮政吗 确定可以到,买家咨询是否可以指定快递,97
2063,74,Hello，已经显示签收了,买家咨询商家是否收到寄回的商品,74
2064,36,叫你帮我发白色的，收到的还是红色的,买家反馈收到的商品有问题,36
2065,88,这个后面的粘贴勾有单独卖么,买家咨询商品是什么颜色,88
2066,60,我买的这三个是不是都是参加买一送一的,买家咨询活动规则,60
2067,93,可以发顺丰吗 自己补邮费差价,买家咨询是否可以发顺丰,93
2068,58,评论是不是返现？,买家咨询返现时间,58
2069,82,你好，这个常规款和升级款有什么区别？,买家咨询商品区别,82
2070,101,我打开好像没有优惠券,买家咨询是否有实体店,101
2071,97,邮政呢,买家咨询是否可以指定快递,97
2072,45,订单已提交，麻烦您帮我看看,买家要求核对订单信息,45
2073,24,我背带裤刚到,买家表示已经收到货了,24
2074,29,衬衫我已经给你们寄过去了,买家催促发货,29
2075,15,我在你们店买了好多东西了,买家表示是老顾客,15
2076,32,好想要绿色的这个款,买家对特定款式/颜色表达喜好,32
2077,54,现在买能第二件半价吗？,买家咨询发货时间,54
2078,90,10包的重量是多少的,买家咨询商品重量,90
2079,54,现在能发货吗,买家咨询发货时间,54
2080,76,蚕丝被都有股味道这点麻烦,买家咨询商品产地,76
2081,50,不要发圆通和百世,买家要求延迟发货,50
2082,59,我退回去的裤子到了，什么时候给我发过来,买家咨询换货发货时间,59
2083,60,无线的，双11能够优惠多少钱,买家咨询活动规则,60
2084,82,升级全透明，和透明有什么区别,买家咨询商品区别,82
2085,3,算了，我两件都不要了,买家表示不想要了,3
2086,29,三天了，你不给我发货让我等着。,买家催促发货,29
2087,83,那我退了从拍吧,买家咨询商品上新时间,83
2088,25,好的，已拍了,买家表示已下单付款,25
2089,91,我寄到付还是垫付,买家咨询什么颜色好看,91
2090,22,我说想申请退款重新拍,买家表示需要退货退款,22
2091,0,怎么够买不了,买家抱怨商品涨价了,0
2092,92,这个打八折码,买家咨询是否可以打折,92
2093,81,请问一份8包共多少克？,买家咨询商品具体尺码尺寸,81
2094,73,九曜上袄啥时候有货呀,买家咨询商家发货地,73
2095,69,这新疆发货吗,买家咨询偏远地区是否发货,69
2096,56,等收到货你退钱可以发我微信红包里面,买家咨询返现方式,56
2097,15,你好 一会儿我拍两条不一样的码,买家表示是老顾客,15
2098,105,换货还不是得自己出钱,买家咨询退换货运费由谁承担,105
2099,24,我退款的钱还没收到啊,买家表示已经收到货了,24
2100,4,可以换颜色换大小换收货地址对叭。,买家表示地址正确,4
2101,49,亲，我的订单可以改个地址么,买家要求修改收件信息,49
2102,113,你鞋收到了吧,买家咨询运费金额,113
2103,66,嗯,买家咨询能否分开/一起发货,66
2104,29,尽量早点，没带衣服回家要冻死了,买家催促发货,29
2105,54,这款双十一拍多久可以发货,买家咨询发货时间,54
2106,52,这款什么时候有,买家咨询补货/上货时间,52
2107,21,可以要2元返现吗,买家表示先买来试试,21
2108,79,一箱大概有多少只？,买家咨询商品规格数量,79
2109,78,这白色就是不会有色差吗？,买家咨询商品的色差问题,78
2110,97,运费都是我出你们都几天不发货。。真是醉了,买家咨询是否可以指定快递,97
2111,84,这个蓝色还会补库存吗,买家咨询商品是不是预售款,84
2112,5,有没有好评有礼活动,买家表示好的,5
2113,69,怎么加法,买家咨询偏远地区是否发货,69
2114,105,我先垫付然后你们再给我是吧,买家咨询退换货运费由谁承担,105
2115,1,涨价了，,买家表达不满/生气,1
2116,111,请问我之前退货的裤子到了吗,买家咨询物流信息,111
2117,67,你好，发票开好了吗？,买家咨询能否开发票及发票类型和寄送时间,67
2118,60,您看看我这订单，买了两包，是买2送1一共发三包对吗,买家咨询活动规则,60
2119,31,你还没回答我的问题,买家打招呼,31
2120,45,还要联系，有无搞笑,买家要求核对订单信息,45
2121,71,这个几斤？,买家咨询如何领取优惠券,71
2122,72,那个100包4.9怎么买呀？,买家咨询如何下单,72
2123,65,请问你们家的藤席可以定制不？,买家咨询能否定制,65
2124,86,我都买了好多次了 没有赠送的东西吗？,买家咨询商品是否有赠品,86
2125,60,你们是全店买三免一吗,买家咨询活动规则,60
2126,56,请问不可以用微信支付吗？,买家咨询返现方式,56
2127,76,脚架是塑料还是合金的？,买家咨询商品产地,76
2128,57,优惠50元是收到后才返的？,买家咨询返现金额,57
2129,65,可以定制方凳套吗,买家咨询能否定制,65
2130,43,这款是皮面得么？,买家要求改商品信息,43
2131,7,麻烦尽快同意退款,买家表示麻烦卖家，表达感谢,7
2132,60,它俩哪个好一点,买家咨询活动规则,60
2133,110,卡没到账,买家咨询退款时间,110
2134,7,每天工作到这么晚，辛苦了，sss,买家表示麻烦卖家，表达感谢,7
2135,79,9.9能有多少个,买家咨询商品规格数量,79
2136,89,这个那个款式更好看，质量怎么样,买家咨询商品质量是否有保障,89
2137,29,那个退货申请你处理一下,买家催促发货,29
2138,23,这边预计什么时候能到呢,买家表示要重拍,23
2139,10,好吧，你要靓仔伤心了,买家表示伤心难过,10
2140,53,看到你们收到货了,买家咨询到货时间,53
2141,7,??????谢谢,买家表示麻烦卖家，表达感谢,7
2142,66,姓名：冯榆娴  电话：18224396355地址：四川省广安市岳池县伏龙乡,买家咨询能否分开/一起发货,66
2143,89,为什么这么便宜，质量有保证么,买家咨询商品质量是否有保障,89
2144,75,只送勺子？,买家咨询商品包装,75
2145,40,你好，短外套我不退,买家需要商品推荐,40
2146,47,这个跟1602有什么区别,买家要求添加商家微信,47
2147,104,要重拍，还是退一件的钱？,买家咨询退换货规则,104
2148,111,麻烦帮我看看快递到哪了？,买家咨询物流信息,111
2149,67,你好 新疆发什么快递,买家咨询能否开发票及发票类型和寄送时间,67
2150,29,希望可以尽快发货，上一个店三天了还在揽件，真的很着急,买家催促发货,29
2151,104,我想重新拍一下颜色,买家咨询退换货规则,104
2152,73,是从杭州发过来么,买家咨询商家发货地,73
2153,79,我是说物流单号是多少,买家咨询商品规格数量,79
2154,66,下单了，明天发货吧？,买家咨询能否分开/一起发货,66
2155,94,你好，请问可以今天发货吗,买家咨询是否可以改价,94
2156,9,裤子收到了 我拍错款了 我要加绒的,买家表示拍错了,9
2157,22,定制的 能退换吗？,买家表示需要退货退款,22
2158,94,12件套和24件套有什么区别,买家咨询是否可以改价,94
2159,95,这个东西还能拒收吗。,买家咨询是否可以拒收,95
2160,13,亲，商品已寄出，请注意查收,买家表示商品已经寄回去了,13
2161,79,你好208克大概有多少个啊,买家咨询商品规格数量,79
2162,59,我的裤子不换了,买家咨询换货发货时间,59
2163,62,请问这款双十二会有什么活动么,买家咨询买多件能否优惠,62
2164,0,怎么比前几天贵了,买家抱怨商品涨价了,0
2165,81,黄油一盒多少克,买家咨询商品具体尺码尺寸,81
2166,5,对就这样。,买家表示好的,5
2167,59,那系统提交的换货申请是不是你这边要同意一下,买家咨询换货发货时间,59
2168,82,你好升级款和经典款有什么区别,买家咨询商品区别,82
2169,29,亲，过段时间要出去旅游，可以早点发货吗,买家催促发货,29
2170,114,开增值税专票吗,买家咨询运费险赔付规则,114
2171,97,广西   能指定韵达快递吗,买家咨询是否可以指定快递,97
2172,65,我可以加钱定制图案吗,买家咨询能否定制,65
2173,1,艹 怎么还没发,买家表达不满/生气,1
2174,65,这种可以定做吗,买家咨询能否定制,65
2175,75,都是单独小包装吗,买家咨询商品包装,75
2176,33,嗯  行  您先忙,买家发送结束语,33
2177,102,我提交订单了，你看看能不能发货,买家咨询是否有味道,102
2178,77,挂钩什么材质,买家咨询商品的材质/面料,77
2179,9,衣服我选错尺寸了,买家表示拍错了,9
2180,73,什么颜色？哪里发货,买家咨询商家发货地,73
2181,2,明天还有满二百减二十活动么亲,买家表达赞美/满意,2
2182,74,先申请退款退货，再重新下单吧,买家咨询商家是否收到寄回的商品,74
2183,37,湖北省随州市曾都区烈山大道大十字街军翔百货集韩号柜二楼,买家确认地址是否修改成功,37
2184,55,顺丰可以么？,买家咨询发什么快递,55
2185,22,那你赔偿我五元吧,买家表示需要退货退款,22
2186,60,买三免一是1点后提交订单才算对吧？,买家咨询活动规则,60
2187,73,您好双十一买一送一怎么返款,买家咨询商家发货地,73
2188,99,那个换的退回去了，你收到了吗？,买家咨询是否有活动,99
2189,22,所以重拍了,买家表示需要退货退款,22
2190,79,5oo克的那个有几个一箱,买家咨询商品规格数量,79
2191,82,最好是我以前没买过的,买家咨询商品区别,82
2192,79,这个一单是多少？,买家咨询商品规格数量,79
2193,13,要换的裤子已经发出，记得查收,买家表示商品已经寄回去了,13
2194,111,你好，我快递迟了几天去拿，被退回去了,买家咨询物流信息,111
2195,99,这个现在去有活动吗,买家咨询是否有活动,99
2196,86,我指的是买四袋是不是送两盒？,买家咨询商品是否有赠品,86
2197,88,这个颜色什么,买家咨询商品是什么颜色,88
2198,73,发韵达，圆通都行,买家咨询商家发货地,73
2199,83,今年加绒的裤子什么时候上新款,买家咨询商品上新时间,83
2200,53,如果质量不好退货包邮费吗？,买家咨询到货时间,53
2201,53,好的，河南这个收到了,买家咨询到货时间,53
2202,80,买多少钱不,买家咨询商品价格,80
2203,1,你们这速度太让我失望了,买家表达不满/生气,1
2204,60,双十一才可以优惠？,买家咨询活动规则,60
2205,84,亲，关注了怎么用不了2元券,买家咨询商品是不是预售款,84
2206,22,嗯，退款已收到，麻烦退货运费支付宝给我，谢谢!,买家表示需要退货退款,22
2207,86,买两个有电池送嘛？,买家咨询商品是否有赠品,86
2208,66,是。地址对了,买家咨询能否分开/一起发货,66
2209,44,退换都得自己掏运费吗？,买家要求改运费,44
2210,3,好吧好吧，我今天退回去不买运险了,买家表示不想要了,3
2211,30,在么？这都好几天了，怎么没有回音呢,买家催促回复,30
2212,29,我想快点用到,买家催促发货,29
2213,60,那我想买两件，这是怎么下单的？,买家咨询活动规则,60
2214,2,我退货申请撤销 一下吧,买家表达赞美/满意,2
2215,69,那你们新疆发货吗,买家咨询偏远地区是否发货,69
2216,80,亲，买一可以送星座杯行吗,买家咨询商品价格,80
2217,0,这么贵呢啊,买家抱怨商品涨价了,0
2218,17,您好，这款打底衣有色差吗?,买家表示送人的,17
2219,55,我买两份需要发两个地址,买家咨询发什么快递,55
2220,88,这两个分别是什么颜色,买家咨询商品是什么颜色,88
2221,102,送啥东西吃的吗,买家咨询是否有味道,102
2222,13,给你门寄了一个快递,买家表示商品已经寄回去了,13
2223,60,现在拍，双十一的价多少,买家咨询活动规则,60
2224,99,亲我要3个机型的膜，还优惠卷吗？,买家咨询是否有活动,99
2225,79,208克多少个,买家咨询商品规格数量,79
2226,104,请问穿不上了能退换？,买家咨询退换货规则,104
2227,5,行了 我知道了,买家表示好的,5
2228,67,和退还货没关系，我得开发票,买家咨询能否开发票及发票类型和寄送时间,67
2229,110,吐司500g几片,买家咨询退款时间,110
2230,5,我是想让你推荐一下,买家表示好的,5
2231,114,L码 我多拍了一套,买家咨询运费险赔付规则,114
2232,110,我的退款怎么没有成功呢,买家咨询退款时间,110
2233,47,跨店满减什么意思？,买家要求添加商家微信,47
2234,3,你要三天我就不拍了,买家表示不想要了,3
2235,23,我重新拍哈,买家表示要重拍,23
2236,69,卖家是什么快递？哪里发货？,买家咨询偏远地区是否发货,69
2237,5,哦，晓得了,买家表示好的,5
2238,14,你等下哈,买家表示稍等,14
2239,22,申请退款？还是退货退款？,买家表示需要退货退款,108
2240,49,地址改下门号,买家要求修改收件信息,37
2241,105,那穿不了退换你包邮费吗,买家咨询退换货运费由谁承担,105
2242,60,我买了3件也能参加买3送一嘛,买家咨询活动规则,60
2243,79,500g几包?,买家咨询商品规格数量,79
2244,60,这个369和559有什么区别呀,买家咨询活动规则,60
2245,64,我自己送到快递点，到付就行吗？,买家咨询能否到付,64
2246,97,不要发百世快递就行,买家咨询是否可以指定快递,97
2247,110,是怎么样返20,买家咨询退款时间,110
2248,76,怎么你回答的跟我说的不是一个问题呢,买家咨询商品产地,76
2249,48,退这个运费呢,买家要求退运费,48
2250,82,那水凝膜防窥和钢化防窥有什么区别,买家咨询商品区别,82
2251,103,如果可以发邮政的话,买家咨询退换货地址,103
2252,58,那给我返现呗,买家咨询返现时间,58
2253,31,你好 、亲,买家打招呼,31
2254,3,薄款的那条确实不喜欢,买家表示不想要了,3
2255,71,我刚收到裤子买的时候没领优惠券,买家咨询如何领取优惠券,71
2256,60,这款双11是买一赠一吗,买家咨询活动规则,79
2257,93,加绒九分裤啥时候上货,买家咨询是否可以发顺丰,93
2258,60,都是买一送一,买家咨询活动规则,60
2259,97,请给我发中通,买家咨询是否可以指定快递,97
2260,46,亲，这笔订单不退了。,买家要求取消退换货退款,46
2261,25,我已拍下了,买家表示已下单付款,25
2262,58,返现三元，怎么返现啊,买家咨询返现时间,58
2263,66,你好，这款今天能发货吗,买家咨询能否分开/一起发货,66
2264,17,老板在不,买家表示送人的,17
2265,74,哦那你给我改一下好吗,买家咨询商家是否收到寄回的商品,74
2266,3,我都说不要了,买家表示不想要了,3
2267,89,好的质量要保证哦！,买家咨询商品质量是否有保障,89
2268,3,我都退回给你们，我不要了,买家表示不想要了,3
2269,69,新疆喀什这边能发货吗,买家咨询偏远地区是否发货,69
2270,104,吊牌都还没拆的,买家咨询退换货规则,104
2271,49,福建省漳州市龙文区蓝田开发区管委会龙腾北路翼特丽景城2栋D08,买家要求修改收件信息,49
2272,79,裤子的确挺好看的，,买家咨询商品规格数量,79
2273,29,您好我的先别发货,买家催促发货,29
2274,71,双十一你店里有活动来吗,买家咨询如何领取优惠券,71
2275,41,带麦调音版和带麦版有什么区别？,买家要求补偿,41
2276,60,是不是买一送了,买家咨询活动规则,60
2277,114,奥奥，运费险怎么退给我？,买家咨询运费险赔付规则,114
2278,65,想定制个地垫,买家咨询能否定制,65
2279,7,算了算了不要了,买家表示麻烦卖家，表达感谢,7
2280,104,商标拆了也可以嘛,买家咨询退换货规则,104
2281,31,怎么没人了，,买家打招呼,31
2282,60,这款秋款，你们没有满100减50吗,买家咨询活动规则,60
2283,25,已经拍拍过了,买家表示已下单付款,25
2284,6,我改好啦，我下午把衣服发过去,买家表示具体时间寄回去,6
2285,43,我当时不是修改了m和l号，换成了s和m么，结果普遍小了一个号,买家要求改商品信息,43
2286,58,面料是否升级有区别吗,买家咨询返现时间,58
2287,53,顺风1天半能到吗？,买家咨询到货时间,53
2288,82,温困的有什么区别？,买家咨询商品区别,82
2289,53,发过来的话，大概需要几天,买家咨询到货时间,53
2290,38,亲，我见优惠10元,买家讨价还价,38
2291,97,抱歉，打扰您了，我的物流快件已经三天没有消息了，快递说协商您这边重新发一双？,买家咨询是否可以指定快递,97
2292,67,快开发票,买家咨询能否开发票及发票类型和寄送时间,65
2293,46,算了 不退了 也不是很大,买家要求取消退换货退款,46
2294,92,這一款買兩件有折扣嗎,买家咨询是否可以打折,92
2295,31,你好在吧,买家打招呼,31
2296,99,不是说双十一更优惠吗？,买家咨询是否有活动,99
2297,22,亲你先同意一下换货申请,买家表示需要退货退款,22
2298,104,我换的货什么时候发？,买家咨询退换货规则,104
2299,86,也没有送的吗,买家咨询商品是否有赠品,86
2300,0,发货吗？,买家抱怨商品涨价了,0
2301,82,请问床笠和床单款区别是什么,买家咨询商品区别,82
2302,50,好，麻烦了，帮我先别发货,买家要求延迟发货,50
2303,3,你们这个发什么快递？,买家表示不想要了,3
2304,1,双十一价62？,买家表达不满/生气,1
2305,67,我要纸质发票，给我邮寄吗,买家咨询能否开发票及发票类型和寄送时间,67
2306,24,我的花洒到哪里了？,买家表示已经收到货了,24
2307,61,这个肉松饼里面多少个嘛？,买家咨询快递单号,61
2308,99,双十二买两条有啥优惠？,买家咨询是否有活动,99
2309,18,换货发圆通可以吗？,买家表示无法申请退款,18
2310,73,拍两件发货是四件吗,买家咨询商家发货地,73
2311,54,这条裙子的活动到什么时候结束,买家咨询发货时间,54
2312,97,能寄邮政快递吗？,买家咨询是否可以指定快递,97
2313,36,新客买一送二,买家反馈收到的商品有问题,36
2314,7,好的，没什么问题谢谢,买家表示麻烦卖家，表达感谢,7
2315,71,这有优惠券领？,买家咨询如何领取优惠券,71
2316,92,不是说买二送一的吗？,买家咨询是否可以打折,92
2317,109,到时候直接退微信上吗？,买家咨询退款去向,109
2318,60,哟张看看双十二能不能优惠,买家咨询活动规则,60
2319,77,小袋包装里面是几片,买家咨询商品的材质/面料,77
2320,60,可是第二件半价,买家咨询活动规则,60
2321,20,因为他们家快递太慢了,买家表示物流太慢了,20
2322,79,买一送一的是要拍两份吗,买家咨询商品规格数量,79
2323,66,你好，我要拍三件，有一件地址可以分开发么,买家咨询能否分开/一起发货,66
2324,104,你好，裤子收到麻烦给我退款,买家咨询退换货规则,104
2325,54,衣服大概什么时候发货呢,买家咨询发货时间,54
2326,14,稍微等一下哈 我再比一个,买家表示稍等,14
2327,60,买两件是发四件？,买家咨询活动规则,60
2328,29,这个时间可以延迟吗,买家催促发货,29
2329,85,白色的打底衫还会补货吗,买家咨询商品是否可以单买/单卖,85
2330,1,搞笑的很？,买家表达不满/生气,1
2331,82,这2和8有啥区别呢,买家咨询商品区别,82
2332,49,昆明,买家要求修改收件信息,49
2333,95,这个和上边那个有什么不一样吗,买家咨询是否可以拒收,95
2334,8,第二件半价？指哪款？,买家表示马上下单付款,8
2335,5,等下先,买家表示好的,5
2336,5,嗯换,买家表示好的,5
2337,46,等，很喜欢，不退,买家要求取消退换货退款,46
2338,23,亲，我重拍的话，,买家表示要重拍,23
2339,79,买一份送一个 买N份 也只送一个,买家咨询商品规格数量,79
2340,35,退化运费你们出吗？,买家发送支付宝账号,35
2341,22,退货哟,买家表示需要退货退款,22
2342,7,快点发货呦,买家表示麻烦卖家，表达感谢,7
2343,97,不能指定发邮政的么？,买家咨询是否可以指定快递,97
2344,85,有没有单独的卖,买家咨询商品是否可以单买/单卖,85
2345,111,帮我查查看到底到哪里了,买家咨询物流信息,111
2346,73,是从广州发货？还是浙江,买家咨询商家发货地,73
2347,62,我要买四件，能不能优惠下呢？,买家咨询买多件能否优惠,62
2348,38,最低多少给我呢,买家讨价还价,38
2349,9,刚刚下单选错一个颜色,买家表示拍错了,9
2350,47,那您加我,买家要求添加商家微信,47
2351,88,这个面料还有别的颜色吗,买家咨询商品是什么颜色,88
2352,36,亲 这个有色差吗？,买家反馈收到的商品有问题,36
2353,21,拍这款可不可以改一下价？,买家表示先买来试试,21
2354,73,亲，你家的卷在哪儿领,买家咨询商家发货地,73
2355,103,这个有优惠券吗！,买家咨询退换货地址,103
2356,54,我提交的订单衣服是现货吗？现在拍下什么时候能发货呢,买家咨询发货时间,54
2357,97,但你们这上面的规格就是52g一袋，一共10袋啊,买家咨询是否可以指定快递,97
2358,60,买一送一个吗,买家咨询活动规则,60
2359,34,那到底还有没有优惠,买家发送开票信息,34
2360,50,要啊，我想从拍哈,买家要求延迟发货,50
2361,31,这个是一样的么,买家打招呼,31
2362,66,吊牌剪了还没穿,买家咨询能否分开/一起发货,66
2363,114,那运费险什么时候退给我,买家咨询运费险赔付规则,114
2364,79,3斤有几袋？,买家咨询商品规格数量,79
2365,86,送杯子不送勺子吗？,买家咨询商品是否有赠品,63
2366,37,地址改了吗老板,买家确认地址是否修改成功,37
2367,27,你听不懂我说话啊,买家表示有疑问/不理解,27
2368,20,这边收啥快递,买家表示物流太慢了,20
2369,99,这款还买一送一嘛，,买家咨询是否有活动,99
2370,25,已经拍下，,买家表示已下单付款,25
2371,114,有一个升级款的 后面还加了20% 和普通款有什么区别,买家咨询运费险赔付规则,114
2372,54,好，现在拍下什么时候可以发货,买家咨询发货时间,54
2373,71,备注一下发韵达可以吗,买家咨询如何领取优惠券,71
2374,1,不要用邮政快递哦亲，,买家表达不满/生气,1
2375,60,卖家，这个裤子买一送一，我可以选择两条一样的然后被你备注不同的颜色吗,买家咨询活动规则,60
2376,75,是单独包装的吗,买家咨询商品包装,75
2377,71,29.6有优惠券吗？,买家咨询如何领取优惠券,71
2378,25,可是我已经收货了,买家表示已下单付款,25
2379,79,辛苦你们了，抱歉啊，半夜了还打扰你们,买家咨询商品规格数量,79
2380,78,这衣服蓝色颜色正吗,买家咨询商品的色差问题,78
2381,84,你家没显示是预售啊,买家咨询商品是不是预售款,84
2382,53,今天没发那几天明天发那几天能到啊,买家咨询到货时间,53
2383,85,那个烤盘收纳架能单独买吗,买家咨询商品是否可以单买/单卖,85
2384,39,不好意思之前麻烦您们了。由于我的账号出现了问题，无法联系商家，直到今天账号安全被解除，才能恢复联系。谢谢你们把货物成功送入仓库。,买家向商家表达不好意思,39
2385,60,那双十二的满减活动可叠加么,买家咨询活动规则,60
2386,109,您给我看看这个物流在哪,买家咨询退款去向,109
2387,111,老板，我有一个订单怎么到现在还没有物流信息？,买家咨询物流信息,111
2388,12,30多的那一件先不要发货,买家表示商家发错货了,12
2389,60,刚刚提交订单的那一个可以买一送一吗,买家咨询活动规则,60
2390,74,1斤大概多少,买家咨询商家是否收到寄回的商品,74
2391,99,双十一有活动活动,买家咨询是否有活动,31
2392,97,别推卸责任,买家咨询是否可以指定快递,97
2393,23,双11优惠的多吗？,买家表示要重拍,23
2394,50,十一要出门，可以晚点发货,买家要求延迟发货,50
2395,99,好的，双十一没啥活动吗？,买家咨询是否有活动,99
2396,28,这个今天拍了，明天能发货了吗？,买家表示再看看,28
2397,0,我买了两件同款，应该也是买一送一吧,买家抱怨商品涨价了,0
2398,49,我需要改地址,买家要求修改收件信息,49
2399,92,这件九折是明天全天活动还是零点活动,买家咨询是否可以打折,92
2400,105,淘宝这边是说，给我垫付？,买家咨询退换货运费由谁承担,105
2401,31,掌柜,买家打招呼,31
2402,104,你好这个可以退换货么,买家咨询退换货规则,104
2403,97,不要邮政，亲,买家咨询是否可以指定快递,97
2404,69,我这个的地址填错了,买家咨询偏远地区是否发货,69
2405,73,给俺发中通啊，今天能发货吗？,买家咨询商家发货地,73
2406,60,这个参加双十一满减吗。,买家咨询活动规则,60
2407,114,有退运费险吗。,买家咨询运费险赔付规则,114
2408,27,都有的。搞不懂。太复杂了,买家表示有疑问/不理解,27
2409,80,里面的填充物是相同的，对吗？,买家咨询商品价格,80
2410,65,您好，t恤上面的字可否订做,买家咨询能否定制,65
2411,90,三公斤是多少？,买家咨询商品重量,90
2412,20,这里发不发邮政,买家表示物流太慢了,20
2413,43,可以照片定制吗,买家要求改商品信息,43
2414,38,93最低价是吧！,买家讨价还价,38
2415,60,哦，那现在能按双12的优惠给我吗,买家咨询活动规则,60
2416,3,退了吧我不要了,买家表示不想要了,3
2417,105,你好，请问这款是浅蓝色吗？,买家咨询退换货运费由谁承担,105
2418,12,衣服是不是发错货啦,买家表示商家发错货了,12
2419,46,大码衣服已退回,买家要求取消退换货退款,46
2420,59,那个号不合适可以退换？,买家咨询换货发货时间,59
2421,110,好的，换货完成后，确认收货，你再返钱吗,买家咨询退款时间,110
2422,49,点击我【地址错了，款式拍错了要修改】,买家要求修改收件信息,49
2423,86,好的，评价晒图有没有奖励呀,买家咨询商品是否有赠品,86
2424,29,亲？都好几天了，怎么还不发货？？？,买家催促发货,29
2425,60,买三免一活动怎么进行,买家咨询活动规则,60
2426,92,12才有折扣,买家咨询是否可以打折,92
2427,38,老板 能不能少点,买家讨价还价,38
2428,104,我没确认收货，你给我退运费险,买家咨询退换货规则,104
2429,40,买一斤送一斤是吗,买家需要商品推荐,40
2430,97,都能到，我说的是可以指定发邮政快递么,买家咨询是否可以指定快递,97
2431,86,可以多送两袋不,买家咨询商品是否有赠品,86
2432,99,还有什么优惠哦 /:809,买家咨询是否有活动,99
2433,78,东西跟图片有色差不多吗,买家咨询商品的色差问题,78
2434,45,我昨天地址错了退款的,买家要求核对订单信息,45
2435,19,这个还不能买哈，,买家表示无法下单,19
2436,86,双十二买有赠品吗,买家咨询商品是否有赠品,86
2437,6,那就不退了 太麻烦 你发吧,买家表示具体时间寄回去,6
2438,65,这边可以定制图案吗,买家咨询能否定制,65
2439,103,而且裤子内侧有链接不是无缝的  穿特别不满意,买家咨询退换货地址,103
2440,98,你们这边好评有返现吗,买家咨询是否有好评返现,98
2441,12,我的订单要刻名字，,买家表示商家发错货了,12
2442,99,退换包邮麽？,买家咨询是否有活动,99
2443,93,那请发邮政，谢谢,买家咨询是否可以发顺丰,93
2444,60,买二送一是买2包菊花再送一包么,买家咨询活动规则,60
2445,33,怎么买合适 比超市要便宜,买家发送结束语,33
2446,29,你好，请问我的换货什么时候能发货？？,买家催促发货,29
2447,29,，新疆发不发,买家催促发货,29
2448,1,位置又错了……我都醉了,买家表达不满/生气,1
2449,43,那都改成xl吧,买家要求改商品信息,43
2450,60,这个不能满减么,买家咨询活动规则,60
2451,79,这个有多少呐,买家咨询商品规格数量,79
2452,97,不可以指定邮政快递吗,买家咨询是否可以指定快递,97
2453,82,这辆又啥区别,买家咨询商品区别,82
2454,71,我再买一个，还有券了吗,买家咨询如何领取优惠券,71
2455,1,你他妈的是人吗你,买家表达不满/生气,1
2456,82,兄弟在不在,买家咨询商品区别,82
2457,29,我急用啊,买家催促发货,29
2458,12,桌布会有那个塑料味道吗？,买家表示商家发错货了,12
2459,97,不可以指定韵达快递吗,买家咨询是否可以指定快递,97
2460,61,发一下我的单号,买家咨询快递单号,61
2461,55,发回来什么快递呢,买家咨询发什么快递,55
2462,72,只选到两件，给个9折嘛,买家咨询如何下单,72
2463,86,为什么要发百世快递,买家咨询商品是否有赠品,86
2464,61,亲，把补货的快递单号发我,买家咨询快递单号,61
2465,97,河北的可以指定快递吗,买家咨询是否可以指定快递,97
2466,29,已经24天了噢,买家催促发货,29
2467,105,这个如果要退换的话包邮么,买家咨询退换货运费由谁承担,105
2468,54,今天晚上或明天早上能发货吗,买家咨询发货时间,54
2469,42,我的是Xr不要发错了,买家要求发货检查,42
2470,51,那我延迟收货？,买家要求延长收货时间,51
2471,60,那条裙子54和59元的有什么区别吗,买家咨询活动规则,60
2472,79,这次不要寄百世快递,买家咨询商品规格数量,79
2473,49,地址改成福建省福清市江镜镇南宵村（南宵口环岛）,买家要求修改收件信息,49
2474,106,哦可  下单去了,买家咨询退换货支持快递,106
2475,40,那这件是不是预售呢？,买家需要商品推荐,40
2476,114,领子是什么颜色的,买家咨询运费险赔付规则,114
2477,105,退了一件还包邮吗,买家咨询退换货运费由谁承担,105
2478,42,不要搞错了，到时候会给你好评的,买家要求发货检查,42
2479,22,后面还会有活动吗,买家表示需要退货退款,22
2480,49,广东省东莞市厚街镇厚街寮厦北环路188号濠庭公寓,买家要求修改收件信息,49
2481,112,领了五元的券怎么用不了呢,买家咨询优惠券使用规则,112
2482,53,什么时候才能到啊,买家咨询到货时间,53
2483,44,发货就给我单号吧,买家要求改运费,44
2484,8,我拒收的话要不要申请退货退款呢？,买家表示马上下单付款,8
2485,7,麻烦亲亲联系会员，感谢亲亲,买家表示麻烦卖家，表达感谢,7
2486,86,那我退货,买家咨询商品是否有赠品,86
2487,74,老板，你们收到我退回的货么,买家咨询商家是否收到寄回的商品,74
2488,4,地址对啦,买家表示地址正确,4
2489,110,退款几天能到账,买家咨询退款时间,110
2490,15,上次买的同一家店啊,买家表示是老顾客,15
2491,105,请问换码数的运费怎么算呢,买家咨询退换货运费由谁承担,105
2492,49,地址写错了之前的,买家要求修改收件信息,49
2493,94,问了半天没回答一个,买家咨询是否可以改价,94
2494,109,这样发我到我支付宝里了的,买家咨询退款去向,109
2495,88,亲。好评有活动吗？,买家咨询商品是什么颜色,88
2496,49,发这个地址哦,买家要求修改收件信息,49
2497,86,买50支HB和2B送什么东西,买家咨询商品是否有赠品,86
2498,73,请问燕麦色和米色的色差有多大,买家咨询商家发货地,73
2499,104,标签没拆,买家咨询退换货规则,104
2500,15,我知道可我不能买东西,买家表示是老顾客,15
2501,97,发中通吗？,买家咨询是否可以指定快递,97
2502,103,是不是你们来的地址,买家咨询退换货地址,103
2503,75,店里有2斤装的吗？,买家咨询商品包装,75
2504,37,可以付款后帮忙改地址吗,买家确认地址是否修改成功,37
2505,113,麻烦别忘了开发票,买家咨询运费金额,113
2506,53,什么时候能收到,买家咨询到货时间,53
2507,105,那这个退换货需要自己出运费么,买家咨询退换货运费由谁承担,105
2508,65,logo能印吗？,买家咨询能否定制,65
2509,23,我重新买就要多钱了,买家表示要重拍,23
2510,112,你这三层四十厘米和新款走什么区别,买家咨询优惠券使用规则,112
2511,22,你们尽快按排一下哦，帮我退一下款,买家表示需要退货退款,22
2512,107,退货原因，我应该选择哪个,买家咨询退货退款原因选什么,107
2513,75,包装好点哈，吃的食品,买家咨询商品包装,75
2514,17,那我拿两件送人，除了衣服其他别给我放,买家表示送人的,17
2515,7,哦，谢啰,买家表示麻烦卖家，表达感谢,7
2516,43,请问下可以定制的吗,买家要求改商品信息,43
2517,20,嗯 然后你们补发能不能发申通,买家表示物流太慢了,20
2518,106,我退货邮政快递,买家咨询退换货支持快递,106
2519,12,我可能搞错了地址！等我问下再给你发过去,买家表示商家发错货了,12
2520,98,意思是再买一件返红包是吗？,买家咨询是否有好评返现,98
2521,56,这个是怎么反钱的了,买家咨询返现方式,56
2522,69,不能发货我就拍其它家的,买家咨询偏远地区是否发货,69
2523,105,卖家送收纳盒吗,买家咨询退换货运费由谁承担,105
2524,105,质量问题没有运险费也包邮退换货吗？,买家咨询退换货运费由谁承担,105
2525,65,对了，你这个可以印字吗？,买家咨询能否定制,65
2526,65,亲发票什么时间可以开出来,买家咨询能否定制,65
2527,17,具体的我也不知道，不是给我自己买的,买家表示送人的,17
2528,82,你好这个升级款有什么区别,买家咨询商品区别,82
2529,49,不能发的话告诉我 我换个地址,买家要求修改收件信息,49
2530,66,亲给个退货地址，鞋子拍太大了,买家咨询能否分开/一起发货,66
2531,67,开收据:雅乐口腔高桥门诊部,买家咨询能否开发票及发票类型和寄送时间,67
2532,97,我不指定，只要不发圆通就行！,买家咨询是否可以指定快递,97
2533,60,可不可以用津贴啊,买家咨询活动规则,60
2534,82,我想问下这个和299那款区别在哪,买家咨询商品区别,82
2535,52,亲，我的货到哪了，孩子都问我几天了 /:081,买家咨询补货/上货时间,52
2536,7,快给我发过来。 拜托了。,买家表示麻烦卖家，表达感谢,7
2537,30,下什么单。问题都不回,买家催促回复,30
2538,82,你这个网红款加厚和加厚款是一样的吗？？？,买家咨询商品区别,82
2539,22,亲 码数小了我申请退款重新拍,买家表示需要退货退款,22
2540,54,还没安排上发货吗,买家咨询发货时间,54
2541,71,不想等双十一 现在拍有么有优惠卷呀,买家咨询如何领取优惠券,71
2542,26,点了关注也领不了券,买家表示优惠券无法使用,26
2543,59,亲 这个和26.8的有什么区别啊,买家咨询换货发货时间,59
2544,91,只想要红色的,买家咨询什么颜色好看,91
2545,61,我在你一家买的一衣服.为什么这个不发货？,买家咨询快递单号,61
2546,86,买俩种口味送杯子和勺子么？,买家咨询商品是否有赠品,86
2547,33,不大扰你工作了,买家发送结束语,33
2548,49,备注地址，辽宁省鞍山市台安县新开河镇15941720168孟月,买家要求修改收件信息,49
2549,15,还没用到2个月呀,买家表示是老顾客,15
2550,105,我寄回去运费谁承担啊,买家咨询退换货运费由谁承担,105
2551,36,亲，这个包装也太随便了吧,买家反馈收到的商品有问题,36
2552,23,重新拍别的款,买家表示要重拍,23
2553,79,这个500g的有几个,买家咨询商品规格数量,79
2554,105,你寄回来的邮费怎么给你,买家咨询退换货运费由谁承担,105
2555,45,不要发邮政，收不到,买家要求核对订单信息,45
2556,86,买150元有送什么东西呢？,买家咨询商品是否有赠品,86
2557,65,这个大小可以另制作不。,买家咨询能否定制,65
2558,60,买一送一只能送同款吗,买家咨询活动规则,60
2559,71,亲亲 给张优惠券吧,买家咨询如何领取优惠券,71
2560,65,哦 可以定制啊,买家咨询能否定制,97
2561,39,这个黑色和1什么区别呢,买家向商家表达不好意思,39
2562,93,不是直接申请退款？,买家咨询是否可以发顺丰,93
2563,105,运费什么时候发给我！,买家咨询退换货运费由谁承担,105
2564,112,亲这二种有什么区别,买家咨询优惠券使用规则,112
2565,99,一袋送勺子吗,买家咨询是否有活动,99
2566,92,8折怎么买,买家咨询是否可以打折,92
2567,65,样品袋能够定制吗,买家咨询能否定制,65
2568,67,开专票吗,买家咨询能否开发票及发票类型和寄送时间,67
2569,72,么怎么买,买家咨询如何下单,72
2570,90,那不就是4斤吗？,买家咨询商品重量,90
2571,10,这件衣服的收获地址能改一下吗,买家表示伤心难过,10
2572,31,亲，你在吗？,买家打招呼,31
2573,111,已经下单了，请今天发货,买家咨询物流信息,111
2574,9,汤圆一箱500克多少个,买家表示拍错了,9
2575,57,收到了，不退货是返多少钱？,买家咨询返现金额,57
2576,3,那就都不要了,买家表示不想要了,3
2577,62,买三套可以优惠吗,买家咨询买多件能否优惠,62
2578,7,补两元我就同意,买家表示麻烦卖家，表达感谢,7
2579,49,我刚才马甲地址能改不,买家要求修改收件信息,49
2580,85,确认收货后再申请换货吗,买家咨询商品是否可以单买/单卖,85
2581,113,亲不合适了退换自己出运费吗,买家咨询运费金额,113
2582,69,我看是预售，1.20号才能发货，青海省那会还给发货吗？,买家咨询偏远地区是否发货,69
2583,12,买的3xl怎么发的2xl,买家表示商家发错货了,12
2584,27,实在搞不懂！,买家表示有疑问/不理解,27
2585,94,我能改下款式吗,买家咨询是否可以改价,94
2586,74,你好，我那个换货的衣服收到了吗？,买家咨询商家是否收到寄回的商品,74
2587,82,新款老款有啥区别吗,买家咨询商品区别,82
2588,110,问你确定能收到？,买家咨询退款时间,110
2589,9,要50个可不可以便宜点,买家表示拍错了,9
2590,79,是吗？买一送一,买家咨询商品规格数量,79
2591,73,不是，我两件一起买的。快递分开发货？,买家咨询商家发货地,73
2592,4,订做吧,买家表示地址正确,4
2593,74,我想退款重新拍可以不,买家咨询商家是否收到寄回的商品,74
2594,54,你好，想问一下新疆发货吗,买家咨询发货时间,54
2595,82,69跟89有什么区别,买家咨询商品区别,84
2596,22,我有一款退货商品,买家表示需要退货退款,22
2597,65,亲可以指定一下快递吗,买家咨询能否定制,65
2598,66,亲这个也帮我改成江西的地址么,买家咨询能否分开/一起发货,66
2599,79,1000个？,买家咨询商品规格数量,79
2600,49,这裤子付过钱可以改地址嘛？,买家要求修改收件信息,49
2601,48,换货运费谁负责,买家要求退运费,48
2602,38,买2条y优惠吗？,买家讨价还价,38
2603,49,电话号码需要修改,买家要求修改收件信息,49
2604,91,发邮政和韵达吗,买家咨询什么颜色好看,91
2605,22,那我是申请退货再重拍,买家表示需要退货退款,22
2606,100,发错货 真是麻烦,买家咨询是否有买家秀,100
2607,79,这个9.9买两份是发多少个,买家咨询商品规格数量,79
2608,42,以前净重还多,买家要求发货检查,42
2609,105,那要自己出运费吗？,买家咨询退换货运费由谁承担,105
2610,1,那我也得说一句，道歉有用的话要警察干嘛，你这态度？我要的是处理方案，不是要你道歉,买家表达不满/生气,1
2611,22,我这边直接申请退货了,买家表示需要退货退款,22
2612,43,忘记改颜色了……帮我发黑色,买家要求改商品信息,43
2613,43,老板我的订单还没发货了吗？那就给我换xxL吧。,买家要求改商品信息,43
2614,23,麻烦再给我一个卷吧，我重新买过,买家表示要重拍,23
2615,33,那我买这两箱就这样了？算倒霉？,买家发送结束语,33
2616,38,这件衣服最低什么价,买家讨价还价,38
2617,1,别搞笑成么,买家表达不满/生气,1
2618,101,因为我也经常在你家买衣服,买家咨询是否有实体店,101
2619,60,满98，没减三呢,买家咨询活动规则,60
2620,97,能知道百世或者中通吗,买家咨询是否可以指定快递,97
2621,37,这款99和119差别在哪。,买家确认地址是否修改成功,37
2622,102,没有没味道的吗,买家咨询是否有味道,102
2623,90,靠边的有10包都是碎的，可能运输太久了，白色箱都裂开了,买家咨询商品重量,90
2624,54,今天不能发货？,买家咨询发货时间,54
2625,78,专柜版和其他的有什么区别吗,买家咨询商品的色差问题,78
2626,65,就只能订做？,买家咨询能否定制,65
2627,109,到时退款退在哪里？,买家咨询退款去向,109
2628,97,麻烦你备注下我要中通,买家咨询是否可以指定快递,97
2629,34,帮忙开一张发票古城区含若含蜜幼儿园52530702325317831E,买家发送开票信息,34
2630,100,我还是不太懂 /:811,买家咨询是否有买家秀,100
2631,59,你们收到货就会给寄回来是吗？,买家咨询换货发货时间,59
2632,27,我对花花公子失望??到极点了,买家表示有疑问/不理解,27
2633,78,衣服色差有点大呀,买家咨询商品的色差问题,78
2634,70,这件衣服参加买一赠一么,买家咨询如何加入会员,70
2635,67,可以给我寄发票了,买家咨询能否开发票及发票类型和寄送时间,67
2636,86,这个皮衣什么颜色,买家咨询商品是否有赠品,86
2637,31,亲亲  还在吗,买家打招呼,31
2638,55,发什么快递呢，亲,买家咨询发什么快递,55
2639,57,我帮你们卖掉了7条，共返56元吧,买家咨询返现金额,57
2640,98,现在没有好评活动了？,买家咨询是否有好评返现,98
2641,11,另外我想重新拍,买家表示商家发错地址,11
2642,71,优惠卷没有直接,买家咨询如何领取优惠券,71
2643,31,在忙亲,买家打招呼,31
2644,82,发的质量越来越差了,买家咨询商品区别,82
2645,22,不是说要申请退款吗,买家表示需要退货退款,22
2646,110,反的80什么时候到账呢,买家咨询退款时间,110
2647,86,买二袋送一袋吗,买家咨询商品是否有赠品,86
2648,50,收货返一件的钱吗,买家要求延迟发货,50
2649,102,产地是那里的？,买家咨询是否有味道,102
2650,5,257018476148963812开发票？,买家表示好的,5
2651,99,这个双11.没有活动吗？我在等11一起下单了 /:087,买家咨询是否有活动,99
2652,12,148*88这款不用定制选那种,买家表示商家发错货了,12
2653,99,你们家店不参加双十一活动了？,买家咨询是否有活动,99
2654,99,2提有啥活动吗,买家咨询是否有活动,99
2655,77,火车是合金得吗,买家咨询商品的材质/面料,77
2656,104,如果不能穿可以退换不？,买家咨询退换货规则,104
2657,74,快递你们收到了吗？订单编号73211016892804,买家咨询商家是否收到寄回的商品,74
2658,52,S码还上不？,买家咨询补货/上货时间,52
2659,98,收到货了好评有返现吗,买家咨询是否有好评返现,98
2660,65,尺码可以定做吗,买家咨询能否定制,14
2661,71,亲，拍三件有优惠吗,买家咨询如何领取优惠券,71
2662,46,双十一可以退换的吗,买家要求取消退换货退款,46
2663,38,你好，麻烦抽空处理下差价 /:^_^,买家讨价还价,38
2664,43,我的还没有发货，麻烦你帮我把黑色的那件换成卡其色的，谢谢,买家要求改商品信息,43
2665,33,那你忙吧，不打扰了亲,买家发送结束语,33
2666,67,之前有申请开电子发票的,买家咨询能否开发票及发票类型和寄送时间,67
2667,60,不是这同一件买一送一吗？,买家咨询活动规则,60
2668,22,我申请退款了，你们同意一下。,买家表示需要退货退款,50
2669,94,我拍下你们现在改价不也可以吗？,买家咨询是否可以改价,94
2670,75,请问你这是独立小包装吗？,买家咨询商品包装,75
2671,64,我邮寄到付对吗,买家咨询能否到付,64
2672,29,已经三天了，再不发货我会选择退款,买家催促发货,29
2673,5,嗯嗯呢,买家表示好的,5
2674,49,我地址弄错了。怎么办,买家要求修改收件信息,49
2675,60,可不可以送勺子,买家咨询活动规则,60
2676,84,预售款么,买家咨询商品是不是预售款,84
2677,67,老板开发票,买家咨询能否开发票及发票类型和寄送时间,65
2678,60,是不是双11才优惠啊,买家咨询活动规则,60
2679,102,亲我想退了重新买,买家咨询是否有味道,102
2680,1,你们这个发货太不负责任了，不来问你你们就不管，四五天都还不发货,买家表达不满/生气,1
2681,65,这个可以做70*200的吗？,买家咨询能否定制,65
2682,100,应该后天能到哈,买家咨询是否有买家秀,100
2683,15,我拍了两个裤子,买家表示是老顾客,15
2684,71,你还没回答我的问题！！！ /:>W< /:>W< /:>W<,买家咨询如何领取优惠券,71
2685,105,要定制个榻榻米的垫子,买家咨询退换货运费由谁承担,105
2686,7,给你添麻烦了。 /:^_^ /:^_^,买家表示麻烦卖家，表达感谢,7
2687,37,地址错了了可以改么,买家确认地址是否修改成功,37
2688,49,可以不可以换地址呀,买家要求修改收件信息,49
2689,22,那干脆面你就给我退款吧！怎么操作,买家表示需要退货退款,22
2690,94,花呗钱不够了，能不能给我改一下价格,买家咨询是否可以改价,94
2691,5,实在不行就这样也行,买家表示好的,5
2692,1,不回？,买家表达不满/生气,1
2693,36,看了评论，都说你们家的包装太差，到手很多包装箱都已经摔坏，里面的曲奇饼干都碎了。,买家反馈收到的商品有问题,36
2694,23,我想重拍80,买家表示要重拍,23
2695,104,换货快递已退回,买家咨询退换货规则,104
2696,77,你这个什么材料做的？,买家咨询商品的材质/面料,77
2697,1,我都给友友们说了，你家东西挺好的！服务态度也好！以后还会再来的！,买家表达不满/生气,1
2698,111,你好，我换货的话，中通快递可以用吗,买家咨询物流信息,111
2699,65,你们是什么材质做成的,买家咨询能否定制,65
2700,82,价格不一样的都有些什么区别,买家咨询商品区别,58
2701,7,那天到货吗,买家表示麻烦卖家，表达感谢,7
2702,38,你好！还想订你家的宝贝！价格最低多少,买家讨价还价,38
2703,60,双十二499？,买家咨询活动规则,60
2704,49,原来这里可以修改地址啊,买家要求修改收件信息,49
2705,82,68和78有什么区别,买家咨询商品区别,82
2706,52,还会不会有货以后,买家咨询补货/上货时间,52
2707,7,好了。谢谢哦,买家表示麻烦卖家，表达感谢,7
2708,97,有发邮政么,买家咨询是否可以指定快递,97
2709,31,退款申请，我已经撤回了，好不好,买家打招呼,31
2710,58,你好 我这个买三免一的 确认收货之后返现是吗,买家咨询返现时间,58
2711,48,运费险怎么用的呢？,买家要求退运费,48
2712,67,笔可以开专票吗,买家咨询能否开发票及发票类型和寄送时间,67
2713,82,这个跟之前的有什么区别,买家咨询商品区别,82
2714,55,一般你们都是什么快递公司送的,买家咨询发什么快递,55
2715,4,你们原生产地在哪里啊,买家表示地址正确,4
2716,71,双十二会做活动吗?,买家咨询如何领取优惠券,71
2717,16,不改地址,买家表示收件信息不需要修改了,37
2718,12,我买几个。怎么改价格啊！,买家表示商家发错货了,12
2719,23,然后我一会重新拍可以吗,买家表示要重拍,23
2720,57,你确定吗 我确认收货以后你给我返20啊,买家咨询返现金额,57
2721,49,给我改一下地址行吗？,买家要求修改收件信息,49
2722,71,双11也不参与活动吗,买家咨询如何领取优惠券,71
2723,7,好的[emoji]谢谢,买家表示麻烦卖家，表达感谢,7
2724,105,那这是我垫付的运费,买家咨询退换货运费由谁承担,105
2725,53,等一下~,买家咨询到货时间,53
2726,47,不是買一送一嗎,买家要求添加商家微信,47
2727,41,是不是可以申请补贴5元呢,买家要求补偿,41
2728,82,通明2.0和通明3.0有什么区别,买家咨询商品区别,82
2729,69,杭州华海信息科技有限公司,买家咨询偏远地区是否发货,69
2730,105,寄回还要我出运费吗,买家咨询退换货运费由谁承担,105
2731,13,我的地址，改了吗,买家表示商品已经寄回去了,13
2732,17,你们图片欺骗了我,买家表示送人的,17
2733,31,亲亲   您好,买家打招呼,31
2734,90,饼干是两斤吗,买家咨询商品重量,90
2735,65,不可以定做吗,买家咨询能否定制,65
2736,41,我5星好评，你给点补偿吧。,买家要求补偿,41
2737,90,两斤是整箱吗,买家咨询商品重量,90
2738,45,亲怎么涨价了,买家要求核对订单信息,45
2739,109,20升和23升的有什么区别,买家咨询退款去向,109
2740,46,我须要开发票,买家要求取消退换货退款,46
2741,82,你好，请问升级卷和普通款有什么区别,买家咨询商品区别,82
2742,40,就是不那么甜的，闲的有没,买家需要商品推荐,40
2743,1,??对不起我智障了,买家表达不满/生气,1
2744,60,不是，我是说这两者的区别,买家咨询活动规则,60
2745,73,亲，你那边发货了没,买家咨询商家发货地,73
2746,114,就是质保多长时间啊？,买家咨询运费险赔付规则,114
2747,49,我要改发货地址,买家要求修改收件信息,49
2748,112,我想问下，我有好多优惠券，可以叠加吗,买家咨询优惠券使用规则,112
2749,60,请问，发什么快递？,买家咨询活动规则,60
2750,90,请问这个有多重,买家咨询商品重量,90
2751,113,还想问下，那我运费怎么退呀,买家咨询运费金额,113
2752,104,我买的这个如果不满意，也可以退吗,买家咨询退换货规则,104
2753,71,这款衣衣有优惠券吗？,买家咨询如何领取优惠券,71
2754,75,大家都姓文，保证质量哈！,买家咨询商品包装,75
2755,97,申通快递 谢谢,买家咨询是否可以指定快递,97
2756,114,咦，没有收到退的邮费呢？,买家咨询运费险赔付规则,114
2757,60,你好，双十二可以用购物津贴吗,买家咨询活动规则,60
2758,81,请问1kg有多少个呢,买家咨询商品具体尺码尺寸,81
2759,46,不退款了 怎么取消了,买家要求取消退换货退款,46
2760,20,亲，你们这个物流也太慢了吧,买家表示物流太慢了,20
2761,31,那我申请退款重新拍行吗,买家打招呼,31
2762,22,你那边同意一下吧退货,买家表示需要退货退款,22
2763,60,亲，在吗，参加双十一津贴吗,买家咨询活动规则,60
2764,99,双十一优惠好多啊,买家咨询是否有活动,99
2765,89,厚道的都是超过一定重量的,买家咨询商品质量是否有保障,89
2766,111,能查查到哪里了吗,买家咨询物流信息,111
2767,60,买三免一可以用津贴吗,买家咨询活动规则,60
2768,99,双十一的四免一活动,买家咨询是否有活动,99
2769,20,那同意下退货,买家表示物流太慢了,20
2770,3,那我不要了可以？,买家表示不想要了,3
2771,60,买二送一是送什么？,买家咨询活动规则,60
2772,22,那我申请退款再重新拍对吧,买家表示需要退货退款,22
2773,56,最终确认收货后，是直接微信转账？,买家咨询返现方式,56
2774,113,裤子今天退出,买家咨询运费金额,113
2775,90,而且味道还特别大,买家咨询商品重量,90
2776,3,衣服收到了孩子不太喜欢,买家表示不想要了,3
2777,43,可以把我拍的卫衣颜色改成米白色吗,买家要求改商品信息,43
2778,105,换的邮费你们负责吗？,买家咨询退换货运费由谁承担,105
2779,26,买第二件也能领券吗？,买家表示优惠券无法使用,26
2780,80,能按双十二的价格给么,买家咨询商品价格,80
2781,47,这款169的和199的有什么区别,买家要求添加商家微信,47
2782,21,好的那买3x的试试吧,买家表示先买来试试,21
2783,86,送的东西都有什么,买家咨询商品是否有赠品,86
2784,38,老板，现在买可以便宜嘛,买家讨价还价,38
2785,110,你好收到了吗,买家咨询退款时间,110
2786,116,发什么快递？新疆,买家咨询赠品是否可以自选,116
2787,49,我要改地址，改不了啊,买家要求修改收件信息,49
2788,59,怎么还是拍不了,买家咨询换货发货时间,59
2789,38,你这个最低多少,买家讨价还价,38
2790,24,东西收到了..,买家表示已经收到货了,24
2791,90,我年前补发的东西发出来了吗,买家咨询商品重量,90
2792,37,有运费险，那我退货再重新买吧,买家确认地址是否修改成功,37
2793,0,那你家怎么在双11涨价了？,买家抱怨商品涨价了,0
2794,0,亲，第二件涨价了,买家抱怨商品涨价了,0
2795,4,地址错了。,买家表示地址正确,4
2796,38,不说给我优惠五元的吗,买家讨价还价,38
2797,29,麻烦快点发货呦,买家催促发货,29
2798,108,退货收韵达快递吗？,买家咨询退款金额,108
2799,22,怎么申请退款,买家表示需要退货退款,71
2800,41,发货了，都过去6天了那衣服飞到哪里了,买家要求补偿,41
2801,90,七天无理由退换也要我承担运费吗,买家咨询商品重量,90
2802,92,那件套装还能享6折吗,买家咨询是否可以打折,92
2803,49,老板，我地址系统给搞错了。给我定错区了，能不能联系快递改回来？,买家要求修改收件信息,49
2804,49,要1740件优惠多少,买家要求修改收件信息,49
2805,96,今天下单可以开票，和货品一起寄过来吗,买家咨询是否可以微信支付,96
2806,77,电机是什么材质呢？,买家咨询商品的材质/面料,77
2807,7,噢，好吧，谢谢,买家表示麻烦卖家，表达感谢,7
2808,9,你们收什么快递,买家表示拍错了,9
2809,21,亲，裤子我想换s试试,买家表示先买来试试,21
2810,38,直接少五元嘛,买家讨价还价,38
2811,105,是送收纳箱不,买家咨询退换货运费由谁承担,105
2812,73,你好，我着急用，明天可以帮我发货吗，顺丰,买家咨询商家发货地,73
2813,25,那我那个已经下单了，付款了,买家表示已下单付款,25
2814,88,你好，这条裤子是什么颜色的？,买家咨询商品是什么颜色,88
2815,82,和这款有什么区别呢,买家咨询商品区别,82
2816,46,亲，退款不能撤销吗,买家要求取消退换货退款,46
2817,71,退货的话邮费不用我付的是吗？,买家咨询如何领取优惠券,71
2818,67,这个一件是多少克？,买家咨询能否开发票及发票类型和寄送时间,67
2819,67,开收据随货走宜兴市中超利永紫砂陶有限公司南京分公司,买家咨询能否开发票及发票类型和寄送时间,67
2820,67,您好，问下发票大概什么时候开好,买家咨询能否开发票及发票类型和寄送时间,67
2821,60,返场活动是什么意思？,买家咨询活动规则,60
2822,98,已收到货了，全五星好评有奖励吗亲,买家咨询是否有好评返现,98
2823,55,适合送礼吗,买家咨询发什么快递,55
2824,88,展示的是什么颜色,买家咨询商品是什么颜色,88
2825,99,亲你们店什么时候有聚划算活动,买家咨询是否有活动,99
2826,20,你家物流好慢额，能催一下快递吗,买家表示物流太慢了,20
2827,38,好的，如果我现在购买，双十一有优惠怎么办,买家讨价还价,38
2828,7,XS的什么时候有货？,买家表示麻烦卖家，表达感谢,7
2829,21,有运费险吧？我先买个2X的回来看看,买家表示先买来试试,21
2830,59,我换的货什么时候发出来,买家咨询换货发货时间,59
2831,105,好的  那我明天  退  看多少运费,买家咨询退换货运费由谁承担,105
2832,0,这个有送收纳盒么,买家抱怨商品涨价了,0
2833,51,双十二做活动么,买家要求延长收货时间,51
2834,97,请问支持中通吗,买家咨询是否可以指定快递,97
2835,86,送礼物吗,买家咨询商品是否有赠品,86
2836,50,因为是预售？,买家要求延迟发货,50
2837,44,没有退邮费吗？,买家要求改运费,44
2838,97,您好，真的不能指定发邮政吗？,买家咨询是否可以指定快递,97
2839,97,不要韵达百世,买家咨询是否可以指定快递,97
2840,1,哎，今年rng太让人失望了,买家表达不满/生气,1
2841,82,羊羔绒和水晶绒什么区别,买家咨询商品区别,82
2842,74,我看衣服已经签收？,买家咨询商家是否收到寄回的商品,74
2843,60,玫瑰花是买二送一吗,买家咨询活动规则,60
2844,75,外面是什么包装,买家咨询商品包装,75
2845,74,你好 我退货的衣服你们收到了吗,买家咨询商家是否收到寄回的商品,74
2846,106,那你们不认百世快递，汇通快递也行呀,买家咨询退换货支持快递,106
2847,3,这个两种有什么不一样,买家表示不想要了,3
2848,97,其他的快递不太方便,买家咨询是否可以指定快递,97
2849,96,购买可以微信支付吗,买家咨询是否可以微信支付,96
2850,25,拍好了，亲,买家表示已下单付款,25
2851,15,亲，你家老客户了,买家表示是老顾客,15
2852,53,什么时候可以有码数,买家咨询到货时间,53
2853,54,今天可能发货,买家咨询发货时间,54
2854,92,但也没写说是一块儿拍不打折呀,买家咨询是否可以打折,92
2855,114,这个换码的到哪里了,买家咨询运费险赔付规则,114
2856,29,最好今晚要送，明天一大早出差,买家催促发货,29
2857,20,你这快递太慢了,买家表示物流太慢了,20
2858,94,不能直接改一下价格么,买家咨询是否可以改价,94
2859,46,就是货退回了，我可以退款了是吧,买家要求取消退换货退款,46
2860,25,我说我已经付款了。,买家表示已下单付款,25
2861,105,如果我换件别的款，需要运费吗？,买家咨询退换货运费由谁承担,105
2862,110,多谢，最后问一下下单后到北京的话大概多久需要？,买家咨询退款时间,110
2863,60,买两份送两份对吧,买家咨询活动规则,60
2864,56,你的货收到了吗？什么时候再发货？,买家咨询返现方式,56
2865,105,付好了，发票一起寄过来,买家咨询退换货运费由谁承担,105
2866,5,下单后要多久发货呢？,买家表示好的,5
2867,56,支付宝余额里没有啊,买家咨询返现方式,56
2868,84,双12拍的话 还是预售吗,买家咨询商品是不是预售款,84
2869,32,就是没看见撤销,买家对特定款式/颜色表达喜好,32
2870,23,那今天下单，可以发货吗,买家表示要重拍,23
2871,77,全铝合金吗,买家咨询商品的材质/面料,77
2872,102,有呛鼻子的味道么,买家咨询是否有味道,102
2873,105,那我换货，只需要我付退过去的运费吧,买家咨询退换货运费由谁承担,105
2874,54,如果定做也不行嘛？,买家咨询发货时间,54
2875,88,那这款是什么材质的,买家咨询商品是什么颜色,88
2876,101,我重拍吧，我怕您发错,买家咨询是否有实体店,101
2877,75,有盒子包装吗？,买家咨询商品包装,77
2878,79,1.5多少个,买家咨询商品规格数量,79
2879,65,这个300的券跟1000减100的是不是可以叠加？,买家咨询能否定制,65
2880,31,在亲，,买家打招呼,31
2881,97,圆通bb,买家咨询是否可以指定快递,97
2882,58,这样一袋是多少g,买家咨询返现时间,58
2883,61,活动什么喜欢,买家咨询快递单号,61
2884,90,这个1kg多少个,买家咨询商品重量,90
2885,73,现在拍下晚一点发货,买家咨询商家发货地,73
2886,6,我现在寄过去吧,买家表示具体时间寄回去,6
2887,21,那你们先别发货啊！，我重新拍,买家表示先买来试试,21
2888,67,发票跟货一起发过来,买家咨询能否开发票及发票类型和寄送时间,67
2889,69,买两罐送勺子吧,买家咨询偏远地区是否发货,69
2890,60,46吗？送赠品,买家咨询活动规则,60
2891,49,给我改一下收货地址吧,买家要求修改收件信息,49
2892,99,双十一这条裤子还会有活动吗,买家咨询是否有活动,99
2893,86,买了直接送收纳盒吗,买家咨询商品是否有赠品,86
2894,0,你那个梳子有点小贵,买家抱怨商品涨价了,0
2895,7,不用了。。买了好多了。,买家表示麻烦卖家，表达感谢,7
2896,75,小包装是一条一条的吗,买家咨询商品包装,75
2897,19,又买不了,买家表示无法下单,19
2898,103,那算了，还是退了，急用的，抱歉,买家咨询退换货地址,103
2899,43,亲东西到是收到了但是包装纸箱太差了收到吋纸箱都快破了还好沒有掉出来老顾客了只提这一点 /:!,买家要求改商品信息,43
2900,75,一样的包装吗,买家咨询商品包装,75
2901,29,亲  我的货怎么还没有发呢,买家催促发货,29
2902,59,就不能送一个,买家咨询换货发货时间,59
2903,82,这两个口感有区别吗？,买家咨询商品区别,82
2904,113,大概多久发,买家咨询运费金额,113
2905,1,你们太不负责任了，来来回回得多少天,买家表达不满/生气,1
2906,62,我要下次购物有什么优惠吗？,买家咨询买多件能否优惠,62
2907,4,你们下一次啥时候上新,买家表示地址正确,4
2908,97,请给我备注一下，发邮政,买家咨询是否可以指定快递,97
2909,4,地址填错了可以修改吗,买家表示地址正确,4
2910,66,那有货的可以先发？,买家咨询能否分开/一起发货,66
2911,16,算了 地址还是不用改了,买家表示收件信息不需要修改了,16
2912,77,那个衣服已经换货啦，你们单号给我吧。,买家咨询商品的材质/面料,77
2913,86,推荐里面送不送多少东西。,买家咨询商品是否有赠品,86
2914,57,就是收到货以后再返12元,买家咨询返现金额,57
2915,49,改地址的话是不是要更久,买家要求修改收件信息,49
2916,110,周一发出，退掉，退款具体什么时候到账,买家咨询退款时间,110
2917,110,到时候你什么样退6元给我,买家咨询退款时间,110
2918,60,我说的新品买一送一,买家咨询活动规则,60
2919,97,这个可以邮政发吗？,买家咨询是否可以指定快递,97
2920,3,款式有点不太喜欢,买家表示不想要了,3
2921,59,你好发票已经寄了吗,买家咨询换货发货时间,59
2922,90,这款是几斤,买家咨询商品重量,90
2923,109,买一赠一什么意思,买家咨询退款去向,109
2924,7,那里加,买家表示麻烦卖家，表达感谢,7
2925,44,之前说邮费不能改,买家要求改运费,44
2926,80,金银花多少钱一斤,买家咨询商品价格,80
2927,82,乌东面和车仔面有什么区别吗,买家咨询商品区别,82
2928,60,可以退款重新下单吗？我忘了跨店凑满200减20的活动,买家咨询活动规则,60
2929,82,这个也不一样呀,买家咨询商品区别,82
2930,54,亲，我刚刚拍码数错了，现在可以帮我改吗,买家咨询发货时间,54
2931,77,皮的？,买家咨询商品的材质/面料,77
2932,113,不好意思 不等了,买家咨询运费金额,113
2933,3,不要了,买家表示不想要了,3
2934,58,对了，现在可以返现了吗？,买家咨询返现时间,58
2935,15,都在你们家买过很多次了,买家表示是老顾客,15
2936,90,你好，一平勺大约多少克,买家咨询商品重量,90
2937,93,亲 能发顺丰吗,买家咨询是否可以发顺丰,93
2938,65,可以定制吗宿舍服吗,买家咨询能否定制,65
2939,104,你好，不合适的衣服之后可以退换吗,买家咨询退换货规则,104
2940,67,罗满早。13908449785。湖南省衡阳市衡东县城关镇中学围墙。。,买家咨询能否开发票及发票类型和寄送时间,67
2941,73,广东，不是浙江杭州吗？,买家咨询商家发货地,73
2942,9,给我发错货了，,买家表示拍错了,9
2943,110,能早发吗？因为学校放假回家就收不到,买家咨询退款时间,110
2944,55,行 内蒙发什么快递？？,买家咨询发什么快递,55
2945,4,对的。地址对的。,买家表示地址正确,4
2946,24,你好能帮我改一下地址吗,买家表示已经收到货了,24
2947,67,发票随货还是收货联系您,买家咨询能否开发票及发票类型和寄送时间,67
2948,3,不要以这种方式推卸责任,买家表示不想要了,3
2949,22,可以，我申请退款,买家表示需要退货退款,22
2950,43,我怎么调换,买家要求改商品信息,43
2951,79,一斤有多少包,买家咨询商品规格数量,79
2952,62,那是不是这个活动就是没有啊,买家咨询买多件能否优惠,62
2953,75,前两天买散装的有两个瘪了的，请保证这次包装好点,买家咨询商品包装,75
2954,105,货的话是不是直接寄给你们？,买家咨询退换货运费由谁承担,105
2955,61,这款s号还补货么,买家咨询快递单号,61
2956,48,在吗，运费啥时候退给我,买家要求退运费,48
2957,79,这个面包两斤大概几包啊,买家咨询商品规格数量,79
2958,30,腰围太紧，穿着不满意,买家催促回复,30
2959,67,就是直接也可以开专票给我们嘛,买家咨询能否开发票及发票类型和寄送时间,67
2960,107,可以叠加499减20？,买家咨询退货退款原因选什么,107
2961,75,这种玩具有没有包装盒子的？,买家咨询商品包装,75
2962,65,纸质发票随货物一同发即可，发票用信用装着贴在货物最外侧,买家咨询能否定制,65
2963,60,这个是和图片一样的吗,买家咨询活动规则,60
2964,6,我寄出啦,买家表示具体时间寄回去,6
2965,106,催下快递尽快吧谢谢,买家咨询退换货支持快递,106
2966,97,能发快递吗,买家咨询是否可以指定快递,97
2967,109,11号再买现在都没活动呀,买家咨询退款去向,109
2968,53,我寄回去的你们收到了吗？,买家咨询到货时间,53
2969,101,实体店在哪里,买家咨询是否有实体店,101
2970,65,可以定做尺寸吧？,买家咨询能否定制,65
2971,78,你好 这个衣服色差太大了吧,买家咨询商品的色差问题,78
2972,1,三天都不揽收！！！好过分！！,买家表达不满/生气,1
2973,25,就是已经买了你的食品,买家表示已下单付款,25
2974,16,要不到了余干县  就让改地址 到时候联系谁 它是先经过余干县城的,买家表示收件信息不需要修改了,16
2975,111,亲，查下我的件到哪了吧,买家咨询物流信息,111
2976,49,寄香港,买家要求修改收件信息,49
2977,47,知道的哟 老顾客了,买家要求添加商家微信,47
2978,49,好，你让他们查查看是不是快递出了什么问题了，盒子坏了，或者找不到了什么的,买家要求修改收件信息,49
2979,93,这一款现在买能优惠吗？,买家咨询是否可以发顺丰,93
2980,97,发中通么？,买家咨询是否可以指定快递,97
2981,90,你好 老板 我这个拍错了 多拍了4件怎么办,买家咨询商品重量,90
2982,82,床单跟床笠是什么区别,买家咨询商品区别,82
2983,20,现在用邮政太慢了,买家表示物流太慢了,20
2984,3,单纯的不想要了,买家表示不想要了,3
2985,73,你们从哪边发货啊？我明天下午要用,买家咨询商家发货地,73
2986,55,请问发什么快递的,买家咨询发什么快递,55
2987,1,为什么还不发出快递，明天上午回家了之后就收不到了还要等两天,买家表达不满/生气,1
2988,75,买这个送碗吗,买家咨询商品包装,75
2989,62,这一套买多能便宜多少钱,买家咨询买多件能否优惠,62
2990,24,准备给我爸买的,买家表示已经收到货了,24
2991,86,亲这个都送什么呀？,买家咨询商品是否有赠品,86
2992,33,还是纸质？,买家发送结束语,33
2993,82,车仔面和乌冬面都一样吗,买家咨询商品区别,82
2994,104,那您怎么给我换的,买家咨询退换货规则,104
2995,90,半斤是吗,买家咨询商品重量,90
2996,16,能改地址不能？,买家表示收件信息不需要修改了,16
2997,46,可以穿，还行妹妹说就留下不换了,买家要求取消退换货退款,46
2998,77,确定那里面有棉吗,买家咨询商品的材质/面料,77
2999,53,还没有到吗,买家咨询到货时间,53
3000,38,这个是最低价了嘛,买家讨价还价,38
3001,99,请问这件衣服双十二有优惠吗？,买家咨询是否有活动,99
3002,113,请一定保证质量哈亲,买家咨询运费金额,113
3003,105,那你有没有给我转那个运费呀？,买家咨询退换货运费由谁承担,105
3004,23,我把裤子退了从新拍,买家表示要重拍,23
3005,21,好吧    我再逛逛,买家表示先买来试试,21
3006,66,你这边是从苏州发货的吗,买家咨询能否分开/一起发货,66
3007,3,昨天这个我不要了,买家表示不想要了,3
3008,60,买一送一是什么来的,买家咨询活动规则,60
3009,49,地址 ：辽宁省沈阳市和平区和平北大街 184号 中铝科技大厦 赵云鹤 17740072033,买家要求修改收件信息,49
3010,94,这个净含量多重？,买家咨询是否可以改价,94
3011,53,老客户有没有优惠啦,买家咨询到货时间,53
3012,36,亲，涨袋了,买家反馈收到的商品有问题,36
3013,21,拍条试试吧,买家表示先买来试试,21
3014,64,有个可以到付吗？,买家咨询能否到付,64
3015,52,这套衣服的头饰后期会出么？,买家咨询补货/上货时间,52
3016,50,你好，水煮鱼配料地址我填错了,买家要求延迟发货,50
3017,39,现在看到了不好意思,买家向商家表达不好意思,39
3018,75,礼盒多大？,买家咨询商品包装,75
3019,90,你好，欧式面包每箱3斤大约多少个,买家咨询商品重量,90
3020,82,别都是一样的,买家咨询商品区别,90
3021,58,我的买一送一的打底裤收到货了怎么返现,买家咨询返现时间,58
3022,86,只送一个？,买家咨询商品是否有赠品,86
3023,17,如果我买了两件地址能分开发货吗？,买家表示送人的,17
3024,110,弄错了，衣服的还没收到呢,买家咨询退款时间,110
3025,67,你好，麻烦帮我开发票吧,买家咨询能否开发票及发票类型和寄送时间,67
3026,86,我买一份也送收纳箱吗,买家咨询商品是否有赠品,86
3027,99,亲，这个裤子是买1送1吗？,买家咨询是否有活动,99
3028,50,希望你们能尽快帮我发货，谢谢,买家要求延迟发货,50
3029,22,鞋子刚收到了，太小，不合适，需要退货 /:018,买家表示需要退货退款,22
3030,82,价格不一样，有啥区别,买家咨询商品区别,82
3031,12,衣服是不是发错了,买家表示商家发错货了,12
3032,23,我再从新拍一条,买家表示要重拍,23
3033,74,外包装也压坏了，已被收垃圾的收走了,买家咨询商家是否收到寄回的商品,74
3034,49,你好、麻烦地址改一下,买家要求修改收件信息,49
3035,87,亲，三年质保是有问题换新吗,买家咨询商品是否有质保，质保多久,87
3036,60,我是不是在买一袋送一袋呀,买家咨询活动规则,60
3037,102,就是有股味道,买家咨询是否有味道,102
3038,60,这两个可以买一，送一吗,买家咨询活动规则,60
3039,12,不要发错了噢。上次发错了,买家表示商家发错货了,12
3040,49,山东省青岛市平度天山路9号欧罗德软包,买家要求修改收件信息,49
3041,36,你这衣服啥颜色啊，差的也太多了,买家反馈收到的商品有问题,36
3042,104,我现在不可以退换了。,买家咨询退换货规则,104
3043,79,我买了5份虾 应该给我发多少斤  15斤吗  就是15袋  是吗,买家咨询商品规格数量,79
3044,4,这虾一包多重,买家表示地址正确,4
3045,49,我的的收货地址要改一下行吗？,买家要求修改收件信息,49
3046,41,午睡了 /:815,买家要求补偿,41
3047,34,我能退了从新买嘛,买家发送开票信息,34
3048,15,没发现在你家买这么多次了,买家表示是老顾客,15
3049,86,怎么没送勺子,买家咨询商品是否有赠品,86
3050,29,什么时候给我发一个，请尽快啊,买家催促发货,29
3051,7,号买错了…,买家表示麻烦卖家，表达感谢,7
3052,31,你好亲亲,买家打招呼,31
3053,110,我办理退款了,买家咨询退款时间,110
3054,97,只想买一瓶可是不能发中通,买家咨询是否可以指定快递,97
3055,1,反正我不管,买家表达不满/生气,1
3056,56,18元可以返现了哈,买家咨询返现方式,56
3057,46,算了……不买了,买家要求取消退换货退款,46
3058,29,那我今天买 什么时候发货,买家催促发货,29
3059,97,你好，你们这个快递可以指定发邮政吗？,买家咨询是否可以指定快递,97
3060,52,问下补货了吗,买家咨询补货/上货时间,52
3061,74,我换货的物流信息显示你们已经签收,买家咨询商家是否收到寄回的商品,74
3062,49,好的如果到了就不用改地址了,买家要求修改收件信息,49
3063,104,怎么调换尺码啊,买家咨询退换货规则,104
3064,43,M1型号和M3型号有什么区别,买家要求改商品信息,43
3065,49,那给我发邮政哦,买家要求修改收件信息,49
3066,59,亲，换货的，什么时候寄出,买家咨询换货发货时间,59
3067,102,修改手机号,买家咨询是否有味道,102
3068,44,没有双11活动对吗,买家要求改运费,44
3069,97,怎么还不给我退钱啊,买家咨询是否可以指定快递,97
3070,43,那我要不要改成130的呢,买家要求改商品信息,43
3071,114,我的运费险什么时候补给我,买家咨询运费险赔付规则,114
3072,60,我刚拍的去角质是买一送一吗,买家咨询活动规则,60
3073,97,不要申通百世,买家咨询是否可以指定快递,97
3074,107,拜托了啊,买家咨询退货退款原因选什么,107
3075,45,收件地址是正确的,买家要求核对订单信息,45
3076,31,人人咧,买家打招呼,31
3077,105,我想问下您方寄回给我的运费由谁承担呢。,买家咨询退换货运费由谁承担,105
3078,2,蓝黑感觉也很好看,买家表达赞美/满意,2
3079,99,就这个折扣呀,买家咨询是否有活动,99
3080,27,怎么少退了3块呀,买家表示有疑问/不理解,27
3081,49,要先付款你们才能改地址吗,买家要求修改收件信息,49
3082,1,太麻烦了，我搞不来,买家表达不满/生气,1
3083,60,冬被和聚热冬被有什么区别,买家咨询活动规则,60
3084,82,电压有什么区别,买家咨询商品区别,58
3085,111,亲 查到了吗,买家咨询物流信息,111
3086,37,麻烦收件地址帮我修改一下,买家确认地址是否修改成功,37
3087,90,一盒6个多重？,买家咨询商品重量,90
3088,71,在哪儿领取呀,买家咨询如何领取优惠券,71
3089,106,我要发申通，备注里可以了吗？,买家咨询退换货支持快递,106
3090,33,有一部分还没发货的等一下我发给你帮我改一下,买家发送结束语,33
3091,54,现在拍，明天能发货吗？,买家咨询发货时间,54
3092,56,你好 我买的这两件可以返现吧,买家咨询返现方式,56
3093,97,新疆发货呢吧？,买家咨询是否可以指定快递,97
3094,31,上午好  亲,买家打招呼,31
3095,9,你好，拍错了尺码,买家表示拍错了,9
3096,58,吉林长春南关区南岭街道自由大路2476号体育学院。,买家咨询返现时间,58
3097,88,外表是黑色的吧,买家咨询商品是什么颜色,88
3098,60,我可不可以现在买双十一的价,买家咨询活动规则,60
3099,55,拒收邮政，谢谢,买家咨询发什么快递,55
3100,48,请问运费好久发给我？,买家要求退运费,48
3101,67,不能开专票吗。,买家咨询能否开发票及发票类型和寄送时间,67
3102,103,地址呢？我要寄快递,买家咨询退换货地址,103
3103,97,快递可以指定邮政嘛,买家咨询是否可以指定快递,1
3104,104,没有吊牌袋子了,买家咨询退换货规则,104
3105,105,那我要是换还得自己包运费？,买家咨询退换货运费由谁承担,105
3106,67,你好，我买的笔能开发票吗,买家咨询能否开发票及发票类型和寄送时间,67
3107,16,那麻烦帮我改一下黑色,买家表示收件信息不需要修改了,16
3108,17,亲 和包邮产品一起买了 可以帮我改一下运费吗,买家表示送人的,17
3109,30,问你你不回,买家催促回复,30
3110,22,货物收到了，能退款吗,买家表示需要退货退款,22
3111,108,你好，我刚刚有件衣服选错尺码了,买家咨询退款金额,108
3112,65,可以定制一个60x60的吗？,买家咨询能否定制,65
3113,100,不搞活动吗,买家咨询是否有买家秀,100
3114,99,那有什么优惠活动吗,买家咨询是否有活动,99
3115,60,我看中了这款，双十一价格是多少,买家咨询活动规则,60
3116,105,退换货运费怎么算,买家咨询退换货运费由谁承担,105
3117,112,你好，请问下优惠券不可以叠加使用对吧？,买家咨询优惠券使用规则,112
3118,90,是新鲜的吗，净重多少,买家咨询商品重量,90
3119,82,但是他有两种，有什么区别,买家咨询商品区别,82
3120,108,这两种的区别是,买家咨询退款金额,108
3121,50,加绒跟加厚绒有什么区别吗？,买家要求延迟发货,50
3122,110,我现在退款不行吗,买家咨询退款时间,110
3123,99,那你们双十二有没有活动啊,买家咨询是否有活动,99
3124,33,忙你的吧，不打扰了,买家发送结束语,33
3125,94,这次没改价格,买家咨询是否可以改价,94
3126,69,请问黄色的和图片是有色差嘛,买家咨询偏远地区是否发货,69
3127,102,比洗之前的味还大,买家咨询是否有味道,102
3128,78,我就是怕到时候有色差,买家咨询商品的色差问题,78
3129,60,买一送一是几个,买家咨询活动规则,60
3130,104,发过给吊牌摘了可以么,买家咨询退换货规则,104
3131,114,不是给我退运费险吗？,买家咨询运费险赔付规则,114
3132,99,是不是买三发五啊,买家咨询是否有活动,99
3133,23,我想退掉重新拍，可以吗？,买家表示要重拍,23
3134,97,可以指定百世或者中通吗,买家咨询是否可以指定快递,97
3135,22,我之前退的货，怎么还没退款给我呢？,买家表示需要退货退款,22
3136,13,你好快递注意查收一下,买家表示商品已经寄回去了,13
3137,38,再给点优惠我嘛 老顾客了嘛,买家讨价还价,38
3138,60,买500克送500克是吗？,买家咨询活动规则,60
3139,59,麻烦帮我开一下发票，,买家咨询换货发货时间,59
3140,90,亲，这虾皮一份是多重,买家咨询商品重量,90
3141,53,过年前能到就行/:^_^,买家咨询到货时间,53
3142,53,我换号码的毛衣外套怎么还没有到呢,买家咨询到货时间,53
3143,113,快递费大概多少钱？,买家咨询运费金额,113
3144,12,亲，怎么把颜色发错了,买家表示商家发错货了,12
3145,71,价格还能优惠吗,买家咨询如何领取优惠券,71
3146,60,意思就是 我这件衣服单独帮我发顺丰  我补差价,买家咨询活动规则,60
3147,57,情侣款的跟那个普通的tape-c，有什么差别吗,买家咨询返现金额,57
3148,54,这款多久发货,买家咨询发货时间,54
3149,66,两套可以分别寄两个地方吗 /:^O^,买家咨询能否分开/一起发货,66
3150,29,同意一下退货 亲,买家催促发货,29
3151,71,现在买有优惠卷吗？,买家咨询如何领取优惠券,71
3152,73,你好！请问是从哪里发货呢！,买家咨询商家发货地,73
3153,28,好的，亲 /:^_^,买家表示再看看,28
3154,82,这俩有什么区别吗,买家咨询商品区别,60
3155,84,早下单早发货？,买家咨询商品是不是预售款,84
3156,54,什么时候可以发货？然后大概什么时候可以到？,买家咨询发货时间,54
3157,13,注意查收一下快递,买家表示商品已经寄回去了,13
3158,65,那可以定制吗,买家咨询能否定制,65
3159,60,水，乳，霜这3样怎么买呀,买家咨询活动规则,60
3160,98,好评优惠吗,买家咨询是否有好评返现,98
3161,0,可以退换货啊？,买家抱怨商品涨价了,0
3162,16,这个酒红色西装还会补货吗,买家表示收件信息不需要修改了,16
3163,92,3件不打折了？,买家咨询是否可以打折,92
3164,1,不懂就滚,买家表达不满/生气,1
3165,60,我见原来还是买一送一么,买家咨询活动规则,60
3166,60,现在买有没有优惠卷？,买家咨询活动规则,60
3167,73,杭州发货的呀,买家咨询商家发货地,73
3168,32,我要黑色格子的,买家对特定款式/颜色表达喜好,32
3169,117,你好，，发邮政吗,买家咨询自己的旺旺昵称,117
3170,60,双十一是不是价格低？,买家咨询活动规则,60
3171,114,那我那个运费险怎么用,买家咨询运费险赔付规则,114
3172,46,亲，盆栽在不发 我就退货了,买家要求取消退换货退款,46
3173,36,二十六号当天发货么,买家反馈收到的商品有问题,36
3174,16,你们这里可以投诉客服吗,买家表示收件信息不需要修改了,16
3175,89,店家在么？,买家咨询商品质量是否有保障,89
3176,97,我说   我这边只有邮政才到,买家咨询是否可以指定快递,97
3177,32,儿子喜欢蓝色 /:^$^,买家对特定款式/颜色表达喜好,32
3178,74,现在你们收到货了哈,买家咨询商家是否收到寄回的商品,74
3179,40,抽丝不想要了,买家需要商品推荐,40
3180,24,不是买一箱送一箱麽？？,买家表示已经收到货了,24
3181,97,不发邮政了,买家咨询是否可以指定快递,97
3182,114,标签拿掉了 还能退吗,买家咨询运费险赔付规则,114
3183,20,你们的快递是真慢 /:020,买家表示物流太慢了,20
3184,51,要三条有优惠没,买家要求延长收货时间,51
3185,60,买了4袋送100粒么,买家咨询活动规则,60
3186,104,我不生气？,买家咨询退换货规则,104
3187,79,9.9选共多少个,买家咨询商品规格数量,79
3188,111,快递怎么不走了,买家咨询物流信息,111
3189,38,最低能按多少啊,买家讨价还价,38
3190,18,稍等我问下顾客,买家表示无法申请退款,18
3191,3,我不想要这个裤子了 不好意思,买家表示不想要了,3
3192,79,是三斤哈。,买家咨询商品规格数量,79
3193,80,是38.9？,买家咨询商品价格,80
3194,102,嗯 鞋子有味,买家咨询是否有味道,102
3195,1,这个衣服也是醉了,买家表达不满/生气,1
3196,99,当时在你家买的买三送一，因为裤子太小，中间耽搁了一些时间，现在换的我也收到了,买家咨询是否有活动,99
3197,99,店铺不参与双十一活动吗,买家咨询是否有活动,99
3198,92,不是送同款吗 /:007,买家咨询是否可以打折,92
3199,67,可以开具增值税专用发票吗,买家咨询能否开发票及发票类型和寄送时间,67
3200,93,我今天想买个衣服能帮我发顺丰么,买家咨询是否可以发顺丰,93
3201,67,发票开好了吗,买家咨询能否开发票及发票类型和寄送时间,67
3202,33,噢噢是南通工厂？,买家发送结束语,33
3203,3,如果在没有更新，我就不要了,买家表示不想要了,3
3204,90,这个是多少克一小包,买家咨询商品重量,90
3205,53,可以发顺丰 7号之前可以到吗,买家咨询到货时间,53
3206,46,如果发货啦的话就不退啦,买家要求取消退换货退款,46
3207,82,升级版和普通版有什么不一样吗,买家咨询商品区别,82
3208,76,产地是新疆的吗,买家咨询商品产地,76
3209,49,电话号码改成17334825301,买家要求修改收件信息,49
3210,82,吐司牛奶和奶醇吐司牛奶不一样吗,买家咨询商品区别,82
3211,111,请查一下，你后面发的快递到哪里了，前面发那个一直没动过。,买家咨询物流信息,111
3212,108,卡其色的不退了,买家咨询退款金额,108
3213,109,收到货就打到支付宝吧,买家咨询退款去向,109
3214,5,嗷嗷嗷 了解了,买家表示好的,5
3215,19,明天也会打折是吗,买家表示无法下单,19
3216,7,我穿上大就不说了，你们这个黑我着实不喜欢,买家表示麻烦卖家，表达感谢,7
3217,90,一包有多重呢,买家咨询商品重量,90
3218,52,那m码什么时候还有货呢？,买家咨询补货/上货时间,52
3219,71,这个90??90的可以做成40??1米吗,买家咨询如何领取优惠券,71
3220,87,请问快递你们收到了嘛。？,买家咨询商品是否有质保，质保多久,87
3221,12,你们家那个15元的券，怎么用不了呀,买家表示商家发错货了,12
3222,23,好，那我还想要那条连衣裙要从新拍吗,买家表示要重拍,23
3223,21,这鞋子的气味也太大了吧,买家表示先买来试试,21
3224,92,选四件六折吗,买家咨询是否可以打折,92
3225,112,这个和幻彩版有啥区别,买家咨询优惠券使用规则,112
3226,69,什么时候蓝色能有货,买家咨询偏远地区是否发货,69
3227,97,圆通跟百世我这边不收不到,买家咨询是否可以指定快递,97
3228,60,直接给双十一价格不好吗,买家咨询活动规则,60
3229,49,福建省厦门市同安区新民镇西塘马鞍路王子强超市,买家要求修改收件信息,49
3230,86,就是送同款那个,买家咨询商品是否有赠品,86
3231,55,哈么发什么。,买家咨询发什么快递,55
3232,54,大约什么时候,买家咨询发货时间,54
3233,33,亲，发票还要多久开出开呀,买家发送结束语,33
3234,13,那我是先申请退款退货吗,买家表示商品已经寄回去了,13
3235,54,今天下午能发吗,买家咨询发货时间,54
3236,85,/:815 看不懂到了再说吧，,买家咨询商品是否可以单买/单卖,85
3237,109,退运费是退在哪里,买家咨询退款去向,109
3238,1,你们很搞笑,买家表达不满/生气,1
3239,99,这个是二斤是吗,买家咨询是否有活动,99
3240,30,哪个快一点,买家催促回复,30
3241,2,亲 好评有奖励吗？,买家表达赞美/满意,2
3242,59,换码的鞋子发出来了呢,买家咨询换货发货时间,59
3243,28,你们真是骗人的呵呵,买家表示再看看,28
3244,97,客服你好我忘记备注，你记得帮我备注发韵达快递哦,买家咨询是否可以指定快递,97
3245,59,但是他那边收到件就立马给我换货了,买家咨询换货发货时间,59
3246,69,是杭州的货吗,买家咨询偏远地区是否发货,69
3247,12,图片裤子是什么颜色,买家表示商家发错货了,12
3248,97,麻烦帮忙备注一下圆通！,买家咨询是否可以指定快递,97
3249,66,不要发货,买家咨询能否分开/一起发货,66
3250,86,能送碗吗,买家咨询商品是否有赠品,86
3251,29,那麻烦尽快发货哈，谢谢,买家催促发货,29
3252,46,不退呀,买家要求取消退换货退款,46
3253,31,您好   在吗,买家打招呼,31
3254,110,就是只退一件的款,买家咨询退款时间,110
3255,104,收到货了，穿上有点窄，可以退换货吗？,买家咨询退换货规则,104
3256,49,重庆市合川区三庙镇三庙代收点,买家要求修改收件信息,49
3257,92,对啊，买一件第二件不是半价嘛,买家咨询是否可以打折,92
3258,22,那个我不申请，退货这个费用呢,买家表示需要退货退款,22
3259,3,不要了，没收货,买家表示不想要了,3
3260,60,棉服可以买一赠一么,买家咨询活动规则,60
3261,92,以后有什么福利，打折什么的别忘了我,买家咨询是否可以打折,92
3262,90,净重量是多少呢？,买家咨询商品重量,90
3263,53,你好这个28号能不能收到货,买家咨询到货时间,53
3264,54,亲 今天拍的话今天能发货么,买家咨询发货时间,54
3265,102,这个有香味么,买家咨询是否有味道,102
3266,110,你们同意的话，我就不退了,买家咨询退款时间,110
3267,18,大约几天,买家表示无法申请退款,18
3268,66,明天下午能发货吗亲,买家咨询能否分开/一起发货,66
3269,98,是确认收货了再找你返现吗,买家咨询是否有好评返现,98
3270,49,你好 今晚一起下完单后可以更改地址吗,买家要求修改收件信息,49
3271,54,往新疆发货嘛？,买家咨询发货时间,54
3272,99,但是券领不了,买家咨询是否有活动,99
3273,76,还没发货是没,买家咨询商品产地,76
3274,55,发什么快递？亲,买家咨询发什么快递,55
3275,53,今天拍下，明天能到吗？南安的,买家咨询到货时间,53
3276,7,这个运费险是怎么用的,买家表示麻烦卖家，表达感谢,7
3277,29,亲我的快递怎么一直没发出,买家催促发货,29
3278,27,看不懂耶,买家表示有疑问/不理解,27
3279,14,嗯，等一下买哦,买家表示稍等,14
3280,7,谢谢谢谢呜呜呜,买家表示麻烦卖家，表达感谢,46
3281,49,不好意思，地址错了，可以改地址吗？,买家要求修改收件信息,77
3282,46,刚才申请退款错了，己经撤消了,买家要求取消退换货退款,46
3283,94,这个是开发票的,买家咨询是否可以改价,94
3284,90,亲，你好，请问就是刚才我拍这个饼干一条是多少克？,买家咨询商品重量,90
3285,111,你帮我查一下那个快递,买家咨询物流信息,111
3286,82,这个跟55有啥区别,买家咨询商品区别,82
3287,60,买一送一减2元是啥,买家咨询活动规则,39
3288,31,你等下哈我看一下,买家打招呼,31
3289,39,发错了 /:026 不好意思 /:^_^,买家向商家表达不好意思,39
3290,9,啊 我拍错码子了！,买家表示拍错了,9
3291,97,可以指定申通快递吗？,买家咨询是否可以指定快递,97
3292,36,好的，注意查收,买家反馈收到的商品有问题,36
3293,60,那个收藏加购现在没有活动了吗,买家咨询活动规则,60
3294,108,没有退10元吗？,买家咨询退款金额,108
3295,97,请问可以指定发韵达快递吗？,买家咨询是否可以指定快递,97
3296,58,可以添加邮费，发顺丰快递,买家咨询返现时间,58
3297,67,麻烦帮我开收据,买家咨询能否开发票及发票类型和寄送时间,67
3298,49,亲  可以改一点地址吗,买家要求修改收件信息,49
3299,29,快递怎么突然不动了。,买家催促发货,29
3300,60,准备发顺丰吗,买家咨询活动规则,60
3301,104,没有穿  就试了一下  牌还在,买家咨询退换货规则,104
3302,22,麻烦帮我退一,买家表示需要退货退款,22
3303,82,两种面味道一样吗,买家咨询商品区别,82
3304,53,在？,买家咨询到货时间,53
3305,35,18301601793支付宝号,买家发送支付宝账号,35
3306,36,我收到的茶叶有涨袋的呢,买家反馈收到的商品有问题,36
3307,13,快递已经邮寄,买家表示商品已经寄回去了,13
3308,43,一共2斤？,买家要求改商品信息,43
3309,82,买2送一，送什么？,买家咨询商品区别,82
3310,88,那衬衫里面搭黑色么还是其他颜色,买家咨询商品是什么颜色,88
3311,97,我家这边百世不送 您帮我韵达吧,买家咨询是否可以指定快递,97
3312,29,嗯，快点啊,买家催促发货,29
3313,25,/:803  已付款,买家表示已下单付款,25
3314,66,今天晚上下单明天可以发货??,买家咨询能否分开/一起发货,66
3315,105,你之前跟我说如果码数不合适的话换货可以补贴邮费是吗？,买家咨询退换货运费由谁承担,105
3316,79,想问一下208克大概是几块,买家咨询商品规格数量,79
3317,12,最新日期，不要碎了,买家表示商家发错货了,12
3318,22,拍错了，已申请退款，麻烦帮尽快处理,买家表示需要退货退款,22
3319,109,您好，请问一下我的发票什么时候开呢？,买家咨询退款去向,109
3320,10,再见 姐妹,买家表示伤心难过,10
3321,97,我是想问可以指定邮政快递吗,买家咨询是否可以指定快递,97
3322,38,这款最少多少钱？,买家讨价还价,38
3323,74,帮我查下，快递收到了没,买家咨询商家是否收到寄回的商品,74
3324,60,买两份是发四盒吗,买家咨询活动规则,60
3325,78,这个灰蓝色颜色正吗,买家咨询商品的色差问题,78
3326,14,等一下 我要去问一下的,买家表示稍等,14
3327,61,没有答应  我发了消息  你们没有回复我的,买家咨询快递单号,61
3328,90,是净重5斤吗,买家咨询商品重量,90
3329,100,就是这两个不是买二送一嘛,买家咨询是否有买家秀,100
3330,53,我什么时候才能收到货,买家咨询到货时间,53
3331,77,放了那么多天还是有味,买家咨询商品的材质/面料,77
3332,99,这个衣服双十二没有活动吗,买家咨询是否有活动,99
3333,97,有送勺子吗,买家咨询是否可以指定快递,97
3334,97,能帮我发邮政或者韵达,买家咨询是否可以指定快递,97
3335,95,现在无法申请退款,买家咨询是否可以拒收,95
3336,104,我没看见有吊牌呀 /:?,买家咨询退换货规则,104
3337,49,亲帮我退一下款地址拍错了,买家要求修改收件信息,49
3338,67,买了这两条，帮我看下是买一赠一不,买家咨询能否开发票及发票类型和寄送时间,67
3339,106,你好，退货可以用韵达快递是吧,买家咨询退换货支持快递,106
3340,110,到时候能不能返给我呢,买家咨询退款时间,110
3341,1,这样欺骗商家内心毫无波澜吗？,买家表达不满/生气,1
3342,49,换货单号出了吗,买家要求修改收件信息,49
3343,49,给我改个地址可以吗,买家要求修改收件信息,49
3344,73,那我先吃着看看吧！,买家咨询商家发货地,73
3345,90,一包是多重的呀？,买家咨询商品重量,90
3346,104,不是有优惠券吗，领了怎么用不了呢,买家咨询退换货规则,104
3347,99,亲，现在有活动吗,买家咨询是否有活动,99
3348,86,可以送杯子么,买家咨询商品是否有赠品,86
3349,59,几包啊一共,买家咨询换货发货时间,59
3350,64,寄到付吗？,买家咨询能否到付,64
3351,22,请问这个和139的有啥区别,买家表示需要退货退款,22
3352,80,老顾客没优惠,买家咨询商品价格,80
3353,46,裤子不行不退了吧，,买家要求取消退换货退款,46
3354,99,没有活动吗？？,买家咨询是否有活动,99
3355,77,中间打气筒是什么材质的,买家咨询商品的材质/面料,77
3356,67,您不是说今天开电子发票么,买家咨询能否开发票及发票类型和寄送时间,67
3357,3,亲如果再不到，我不要了,买家表示不想要了,3
3358,66,好的好的，收货后返现？,买家咨询能否分开/一起发货,66
3359,71,什么时候给我转,买家咨询如何领取优惠券,71
3360,73,从上海哪里发货呀,买家咨询商家发货地,73
3361,74,如果是退回来的话，我重新拍,买家咨询商家是否收到寄回的商品,74
3362,94,你这边是不是要改下价格丫,买家咨询是否可以改价,94
3363,84,不是说预售7天么,买家咨询商品是不是预售款,84
3364,2,我不小心点错了确定收货,买家表达赞美/满意,2
3365,104,有商标吊牌吗,买家咨询退换货规则,104
3366,55,你好，这几天物流快不快？,买家咨询发什么快递,55
3367,93,哦哦，好滴，我去看看再,买家咨询是否可以发顺丰,93
3368,7,好吧。謝謝你啦亲,买家表示麻烦卖家，表达感谢,7
3369,110,为什么还没退回来呢？？？,买家咨询退款时间,110
3370,38,你这里能定制手提袋吗,买家讨价还价,38
3371,58,一包两个有多重,买家咨询返现时间,58
3372,79,2袋有几个,买家咨询商品规格数量,79
3373,5,我知道不一样啊,买家表示好的,5
3374,82,请问特价款和被窝款有什么区别？,买家咨询商品区别,82
3375,25,行，,买家表示已下单付款,25
3376,89,质量好不好质量好不好,买家咨询商品质量是否有保障,89
3377,27,我都不懂要买哪种,买家表示有疑问/不理解,27
3378,53,请问l码什么时候能有货,买家咨询到货时间,53
3379,102,没有刺鼻味吗,买家咨询是否有味道,102
3380,62,我看两件还可以优惠30对吗,买家咨询买多件能否优惠,62
3381,24,我的快递拿到了,买家表示已经收到货了,24
3382,28,收到货给我退款,买家表示再看看,28
3383,80,一些有多少个,买家咨询商品价格,80
3384,54,明早能发货吗,买家咨询发货时间,54
3385,24,吃的东西收到了,买家表示已经收到货了,24
3386,71,一次买200多有没有优惠券？,买家咨询如何领取优惠券,71
3387,37,好的，我可以更改下收件地址吗,买家确认地址是否修改成功,37
3388,77,这款什么材质,买家咨询商品的材质/面料,77
3389,64,就是6斤,买家咨询能否到付,64
3390,88,1925那款是里面加棉的吗？领子那不加棉，外面是淡颜色的吗,买家咨询商品是什么颜色,88
3391,7,哦。好的，谢谢！,买家表示麻烦卖家，表达感谢,7
3392,66,是不是净重？,买家咨询能否分开/一起发货,66
3393,73,哪里寄出,买家咨询商家发货地,73
3394,22,我需要申请退货！,买家表示需要退货退款,22
3395,82,亲亲什么时候能有m码的啊,买家咨询商品区别,82
3396,60,老板，双十一能便宜多少？,买家咨询活动规则,60
3397,54,现在下单今天能发货吗,买家咨询发货时间,54
3398,85,也是预售？,买家咨询商品是否可以单买/单卖,85
3399,110,约不到不退了,买家咨询退款时间,110
3400,56,反差价是反到微信还是？,买家咨询返现方式,56
3401,117,不是你们店铺优惠券吗,买家咨询自己的旺旺昵称,117
3402,54,什么时候有上新,买家咨询发货时间,54
3403,54,你好，今天下单明天能发货吗,买家咨询发货时间,54
3404,93,上面那个给我发顺丰，我补邮费,买家咨询是否可以发顺丰,93
3405,88,亲 麻烦给我一个退货地址,买家咨询商品是什么颜色,88
3406,53,上衣发顺丰几天到,买家咨询到货时间,53
3407,60,所以买一袋送一袋 ，买2袋怎么还是送一袋？,买家咨询活动规则,60
3408,60,一送一什么意思,买家咨询活动规则,60
3409,94,不是跨店满200元减20吗,买家咨询是否可以改价,94
3410,29,2天前就说尽快安排发货的，不是到现在还没发货吗,买家催促发货,29
3411,90,一片是多少克,买家咨询商品重量,90
3412,51,另外能帮我延长收货吗？,买家要求延长收货时间,51
3413,105,这个邮费是到付还是我先付，你再发给我,买家咨询退换货运费由谁承担,105
3414,54,买了两件，几天发货啊？,买家咨询发货时间,54
3415,7,/:(OK) /:(OK) 谢谢,买家表示麻烦卖家，表达感谢,7
3416,40,亲，这个现在还有赠品吗,买家需要商品推荐,40
3417,36,商品的箱子坏了呀,买家反馈收到的商品有问题,36
3418,25,这个衣服我拍了两次,买家表示已下单付款,25
3419,57,收到货后返128是吗,买家咨询返现金额,57
3420,104,谢谢多送了一袋,买家咨询退换货规则,104
3421,100,麻烦亲明天尽快发货哦,买家咨询是否有买家秀,100
3422,19,那如果拍下是在不适合也不能退吗,买家表示无法下单,19
3423,74,我11月29号寄回的裤子你们收到了吗,买家咨询商家是否收到寄回的商品,74
3424,1,不会操做,买家表达不满/生气,1
3425,97,不要中通哦其他都可以,买家咨询是否可以指定快递,97
3426,21,是好评返两元红包么,买家表示先买来试试,21
3427,49,我零时出差天津了，可以改下地址吗？,买家要求修改收件信息,49
3428,50,那就快点吧！,买家要求延迟发货,50
3429,90,刚才我拍的  那个薯片多少克？,买家咨询商品重量,90
3430,47,啥是旺旺号,买家要求添加商家微信,47
3431,71,之前是买衣服，你们家送的券,买家咨询如何领取优惠券,71
3432,49,地址弄错了，可以改地址吗,买家要求修改收件信息,49
3433,65,能定制2米2米的么,买家咨询能否定制,65
3434,23,地址錯了，重拍,买家表示要重拍,23
3435,65,能定制?,买家咨询能否定制,65
3436,29,你好，请问我换的货有发出来了没？,买家催促发货,29
3437,31,店家在吗,买家打招呼,31
3438,57,/:^_^ 要返10对吗,买家咨询返现金额,57
3439,95,您好 请问s码什么时候能有货呢？,买家咨询是否可以拒收,95
3440,62,我买一条加绒跟一条常规的，能优惠点,买家咨询买多件能否优惠,62
3441,109,您好这个锅跟我下面这发的这个有什么区别呢,买家咨询退款去向,109
3442,36,那如果再有断的是不是就没这么贵了？,买家反馈收到的商品有问题,36
3443,8,要是好用以后我就在你家买了,买家表示马上下单付款,8
3444,73,你们在温州哪里？是从哪里发货？,买家咨询商家发货地,73
3445,31,我真搞不懂为啥差这么多,买家打招呼,31
3446,67,那就改地址吧,买家咨询能否开发票及发票类型和寄送时间,67
3447,102,衣服收到，为什么衣服的味道这么难闻。,买家咨询是否有味道,102
3448,50,到时候先别发货,买家要求延迟发货,50
3449,86,没有不送收纳箱的？,买家咨询商品是否有赠品,86
3450,111,怎么不派件呢,买家咨询物流信息,111
3451,90,这个大概多重,买家咨询商品重量,90
3452,86,送个黑色的袜子吧,买家咨询商品是否有赠品,86
3453,82,星星款和没有的区别是？,买家咨询商品区别,82
3454,111,明天回复我，帮我查一下,买家咨询物流信息,111
3455,114,你好，麻烦看下这款是有退运费险吧,买家咨询运费险赔付规则,114
3456,47,？咋么加,买家要求添加商家微信,47
3457,13,改电话号码,买家表示商品已经寄回去了,13
3458,56,支付宝18748776209,买家咨询返现方式,56
3459,50,问下可以晚点发货嘛，下个星期不在家,买家要求延迟发货,50
3460,41,如果补偿是怎么个补法？,买家要求补偿,41
3461,30,有送腰带吗 /:087 /:087 /:087,买家催促回复,30
3462,75,新款下单几折,买家咨询商品包装,75
3463,26,能不能帮我改个地扯,买家表示优惠券无法使用,26
3464,114,鞋子收到了 运费险要怎么退呢,买家咨询运费险赔付规则,114
3465,82,三片装和两片装有什么区别,买家咨询商品区别,82
3466,7,好的，谢谢老板！/:803/:803,买家表示麻烦卖家，表达感谢,7
3467,86,我拍这个送收纳箱不,买家咨询商品是否有赠品,86
3468,22,申请换货的，请同意一下,买家表示需要退货退款,22
3469,40,你好，收到货了，你们一件发错了,买家需要商品推荐,40
3470,13,5斤是5-7条还是5-7袋,买家表示商品已经寄回去了,13
3471,111,退货物流申通快递,买家咨询物流信息,111
3472,47,车仔和乌冬面有什么不同,买家要求添加商家微信,47
3473,3,亲现在下单备注中通哦,买家表示不想要了,3
3474,71,好的双十二有优惠吗,买家咨询如何领取优惠券,71
3475,104,这机器尺寸多大？,买家咨询退换货规则,104
3476,50,你好，新疆地区发不发货,买家要求延迟发货,50
3477,113,河南安阳多少钱,买家咨询运费金额,113
3478,60,9.9的第二份半价也是发6个么,买家咨询活动规则,60
3479,97,给我备注一下，要邮政快递。,买家咨询是否可以指定快递,97
3480,97,中通吧！俩白色的，看好了图案再发，亲，谢谢,买家咨询是否可以指定快递,97
3481,22,这一款参加买一送一嘛,买家表示需要退货退款,22
3482,60,两包,买家咨询活动规则,60
3483,81,什么材质做的,买家咨询商品具体尺码尺寸,81
3484,22,我退货了，你帮我处理下,买家表示需要退货退款,22
3485,92,两件应该打九折的,买家咨询是否可以打折,92
3486,5,谢谢你哟,买家表示好的,5
3487,3,早就说了不要了,买家表示不想要了,3
3488,114,不自然你给退运险费呐,买家咨询运费险赔付规则,114
3489,1,我不要了你看怎么解决。,买家表达不满/生气,1
3490,30,几天过去了？还在揽收，你们来搞笑的吧。买的时候就跟你们说了快点发货，说了白天听不进去是吧，有没有长点脑子啊,买家催促回复,30
3491,98,地址，正确。,买家咨询是否有好评返现,98
3492,24,你好，已经收到了,买家表示已经收到货了,24
3493,27,没搞懂,买家表示有疑问/不理解,27
3494,105,我要是退货退钱不给包运费吗,买家咨询退换货运费由谁承担,105
3495,3,你你跟本就没和人家说，太不负责任了，,买家表示不想要了,3
3496,44,你好，快递已经寄出来了昨天,买家要求改运费,44
3497,12,关键我要的是大红色，你们这个就不是大红色，颜色根本不符合。,买家表示商家发错货了,12
3498,2,重拍好像用不了了,买家表达赞美/满意,2
3499,74,换货的给我寄了吗？,买家咨询商家是否收到寄回的商品,74
3500,78,厚绒的和加绒的一样吗,买家咨询商品的色差问题,78
3501,25,那我拍下咯，,买家表示已下单付款,25
3502,7,小哥哥没通过我的添加啊,买家表示麻烦卖家，表达感谢,7
3503,114,运费险怎么退呢！,买家咨询运费险赔付规则,114
3504,65,请问这个可以定做吗,买家咨询能否定制,65
3505,82,这个plus和粉色款有什么区别呀？,买家咨询商品区别,82
3506,3,不需要不了,买家表示不想要了,3
3507,43,喇叭的改成30黑色,买家要求改商品信息,43
3508,90,请问，这是多少重量的？,买家咨询商品重量,90
3509,44,亲  改一下运费呢,买家要求改运费,44
3510,61,那个不退了，同事买了，我重新拍了,买家咨询快递单号,61
3511,92,请问这款五折还有吗,买家咨询是否可以打折,92
3512,104,我穿小码都太大了，所以只能申请退款了,买家咨询退换货规则,104
3513,46,给您寄回去，没穿，吊牌都在,买家要求取消退换货退款,46
3514,1,你们店服务不好，我在也不相信你们店了,买家表达不满/生气,1
3515,104,我都想退货了，感觉上当受骗,买家咨询退换货规则,104
3516,23,我那个从新拍一下,买家表示要重拍,23
3517,89,麻烦检查发质量好的哦,买家咨询商品质量是否有保障,89
3518,22,退货了 同意一下吧,买家表示需要退货退款,22
3519,22,裤子有点小 申请换个大号 请您同意,买家表示需要退货退款,22
3520,46,你好，我申请了退货，但是我不退了,买家要求取消退换货退款,46
3521,114,你们家的运费险怎么退？,买家咨询运费险赔付规则,114
3522,15,老板，我也是老顾客了,买家表示是老顾客,15
3523,106,那选哪个退货原因？,买家咨询退换货支持快递,106
3524,108,如果只退一件衣服怎么算钱,买家咨询退款金额,108
3525,36,我还是要在考虑考虑,买家反馈收到的商品有问题,36
3526,41,补偿的五元,买家要求补偿,41
3527,104,同款换七分应该怎么操作,买家咨询退换货规则,104
3528,86,三组五袋的 可以多送一个么,买家咨询商品是否有赠品,86
3529,15,好的亲,买家表示是老顾客,15
3530,91,退款，你们怎么还没退款,买家咨询什么颜色好看,91
3531,82,老版新版有啥区别,买家咨询商品区别,82
3532,15,我在你们家买过很多吃全麦面包了,买家表示是老顾客,15
3533,96,这个双十一都是一样的价钱还是00:00更优惠,买家咨询是否可以微信支付,96
3534,3,如果今天还不收件，我不要了,买家表示不想要了,3
3535,65,你们可以定制吗,买家咨询能否定制,87
3536,90,5袋多重,买家咨询商品重量,90
3537,58,不是说收到后，可以返现吗,买家咨询返现时间,58
3538,82,109和142的有什么区别？,买家咨询商品区别,82
3539,35,13927963155陈幸长,买家发送支付宝账号,35
3540,60,那这个拍 第三份也不是一元啊,买家咨询活动规则,60
3541,67,发票多久能开出来,买家咨询能否开发票及发票类型和寄送时间,67
3542,53,是不是冰就占一半重量啊,买家咨询到货时间,53
3543,43,亲，换下颜色,买家要求改商品信息,43
3544,93,快递还没有动,买家咨询是否可以发顺丰,93
3545,64,那我寄给你们是选择到付吗？,买家咨询能否到付,64
3546,25,昨日忘了付款了,买家表示已下单付款,25
3547,65,可以定制加长吗,买家咨询能否定制,65
3548,90,总觉得没有一斤,买家咨询商品重量,90
3549,99,双12有什么优惠吗？,买家咨询是否有活动,99
3550,57,已经撤销了。,买家咨询返现金额,57
3551,0,加入购物车了，刚刚才看到比原来贵了啊,买家抱怨商品涨价了,0
3552,29,我这怎么还没看到你家发货啊,买家催促发货,29
3553,105,这些衣服质量好吗,买家咨询退换货运费由谁承担,105
3554,58,那个36升的有什么区别吗,买家咨询返现时间,58
3555,4,地址不用改   是对的,买家表示地址正确,4
3556,4,没有吊牌啊，亲。,买家表示地址正确,4
3557,29,我前天都已经买了，到现在没发货。,买家催促发货,29
3558,97,我们这边其他快递都不太方便,买家咨询是否可以指定快递,97
3559,14,稍等一下，再看看,买家表示稍等,14
3560,90,一箱净重是4斤吗,买家咨询商品重量,90
3561,20,帮我查一下我快递物流信息一直没动，咋回事儿,买家表示物流太慢了,20
3562,52,??好的那我明后天有空了退,买家咨询补货/上货时间,52
3563,4,你好！地址对的,买家表示地址正确,4
3564,65,我想订做这个桌布,买家咨询能否定制,65
3565,35,我都买了好多好多次咯,买家发送支付宝账号,35
3566,71,咱们还有优惠吗,买家咨询如何领取优惠券,71
3567,99,是现在拍更优惠还是双十一买更优惠,买家咨询是否有活动,99
3568,38,老客户还不优惠么,买家讨价还价,38
3569,7,好嘞，谢谢,买家表示麻烦卖家，表达感谢,7
3570,116,亲、我真不喜欢,买家咨询赠品是否可以自选,116
3571,90,我是说送的那个一份是多重？,买家咨询商品重量,90
3572,49,我那收货地址错了怎么办,买家要求修改收件信息,49
3573,16,不是睡改地址的嘛,买家表示收件信息不需要修改了,16
3574,26,我的无门槛券，为什么用不了,买家表示优惠券无法使用,26
3575,75,亲   我确认收货了怎么换货呀,买家咨询商品包装,75
3576,23,我想退下重新买,买家表示要重拍,23
3577,9,黑色的xs的怎么拍不了啦,买家表示拍错了,9
3578,48,这个怎么需要2元运费的,买家要求退运费,48
3579,5,嗯是的好的,买家表示好的,5
3580,72,怎么买是4.9,买家咨询如何下单,72
3581,97,百世快递倒闭了吗,买家咨询是否可以指定快递,97
3582,102,味道重不,买家咨询是否有味道,102
3583,103,你好，我想修改地址可以吗,买家咨询退换货地址,103
3584,72,贴片单独卖吗,买家咨询如何下单,72
3585,31,不结婚了去他妈的吧,买家打招呼,31
3586,73,我的是那里发货的,买家咨询商家发货地,73
3587,60,若今天不可我不拍,买家咨询活动规则,60
3588,74,那就两个都退了，重新一起下单？,买家咨询商家是否收到寄回的商品,74
3589,98,好评的现金红包呢,买家咨询是否有好评返现,98
3590,41,这是做工问题能多补偿点？,买家要求补偿,41
3591,60,这个不是能买一送一吗？,买家咨询活动规则,60
3592,20,物流问了没有?,买家表示物流太慢了,20
3593,5,公司名称：吉林市成祺汽车销售服务有限公司公司税号：91220201MA0Y690C3P地址：吉林市昌,买家表示好的,5
3594,50,提前买就是为了错过双十一，早买早发货，早穿上,买家要求延迟发货,50
3595,85,后面这个多久发,买家咨询商品是否可以单买/单卖,85
3596,49,亲，收货地址填错了,买家要求修改收件信息,49
3597,65,你好 请问可以定制吗,买家咨询能否定制,65
3598,76,是日本原生产地？,买家咨询商品产地,76
3599,72,这个裤子拍不了？,买家咨询如何下单,72
3600,97,或者邮政,买家咨询是否可以指定快递,97
3601,46,麻烦帮操作下撤销,买家要求取消退换货退款,46
3602,20,我的快递不动弹了,买家表示物流太慢了,20
3603,79,1kg盒装多少蛋糕,买家咨询商品规格数量,79
3604,18,你好，这款裤子现在下单明天能发货吗？,买家表示无法申请退款,18
3605,31,今天拍今天可以发货吗,买家打招呼,31
3606,114,那个运费险怎么处理呢,买家咨询运费险赔付规则,114
3607,109,買家 你們可以微信付款嗎？,买家咨询退款去向,109
3608,114,是没发货吗,买家咨询运费险赔付规则,114
3609,7,谢谢麻烦你了,买家表示麻烦卖家，表达感谢,7
3610,97,wc你妈,买家咨询是否可以指定快递,97
3611,5,那就这吧,买家表示好的,5
3612,108,应该退我90.97,买家咨询退款金额,108
3613,82,这个和48的有什么不同？,买家咨询商品区别,82
3614,7,不添加麻烦了,买家表示麻烦卖家，表达感谢,7
3615,97,王台没有圆通,买家咨询是否可以指定快递,97
3616,46,我拍的时候不是预售,买家要求取消退换货退款,46
3617,60,12点不是更便宜几块钱吗,买家咨询活动规则,60
3618,3,就这个不要了,买家表示不想要了,3
3619,50,您那边不要发错货就好了,买家要求延迟发货,50
3620,104,买冬送秋能退换吗,买家咨询退换货规则,104
3621,29,少说这些术语，烦人，早发货,买家催促发货,29
3622,48,我自己寄回去，你怎么把运费给我,买家要求退运费,48
3623,29,我现在下单的话最迟什么时候发货啊,买家催促发货,29
3624,90,就是四斤啊,买家咨询商品重量,90
3625,114,换货不退运费险？,买家咨询运费险赔付规则,114
3626,53,我若是发顺丰，那要几天到,买家咨询到货时间,53
3627,109,你能查到反到微信还是支付宝上了吗,买家咨询退款去向,109
3628,102,都说味道大的很,买家咨询是否有味道,102
3629,49,改收货地址,买家要求修改收件信息,49
3630,28,好哦，我再考虑下,买家表示再看看,28
3631,5,亲我刚刚下单地址错了,买家表示好的,5
3632,108,我拍两份 等下 可以帮我分两个地址发吗,买家咨询退款金额,108
3633,97,西藏发货的吧,买家咨询是否可以指定快递,97
3634,110,和衣服一起下单就行吧,买家咨询退款时间,110
3635,40,不要那种像羊毛皮的绒,买家需要商品推荐,40
3636,39,不好意思，现在不想要了，,买家向商家表达不好意思,39
3637,25,我拍了4份  已经付款了,买家表示已下单付款,25
3638,7,对的就是这个 谢谢,买家表示麻烦卖家，表达感谢,7
3639,49,请问发货了吗，我想改个地址,买家要求修改收件信息,49
3640,49,前天下的单地址错了,买家要求修改收件信息,49
3641,48,运费12块要给我了吧,买家要求退运费,48
3642,43,那可以帮我换下颜色吗,买家要求改商品信息,43
3643,44,啊  那我换货就免运费吗,买家要求改运费,44
3644,37,那个地址你们搞错了,买家确认地址是否修改成功,37
3645,73,从杭州发货的吧！,买家咨询商家发货地,73
3646,99,不要脸啊你们,买家咨询是否有活动,99
3647,48,如果买了质量不满意退货的话给邮费吗,买家要求退运费,48
3648,20,你好！这件衣服我小孩试穿起脖子那块不满意。,买家表示物流太慢了,20
3649,46,亲，帮我处理下，别退款了，我不知怎么撤消,买家要求取消退换货退款,46
3650,99,我们家双十一有活动吗,买家咨询是否有活动,99
3651,49,山东省德州市齐河县焦庙镇华集村160号,买家要求修改收件信息,49
3652,77,需要再买的定制的床垫,买家咨询商品的材质/面料,77
3653,22,衣服收到了，我可以申请退款吗,买家表示需要退货退款,22
3654,29,哦哦。还没到货噢，我看发货了以为到了,买家催促发货,29
3655,3,要是到那天跟别的不能一起收到我就不要了,买家表示不想要了,3
3656,9,买错号了，,买家表示拍错了,9
3657,32,我平常喜欢穿宽松的,买家对特定款式/颜色表达喜好,32
3658,9,好的谢谢麻烦你们了,买家表示拍错了,9
3659,29,同一天买的东西都已经到了还没有发货,买家催促发货,29
3660,71,亲，开收据吗,买家咨询如何领取优惠券,71
3661,60,亲 你们双十一还能用津贴或者还有满减吗,买家咨询活动规则,60
3662,82,是份量不一样吗,买家咨询商品区别,82
3663,99,还有啥优惠,买家咨询是否有活动,99
3664,7,谢谢怕,买家表示麻烦卖家，表达感谢,7
3665,104,请问店内宝贝如果不合适可以退换的吗,买家咨询退换货规则,104
3666,32,我想要这个粉色,买家对特定款式/颜色表达喜好,32
3667,43,帮我改单,买家要求改商品信息,43
3668,29,快点行吗？,买家催促发货,29
3669,108,然后退一件衣服的钱,买家咨询退款金额,108
3670,90,68个的是多少克哦,买家咨询商品重量,90
3671,86,买一送一专区的怎么退款呢呀,买家咨询商品是否有赠品,86
3672,65,我刚刚下了订单，可以刻字吗,买家咨询能否定制,65
3673,104,那我直接邮过去就行了吧,买家咨询退换货规则,104
3674,58,你好，我是买一送一的活动买的，到现在还没返现？,买家咨询返现时间,58
3675,60,但是双十一，可以参与购物津贴,买家咨询活动规则,60
3676,79,多少个肉松饼,买家咨询商品规格数量,79
3677,117,？不买,买家咨询自己的旺旺昵称,117
3678,61,好的，那到时候可以给我发一下单号吗,买家咨询快递单号,61
3679,94,现在拍怎么加价了,买家咨询是否可以改价,94
3680,36,你这包装也太差劲了，一共买了6盒，有4盒铁盒都变形了,买家反馈收到的商品有问题,36
3681,90,不是500克送500克,买家咨询商品重量,90
3682,90,这个是几斤装,买家咨询商品重量,90
3683,6,是修改之后的地址哦,买家表示具体时间寄回去,6
3684,92,双十一是直接有折扣还是？,买家咨询是否可以打折,92
3685,58,在吗，如何返现,买家咨询返现时间,58
3686,67,亲，我要这款裤子，但是我需要发票,买家咨询能否开发票及发票类型和寄送时间,67
3687,97,这就是圆通,买家咨询是否可以指定快递,97
3688,79,里面大约多少个,买家咨询商品规格数量,79
3689,20,圆通太慢,买家表示物流太慢了,20
3690,60,亲亲，这个买一送一吗,买家咨询活动规则,60
3691,84,亲，这是预售款吗,买家咨询商品是不是预售款,84
3692,90,你敢给我保证质量,买家咨询商品重量,90
3693,71,券在哪领的,买家咨询如何领取优惠券,71
3694,7,这个到货后返20？,买家表示麻烦卖家，表达感谢,7
3695,59,你好问下发票一起快递出来了吗,买家咨询换货发货时间,59
3696,1,再发我要投诉了,买家表达不满/生气,1
3697,66,现在拍是一起发货还是,买家咨询能否分开/一起发货,66
3698,9,失望,买家表示拍错了,9
3699,115,您好，帮我看看我的订单到哪里了,买家咨询赠品何时发货,115
3700,57,到货退39是吧,买家咨询返现金额,57
3701,71,我现在下单有优惠卷吗,买家咨询如何领取优惠券,71
3702,14,加了哈哈 稍等一下哦,买家表示稍等,14
3703,114,我想问下运费险是什么时候退？,买家咨询运费险赔付规则,114
3704,112,旗舰版和k歌版有什么区别,买家咨询优惠券使用规则,112
3705,74,宝贝我已经收到了,买家咨询商家是否收到寄回的商品,74
3706,29,我的快递为什么现在还没有物流消息,买家催促发货,29
3707,115,不合适怎么调换,买家咨询赠品何时发货,115
3708,28,emm，行我考虑考虑,买家表示再看看,28
3709,55,亲在吗？新疆发什么快递,买家咨询发什么快递,55
3710,78,颜色色差也大,买家咨询商品的色差问题,78
3711,75,不发就退了吧。,买家咨询商品包装,75
3712,109,到时补的差价退到哪里？,买家咨询退款去向,109
3713,59,如果换的话，你那边是收到货再发吗,买家咨询换货发货时间,59
3714,90,这个尺寸能做不？,买家咨询商品重量,90
3715,67,电子发票是发邮箱吗,买家咨询能否开发票及发票类型和寄送时间,67
3716,85,你们的后贴有单独卖吗？,买家咨询商品是否可以单买/单卖,85
3717,13,亲，这款是定制的嘛？,买家表示商品已经寄回去了,13
3718,99,现在是双十一优惠吗,买家咨询是否有活动,99
3719,78,可以微信支付码,买家咨询商品的色差问题,78
3720,104,拿回来的包装袋这些都扔掉了，就裤子，吊牌没拆，就试穿了一下,买家咨询退换货规则,104
3721,28,好的，除了邮政都可以,买家表示再看看,28
3722,60,这个也是买一送一吗,买家咨询活动规则,60
3723,1,话说回来，你们的顺丰真慢,买家表达不满/生气,1
3724,106,衣服大了，退货包邮吗,买家咨询退换货支持快递,106
3725,82,券后99和119有什么区别,买家咨询商品区别,82
3726,54,是裙子没发货吗,买家咨询发货时间,54
3727,104,亲，这要调换号怎么调换,买家咨询退换货规则,104
3728,7,商品  我已购买两次   有小礼物送吗？,买家表示麻烦卖家，表达感谢,7
3729,99,那你说买两件优惠十元？,买家咨询是否有活动,99
3730,72,这是一件8折二件7折三件6折的吗？,买家咨询如何下单,72
3731,106,只发申通么,买家咨询退换货支持快递,106
3732,24,你好，今天第二件半价吗,买家表示已经收到货了,24
3733,60,必须到双11那天买才能优惠吗,买家咨询活动规则,60
3734,0,退回去的你们已经收到了,买家抱怨商品涨价了,0
3735,5,哦哦哦哦明白了,买家表示好的,5
3736,78,色差太大 /:018,买家咨询商品的色差问题,78
3737,17,物流 更新,买家表示送人的,17
3738,86,你好！水杯送一个,买家咨询商品是否有赠品,86
3739,36,收到包装箱破了,买家反馈收到的商品有问题,36
3740,77,我这个画红圈是什么材料的,买家咨询商品的材质/面料,77
3741,65,不是可以定做吗,买家咨询能否定制,67
3742,3,这还没穿呢，今天洗了,买家表示不想要了,3
3743,109,是返在我的支付宝吗？,买家咨询退款去向,109
3744,52,我刚刚下单的晚点发货,买家咨询补货/上货时间,52
3745,90,图片说100个是多少,买家咨询商品重量,90
3746,74,买三免一是指什么,买家咨询商家是否收到寄回的商品,74
3747,62,买八件什么优惠,买家咨询买多件能否优惠,62
3748,78,颜色色差大吗？,买家咨询商品的色差问题,78
3749,97,大小不合适可以退换的，对吗？,买家咨询是否可以指定快递,97
3750,60,手撕面包买一斤送一斤,买家咨询活动规则,60
3751,12,我想问一下，你给我发的那个蓝色的是不是尺码发错了,买家表示商家发错货了,12
3752,97,那请帮发邮政,买家咨询是否可以指定快递,97
3753,49,咋没改收货地址啊,买家要求修改收件信息,49
3754,3,真的黑你不负责任,买家表示不想要了,3
3755,97,其他快递到不了,买家咨询是否可以指定快递,97
3756,93,我今天发顺丰可以帮我发货吗？我补差价。,买家咨询是否可以发顺丰,93
3757,103,不是说买一斤送一斤吗,买家咨询退换货地址,103
3758,80,现在下单就39.9了 /:^_^,买家咨询商品价格,80
3759,38,359就是最低价了吗,买家讨价还价,38
3760,110,上次的五元我没收到,买家咨询退款时间,110
3761,60,所有第二件都半价吗,买家咨询活动规则,60
3762,36,这面包完全就是坏的,买家反馈收到的商品有问题,36
3763,55,但是其他快递收不到啊,买家咨询发什么快递,55
3764,112,165灰和9029灰有啥区别,买家咨询优惠券使用规则,112
3765,112,这款性能上很第一个有啥区别,买家咨询优惠券使用规则,112
3766,21,好。那我买来试试看,买家表示先买来试试,21
3767,77,这棉的吗？,买家咨询商品的材质/面料,77
3768,24,我收到了手机壳,买家表示已经收到货了,24
3769,22,你好帮我退下款我过几天在买现在有急用,买家表示需要退货退款,22
3770,29,好的，我等着用，尽快吧，谢谢。,买家催促发货,29
3771,46,换，包邮吗？,买家要求取消退换货退款,46
3772,17,千万给挑好哈，别有毛病，送人的,买家表示送人的,17
3773,97,天天快递好慢,买家咨询是否可以指定快递,97
3774,23,你好，我的地址错了，可以退款重拍吗？,买家表示要重拍,23
3775,67,你好请问发票什么时候能开好,买家咨询能否开发票及发票类型和寄送时间,67
3776,5,好的好的我拍了,买家表示好的,5
3777,86,送东西吧？,买家咨询商品是否有赠品,86
3778,11,这个退货运费险怎么用,买家表示商家发错地址,11
3779,86,我是领卷买的  分两次买可以多送一包么,买家咨询商品是否有赠品,86
3780,78,那个蓝色没得色差吧,买家咨询商品的色差问题,78
3781,97,你好，发什么快递呢,买家咨询是否可以指定快递,97
3782,37,我的收货地址修改好了吗,买家确认地址是否修改成功,37
3783,33,我再买一条，能给点优惠吗,买家发送结束语,33
3784,68,我妈说不换了,买家咨询能否提前享受优惠,68
3785,22,亲，请给我退货地址哦，衣服太大了穿不了,买家表示需要退货退款,22
3786,37,要是也是穿39的就不用修改了，要是号码不准的话，麻烦你帮我改一下,买家确认地址是否修改成功,37
3787,105,我换衣服的运费退吗？,买家咨询退换货运费由谁承担,105
3788,65,图案可以定制吗,买家咨询能否定制,65
3789,68,我地址错了、现在能不能改一下,买家咨询能否提前享受优惠,68
3790,65,没有开收据吗？,买家咨询能否定制,65
3791,8,杭州发的么？,买家表示马上下单付款,8
3792,55,对哦，你们发什么快递啊,买家咨询发什么快递,55
3793,82,小宝就喜欢这个款？,买家咨询商品区别,82
3794,60,这个买一送一的怎么返,买家咨询活动规则,60
3795,93,请问发顺丰快递吗,买家咨询是否可以发顺丰,93
3796,94,都是提前改的，你家不能提前改价格么？,买家咨询是否可以改价,94
3797,77,不太懂什么材质,买家咨询商品的材质/面料,77
3798,22,退掉换个长款的，,买家表示需要退货退款,22
3799,46,我在看有没有a3的买家秀,买家要求取消退换货退款,46
3800,49,改一下邮费 这个和那个一起发,买家要求修改收件信息,49
3801,1,真的要冻死了，已经等这么多天了，真的没脾气了,买家表达不满/生气,1
3802,109,淘宝退给我还是微信,买家咨询退款去向,109
3803,80,我一次性买两件能不能便宜一点,买家咨询商品价格,80
3804,71,这个衣服有优惠券,买家咨询如何领取优惠券,71
3805,31,好的 来一箱,买家打招呼,31
3806,71,这款两件可以优惠多少,买家咨询如何领取优惠券,71
3807,15,上次我已经买过了,买家表示是老顾客,15
3808,20,物流还没更新的吗,买家表示物流太慢了,20
3809,49,到时候要修改收货地址,买家要求修改收件信息,49
3810,55,快递随机发吧,买家咨询发什么快递,55
3811,50,那你就告诉我现在能发吗,买家要求延迟发货,50
3812,60,现在能双11活动吗,买家咨询活动规则,60
3813,75,这个裤子味道,买家咨询商品包装,75
3814,22,搞快整点啥子优惠，我再买点,买家表示需要退货退款,22
3815,0,我拍三代就满100了，怎么不减10元？,买家抱怨商品涨价了,0
3816,13,货我已经发过去了，到时候收一下,买家表示商品已经寄回去了,13
3817,7,哦哦明白了谢谢,买家表示麻烦卖家，表达感谢,7
3818,42,下完单了，尺码，颜色别发错了,买家要求发货检查,42
3819,97,别发邮政快递哈 谢啦,买家咨询是否可以指定快递,97
3820,54,亲，帮忙问问看今天能发,买家咨询发货时间,54
3821,67,还是帮我开下收据,买家咨询能否开发票及发票类型和寄送时间,67
3822,72,怎么买比较合适,买家咨询如何下单,72
3823,97,你们去快递公司查查咯,买家咨询是否可以指定快递,97
3824,49,送个整理箱是吗,买家要求修改收件信息,49
3825,64,不是到付喔,买家咨询能否到付,64
3826,7,非常感谢！下次有机会还会光顾你家店铺的,买家表示麻烦卖家，表达感谢,7
3827,57,哦 是要申请退款是吗,买家咨询返现金额,57
3828,58,杏色跟米色有什么区别,买家咨询返现时间,58
3829,111,大概什么时候发出来,买家咨询物流信息,111
3830,96,俺的支付宝不能用 可以用微信支付嘛,买家咨询是否可以微信支付,96
3831,5,好的，知道了，几瓶一个疗程？,买家表示好的,5
3832,111,旺旺号是哪个,买家咨询物流信息,111
3833,22,上面说商品退回中了,买家表示需要退货退款,22
3834,48,如果不合身换的话包邮费吗,买家要求退运费,48
3835,90,19，8是多重,买家咨询商品重量,90
3836,103,我买的裤子穿不成，要退货，请你把地址给我发过来吧,买家咨询退换货地址,103
3837,114,运费险，怎么给我,买家咨询运费险赔付规则,114
3838,5,现在拍下下午就可以发货对吗,买家表示好的,5
3839,58,是返现金吗,买家咨询返现时间,58
3840,40,罐装有没有番茄味的,买家需要商品推荐,40
3841,63,这款呢！哪款比较好,买家咨询哪款更好,63
3842,86,我买了俩个有送吗？,买家咨询商品是否有赠品,86
3843,50,从哪里发货这件,买家要求延迟发货,50
3844,67,麻烦给个空的收据单,买家咨询能否开发票及发票类型和寄送时间,67
3845,94,全都投诉,买家咨询是否可以改价,94
3846,23,你好，麻烦帮我退一下，我想从新拍,买家表示要重拍,23
3847,49,电话改成17561781921,买家要求修改收件信息,49
3848,1,晕死鞋么麻烦,买家表达不满/生气,1
3849,65,请问这两个有什么区别吗，为什么同样的花色大小价格茶这么大？,买家咨询能否定制,65
3850,73,谢谢一定检查清楚才发货，帮我发中国邮政,买家咨询商家发货地,73
3851,102,不会有刺鼻的味道吧,买家咨询是否有味道,102
3852,93,现在安排帮我打包叫顺丰上门收件吧,买家咨询是否可以发顺丰,93
3853,31,客服在么,买家打招呼,31
3854,31,微信不回啊,买家打招呼,31
3855,26,券用不了啊,买家表示优惠券无法使用,26
3856,60,淘宝的跨店满减,买家咨询活动规则,60
3857,36,好，但你们包装太差了吧，直接一个塑料袋,买家反馈收到的商品有问题,36
3858,67,记得开收据哈,买家咨询能否开发票及发票类型和寄送时间,67
3859,110,什么时候反的钱？,买家咨询退款时间,110
3860,74,你好，衣服收到了，太大了需要退货，麻烦您把地址发给我,买家咨询商家是否收到寄回的商品,74
3861,90,一包净含量多重,买家咨询商品重量,90
3862,86,哪我申请退款，再重拍,买家咨询商品是否有赠品,86
3863,77,八十八的又是什么材质的,买家咨询商品的材质/面料,77
3864,106,退回去，圆通不送很麻烦,买家咨询退换货支持快递,106
3865,97,其他快递不送到乡下,买家咨询是否可以指定快递,97
3866,49,地址改了吗 我昨天提供新的地址现在还是之前那个哦,买家要求修改收件信息,49
3867,54,拍下了今天可以发货吗,买家咨询发货时间,54
3868,112,为什么我领了那个卷 但是用不了,买家咨询优惠券使用规则,112
3869,97,ems都不行？,买家咨询是否可以指定快递,97
3870,50,亲，我这个地址改成功了吗,买家要求延迟发货,50
3871,99,安徽蚌埠发什么快递,买家咨询是否有活动,99
3872,62,要十个  可以优惠点不,买家咨询买多件能否优惠,62
3873,98,你好  你家有好评活动吗?,买家咨询是否有好评返现,98
3874,90,大概5000箱,买家咨询商品重量,90
3875,90,1个多少g？,买家咨询商品重量,90
3876,104,没寄的那款不要寄了,买家咨询退换货规则,104
3877,20,在你家买了几次了从来没见这种情况,买家表示物流太慢了,20
3878,55,能发一下退货地址吗,买家咨询发什么快递,55
3879,36,这个坏了能单独买吗,买家反馈收到的商品有问题,36
3880,22,大小不合适可以退款吗,买家表示需要退货退款,22
3881,7,谢谢??,买家表示麻烦卖家，表达感谢,7
3882,104,写好纸条直接寄回去就行是吗,买家咨询退换货规则,104
3883,82,这个中间也是没有折叠的吗,买家咨询商品区别,82
3884,1,这个试穿了  穿的不满意,买家表达不满/生气,1
3885,9,这个裤子拍错号了,买家表示拍错了,9
3886,65,您好 可以订做吗,买家咨询能否定制,65
3887,50,不是说的晚点发货吗,买家要求延迟发货,50
3888,79,208g.有几个,买家咨询商品规格数量,79
3889,48,32试试,买家要求退运费,48
3890,86,任何的都是买一送一码,买家咨询商品是否有赠品,86
3891,30,问问题都没人,买家催促回复,30
3892,53,顺丰是几天到呀,买家咨询到货时间,53
3893,97,亲，不要发中通快递，其他都可以,买家咨询是否可以指定快递,97
3894,43,幸亏你叫我重拍了,买家要求改商品信息,43
3895,78,你们的图片有色差吗,买家咨询商品的色差问题,78
3896,48,我没有理由给你垫付运费的,买家要求退运费,48
3897,97,快递可以指定么,买家咨询是否可以指定快递,97
3898,71,就是还有没有优惠了,买家咨询如何领取优惠券,71
3899,86,我买送人的人家看了一下说不喜欢,买家咨询商品是否有赠品,86
3900,24,你好请问可以发邮政快递吗,买家表示已经收到货了,24
3901,29,能不能帮忙安排一下这两天尽快发货,买家催促发货,29
3902,43,嗯 我刚才拍了一个140的黄色马甲 麻烦给我改个120的,买家要求改商品信息,43
3903,40,那款和这款差不多，你推荐一下,买家需要商品推荐,40
3904,15,晚点发货，我这几天在外地,买家表示是老顾客,15
3905,19,问你什么时候可以发货,买家表示无法下单,19
3906,93,有没有顺丰 /:^_^,买家咨询是否可以发顺丰,93
3907,78,这颜色绝对不是  两个色差太多了吧,买家咨询商品的色差问题,78
3908,88,皮肤黑暗，穿什么颜色,买家咨询商品是什么颜色,88
3909,51,哪一个会送一箱呢,买家要求延长收货时间,51
3910,109,啊啊啊啊，地址错了可以改么,买家咨询退款去向,109
3911,105,邮费也退给我。,买家咨询退换货运费由谁承担,105
3912,46,妈不合适可以退换吧,买家要求取消退换货退款,46
3913,41,这个一份就是一斤嘛,买家要求补偿,41
3914,49,想改下地址,买家要求修改收件信息,49
3915,60,第二件半价什么意思,买家咨询活动规则,60
3916,91,那个颜色必须好看,买家咨询什么颜色好看,91
3917,65,能写名字对吗,买家咨询能否定制,65
3918,110,？？？骗我,买家咨询退款时间,110
3919,67,还有发票 要开过来了,买家咨询能否开发票及发票类型和寄送时间,67
3920,20,我这里没有汇通快递,买家表示物流太慢了,20
3921,83,我退回的邮费谁出呢,买家咨询商品上新时间,83
3922,117,怎么都拍不了啊,买家咨询自己的旺旺昵称,117
3923,60,3个点是普票嘛，有增票吗？,买家咨询活动规则,60
3924,38,现在没有优惠啥,买家讨价还价,38
3925,49,你好，我可以改地址吗,买家要求修改收件信息,49
3926,55,可以快点发吗？,买家咨询发什么快递,55
3927,69,我问下新疆发货不？,买家咨询偏远地区是否发货,69
3928,54,现在拍的今天还能发货吗,买家咨询发货时间,54
3929,62,那条蓝色的裤子色差也太大了吧,买家咨询买多件能否优惠,62
3930,60,你们双11是什么价吗？,买家咨询活动规则,60
3931,48,你们 先把邮费给我,买家要求退运费,48
3932,49,您好，我这边要改一下收货地址,买家要求修改收件信息,49
3933,103,可以寄邮政快递吗?,买家咨询退换货地址,103
3934,99,亲，这款有返现活动吗？,买家咨询是否有活动,99
3935,4,券怎么不能用,买家表示地址正确,4
3936,48,现货什么时候能发,买家要求退运费,48
3937,97,我的这个可以发韵达吗？,买家咨询是否可以指定快递,97
3938,97,不要发邮政跟百世,买家咨询是否可以指定快递,83
3939,25,裤子太大了，想重新拍,买家表示已下单付款,25
3940,23,我想申退重拍,买家表示要重拍,23
3941,54,今天买的话，什么时候发货,买家咨询发货时间,54
3942,62,买两件是不是优惠一点？,买家咨询买多件能否优惠,62
3943,29,亲发货快点到，着急用,买家催促发货,29
3944,46,好吧我点退货了、要怎么取消,买家要求取消退换货退款,46
3945,60,第一盒9丶9吗？买第二盒是5丶5吗？俩盒多少钱？,买家咨询活动规则,60
3946,1,亲，吹风机已经退了呐，你们应该收到了趴，什么时候报销运费呢?,买家表达不满/生气,1
3947,46,我忘记了撤销了,买家要求取消退换货退款,46
3948,102,味道大吗刺鼻子吗,买家咨询是否有味道,102
3949,71,那怎么发货了，地址不对,买家咨询如何领取优惠券,71
3950,94,土司面包奶味多少钱,买家咨询是否可以改价,94
3951,3,太厚的绒不喜欢！,买家表示不想要了,3
3952,75,你好，有箱子规格么？,买家咨询商品包装,75
3953,29,那我退了吧，我不要了。,买家催促发货,29
3954,111,快递怎么回事啊,买家咨询物流信息,111
3955,66,好的，因为昨天拍的说今天会发货的，所以以为今天发货，明天会发吗,买家咨询能否分开/一起发货,66
3956,51,胶味太大,买家要求延长收货时间,51
3957,38,1斤多少钱？,买家讨价还价,38
3958,1,你们这亊做的让我心里不舒服,买家表达不满/生气,1
3959,83,钱返到哪里了？,买家咨询商品上新时间,83
3960,86,亲，请问送箱子吗,买家咨询商品是否有赠品,86
3961,50,那发货时间呢,买家要求延迟发货,50
3962,100,麻烦随货出,买家咨询是否有买家秀,100
3963,60,这个真的是买一送一嘛？,买家咨询活动规则,60
3964,84,那这一款也是预售吗,买家咨询商品是不是预售款,84
3965,60,你好，这个是买一包送一包吗？,买家咨询活动规则,60
3966,67,发票快递呢,买家咨询能否开发票及发票类型和寄送时间,67
3967,25,还没有双十一就拍下来,买家表示已下单付款,25
3968,82,这款蓝色和彩蓝色有什么区别,买家咨询商品区别,82
3969,42,那虾仁有多重？？？,买家要求发货检查,42
3970,60,这个和26.8的有什么区别,买家咨询活动规则,60
3971,12,衣服今天收到了，不是加绒加厚的，是不是发错货了？,买家表示商家发错货了,12
3972,53,现在买的话可以帮忙发顺丰，周天到吗,买家咨询到货时间,53
3973,65,我拍了没给改价呢,买家咨询能否定制,65
3974,23,这个飘带不参与三件七折吗,买家表示要重拍,23
3975,61,我这边的换货的快递单号有了吗,买家咨询快递单号,61
3976,99,这咖啡怎么还涨价啦,买家咨询是否有活动,99
3977,22,要不是急用我早退回去了，而且两个瓶盖都压烂了，外箱包装包得不牢固，松松夸夸的，,买家表示需要退货退款,22
3978,104,没有，今天才拿到的。吊牌都还在啊,买家咨询退换货规则,104
3979,110,什么时候把钱给我？,买家咨询退款时间,110
3980,114,亲运费险什么时候退还？,买家咨询运费险赔付规则,114
3981,36,这肉松饼皮都干了,买家反馈收到的商品有问题,36
3982,52,什么颜色正,买家咨询补货/上货时间,52
3983,82,跑步裤和田径裤有什么区别,买家咨询商品区别,82
3984,54,多会能发呀,买家咨询发货时间,54
3985,97,你好可以指定快递吗,买家咨询是否可以指定快递,97
3986,15,1亲,买家表示是老顾客,15
3987,36,下次主动点，每次都这样，怪尴尬的,买家反馈收到的商品有问题,36
3988,65,可以在自封袋上喷印图案吗,买家咨询能否定制,65
3989,7,明天寄给你,买家表示麻烦卖家，表达感谢,7
3990,101,难过,买家咨询是否有实体店,101
3991,14,买一赠一是送500g么？,买家表示稍等,14
3992,6,2.5斤是吗？,买家表示具体时间寄回去,6
3993,64,自己货到付款也不行吗,买家咨询能否到付,64
3994,55,京东快递可以收到吗,买家咨询发什么快递,55
3995,21,好吧，我在试试,买家表示先买来试试,21
3996,79,说好的买一送一呢,买家咨询商品规格数量,79
3997,86,拍两个就有送杯子和钢勺吗,买家咨询商品是否有赠品,86
3998,3,我去拍了,买家表示不想要了,3
3999,49,拍错了咋改,买家要求修改收件信息,49
4000,99,老顾客也不优惠,买家咨询是否有活动,99
4001,102,我就想问一下，包的味道很大吗？,买家咨询是否有味道,102
4002,60,那个买一送一的怎么退,买家咨询活动规则,60
4003,7,嗯嗯好的麻烦你了，谢谢 /:086,买家表示麻烦卖家，表达感谢,7
4004,114,退回的运费不也是你们付吗,买家咨询运费险赔付规则,114
4005,110,得等到啥时候啊才退啊,买家咨询退款时间,110
4006,96,我用的是别的支付宝,买家咨询是否可以微信支付,96
4007,81,出气软管看不出什么材质的,买家咨询商品具体尺码尺寸,81
4008,97,能不能帮我备注一下中通快递呢,买家咨询是否可以指定快递,97
4009,62,寄回来我的东西快递需要多少钱？,买家咨询买多件能否优惠,62
4010,78,黑色的是颜色正不正,买家咨询商品的色差问题,78
4011,82,那这种不锈钢的和塑料的有什么区别,买家咨询商品区别,82
4012,22,现在需要申请退款吗,买家表示需要退货退款,115
4013,17,因为我是帮别人买的，别人当时拆开的时候只有一件，她说应该还有一件在路上，所以我刚想起来问一下,买家表示送人的,17
4014,97,广西可以接受指定快递吗,买家咨询是否可以指定快递,97
4015,95,钢制的跟尼龙的跟铝合金的有什么区别？,买家咨询是否可以拒收,95
4016,46,算了，不换了，就猫吧,买家要求取消退换货退款,46
4017,49,你家睡衣，地址填错了,买家要求修改收件信息,49
4018,67,我需要一张收据,买家咨询能否开发票及发票类型和寄送时间,67
4019,29,客服在吗？今天早上下单怎么现在还没发货？,买家催促发货,29
4020,49,怎么更改收货地址啊,买家要求修改收件信息,49
4021,60,买250克，送250克.一起发一斤是吧,买家咨询活动规则,60
4022,55,新疆发什么快递吗,买家咨询发什么快递,55
4023,13,我发货了，注意查收,买家表示商品已经寄回去了,13
4024,47,亲 改良版和普通版有什么区别呢,买家要求添加商家微信,47
4025,1,不想要长的太过分的 也不想要看着跟九分裤那样的  就好能刚好盖住腿 但是裤子碰不到鞋子,买家表达不满/生气,1
4026,7,拜托早点发啊,买家表示麻烦卖家，表达感谢,7
4027,13,那个床围我已经寄过去了,买家表示商品已经寄回去了,13
4028,60,第二件3.9元是啥意思,买家咨询活动规则,60
4029,22,要是直接返现的话，我就不需要再下单，也不需要申请退款,买家表示需要退货退款,22
4030,110,双11没活动？？,买家咨询退款时间,110
4031,60,这款买一送一么,买家咨询活动规则,60
4032,80,双12加绒的85元是吗,买家咨询商品价格,80
4033,61,你好！地址错了可不可以改,买家咨询快递单号,61
4034,89,一共两个包裹，我拒收了一个。,买家咨询商品质量是否有保障,89
4035,54,嗯嗯下午给你们寄过去,买家咨询发货时间,54
4036,42,请问是早买早发货吗,买家要求发货检查,42
4037,99,双12会有活动嘛？,买家咨询是否有活动,99
4038,50,今天发可以吧  我怕晚点发我拿不到了,买家要求延迟发货,50
4039,22,我点申请售后，然后退货退款？,买家表示需要退货退款,22
4040,42,昨天收到我就试穿一下吊牌还在,买家要求发货检查,42
4041,90,请问每个面包有几克？,买家咨询商品重量,90
4042,73,补贴是怎么补贴,买家咨询商家发货地,73
4043,117,帮我备注一下  发韵达快递,买家咨询自己的旺旺昵称,117
4044,82,这两款里面是一样的吗,买家咨询商品区别,82
4045,54,买哪个送一箱的,买家咨询发货时间,54
4046,29,亲，快点,买家催促发货,29
4047,40,哪款好推荐下,买家需要商品推荐,40
4048,32,我比较喜欢特别宽松的那种,买家对特定款式/颜色表达喜好,32
4049,58,你好   可以返现么,买家咨询返现时间,58
4050,7,那就发中通.谢谢,买家表示麻烦卖家，表达感谢,7
4051,82,三个瑜伽球什么区别,买家咨询商品区别,82
4052,97,亲可以给我发邮政快递吗,买家咨询是否可以指定快递,97
4053,77,xs大概什么时候有货啊,买家咨询商品的材质/面料,77
4054,65,可以订制不,买家咨询能否定制,65
4055,62,这个是买3免1对吧,买家咨询买多件能否优惠,62
4056,29,我这件怎么没发货,买家催促发货,29
4057,89,亲 你家有好评活动吗,买家咨询商品质量是否有保障,89
4058,4,/:^_^ 点错地址了,买家表示地址正确,4
4059,51,需要延迟收货,买家要求延长收货时间,51
4060,7,尽快是多快,买家表示麻烦卖家，表达感谢,7
4061,105,这样填寄回去的运费由谁承担,买家咨询退换货运费由谁承担,105
4062,104,我是吊牌都剪了换不了了,买家咨询退换货规则,104
4063,38,有个疑问，短款的便宜30元咋整？,买家讨价还价,38
4064,110,我的换货件收到了吗,买家咨询退款时间,110
4065,23,我退款重新拍可以嘛？,买家表示要重拍,23
4066,25,别的号付了,买家表示已下单付款,25
4067,73,你好这条裤子现在拍什么时候可以发货,买家咨询商家发货地,73
4068,53,发到成都几天,买家咨询到货时间,53
4069,67,发票是随货回来么？,买家咨询能否开发票及发票类型和寄送时间,67
4070,54,这个订单发货了吗？,买家咨询发货时间,54
4071,32,这次希望给我发个质量好点的,买家对特定款式/颜色表达喜好,32
4072,102,味道太重了,买家咨询是否有味道,102
4073,21,那我拿两条L的试试哈,买家表示先买来试试,21
4074,29,能催下快点发货吗,买家催促发货,29
4075,104,如果收到衣服尺码不合适可以退换吗,买家咨询退换货规则,104
4076,109,这款没有5折了吗,买家咨询退款去向,109
4077,48,你们今天不打折吗,买家要求退运费,48
4078,73,好的 哪里发货,买家咨询商家发货地,73
4079,97,亲，忘记备注了，能备注一下发韵达吗,买家咨询是否可以指定快递,97
4080,93,这个是买10包有送东西对吗,买家咨询是否可以发顺丰,93
4081,110,退款可以，双倍退款,买家咨询退款时间,110
4082,43,我拍下的那个地址弄错了，怎么改啊,买家要求改商品信息,43
4083,1,以后再也不想买了,买家表达不满/生气,1
4084,99,是不是只有等到双11那天才有活动,买家咨询是否有活动,99
4085,99,买两条优惠40吗,买家咨询是否有活动,99
4086,99,好评有礼么,买家咨询是否有活动,99
4087,75,里面是独立包装嘛,买家咨询商品包装,75
4088,49,请问下完单可以改地址吗,买家要求修改收件信息,49
4089,52,XS码还会补货嘛,买家咨询补货/上货时间,52
4090,31,怎么还没有物流信息,买家打招呼,31
4091,97,亲  我已寄出  注意查收,买家咨询是否可以指定快递,97
4092,9,这个别发货，我买多了,买家表示拍错了,9
4093,39,我上次返的货你们收到了么？,买家向商家表达不好意思,39
4094,97,不要给我发百世快递啊,买家咨询是否可以指定快递,97
4095,84,发票是电子的还是纸质的,买家咨询商品是不是预售款,84
4096,77,你好，车架是什么材质,买家咨询商品的材质/面料,77
4097,3,要不然我投诉了,买家表示不想要了,3
4098,65,可以定制正方形的吗？,买家咨询能否定制,65
4099,23,我现在重新拍么,买家表示要重拍,23
4100,97,备注圆通或者中通,买家咨询是否可以指定快递,97
4101,54,这个刚刚才看到要五天才发货啊,买家咨询发货时间,54
4102,84,那那件衣服是不是预售款,买家咨询商品是不是预售款,84
4103,43,我地址改好了吗,买家要求改商品信息,43
4104,22,有条裤子买大了 麻烦换货同意一下,买家表示需要退货退款,22
4105,107,退货原因没有你说的那个拍多不喜欢,买家咨询退货退款原因选什么,107
4106,12,就是买加大码的！裤子发错了,买家表示商家发错货了,12
4107,42,记得不要发错P39,买家要求发货检查,42
4108,102,这款有没有味？,买家咨询是否有味道,102
4109,15,你好第二份半价怎么买的,买家表示是老顾客,15
4110,17,我是要送人的 /:^_^ /:^_^,买家表示送人的,17
4111,44,鞋子帮我改18.5,买家要求改运费,44
4112,52,青岛市崂山区依山伴城二期11楼4单元2602,买家咨询补货/上货时间,52
4113,109,亲这个确认收货后返款反到哪里,买家咨询退款去向,109
4114,88,之前是什么颜色,买家咨询商品是什么颜色,88
4115,69,新疆发货么？？？？,买家咨询偏远地区是否发货,69
4116,60,拍的这四款是买三送一的吧,买家咨询活动规则,60
4117,49,这会可以改地址吗？,买家要求修改收件信息,49
4118,99,下面拍这个有参加到活动是吧,买家咨询是否有活动,99
4119,14,您稍等哈,买家表示稍等,14
4120,74,亲，我退换的衣服你们收到了吗？可以给我发货了吗？,买家咨询商家是否收到寄回的商品,74
4121,96,请问可以vx支付吗,买家咨询是否可以微信支付,96
4122,49,不好意思，地址选错了，我把地址改了,买家要求修改收件信息,49
4123,110,发出了我就不退,买家咨询退款时间,110
4124,98,好的，那我试试m的吧,买家咨询是否有好评返现,98
4125,97,可以多送一两包吗,买家咨询是否可以指定快递,97
4126,67,发票随货可以吗,买家咨询能否开发票及发票类型和寄送时间,67
4127,90,你好 这个多少克一袋呀,买家咨询商品重量,90
4128,88,加绒不加绒有区别嘛,买家咨询商品是什么颜色,88
4129,111,我要有物流狀態才能轉運,买家咨询物流信息,111
4130,108,我第3件反20，第4件也是反20对吧,买家咨询退款金额,108
4131,49,我刚刚的商品地址写错了,买家要求修改收件信息,49
4132,82,这有啥区别吗,买家咨询商品区别,8
4133,34,我那地址错了能改不,买家发送开票信息,34
4134,54,黑哥具体时间,买家咨询发货时间,54
4135,15,我买的是两条,买家表示是老顾客,15
4136,79,你好??这个19.8是几个,买家咨询商品规格数量,79
4137,94,没明白你什么意思,买家咨询是否可以改价,94
4138,14,好好，我看看啊,买家表示稍等,14
4139,105,退货你包邮费吗？,买家咨询退换货运费由谁承担,105
4140,99,这款裤子有活动吗，,买家咨询是否有活动,99
4141,104,有一个衣服寄错了,买家咨询退换货规则,104
4142,97,帮我备注一下走邮政呗,买家咨询是否可以指定快递,97
4143,67,发票是随货寄出，还是电子票啊,买家咨询能否开发票及发票类型和寄送时间,67
4144,89,主要要质量好,买家咨询商品质量是否有保障,89
4145,109,到时可以退回运费了，退到哪里,买家咨询退款去向,109
4146,109,不要发我支付宝哈,买家咨询退款去向,109
4147,44,改一下口味,买家要求改运费,44
4148,35,是买一送一吗，送一样的嘛,买家发送支付宝账号,35
4149,71,怎么不能领券,买家咨询如何领取优惠券,71
4150,22,拍错颜色 申请退了重新拍 谢谢,买家表示需要退货退款,22
4151,8,在不，是说可以返款的吧,买家表示马上下单付款,8
4152,25,我拍了四种,买家表示已下单付款,25
4153,52,葱香味的肉松饼什么时候能有,买家咨询补货/上货时间,52
4154,30,安徽省宿州市灵璧县向阳乡向阳街,买家催促回复,30
4155,54,亲  这款大概几天,买家咨询发货时间,54
4156,82,这款和19.9的有啥区别,买家咨询商品区别,82
4157,66,明天先不要发货，我买错了,买家咨询能否分开/一起发货,66
4158,67,能重新帮我开个收据吗？,买家咨询能否开发票及发票类型和寄送时间,67
4159,44,你的手套什么材质,买家要求改运费,44
4160,29,行，好的，谢谢！,买家催促发货,29
4161,7,哈哈哈辛苦辛苦了,买家表示麻烦卖家，表达感谢,7
4162,82,跟个棉一样的吗,买家咨询商品区别,82
4163,112,常规白色和白色有什么区别？,买家咨询优惠券使用规则,112
4164,82,这两款有什么么区别,买家咨询商品区别,61
4165,54,今天能发出嚒,买家咨询发货时间,54
4166,62,我们是每家单独购买的，买31套。单件最多优惠多少？,买家咨询买多件能否优惠,62
4167,46,刚才按错了，撤销了退款,买家要求取消退换货退款,46
4168,108,好像只退了一件的钱,买家咨询退款金额,108
4169,45,这个要怎么撤销啊,买家要求核对订单信息,45
4170,14,等下 我在骑车,买家表示稍等,14
4171,81,里面好大一股味道,买家咨询商品具体尺码尺寸,81
4172,17,那个裤子我不退了 我送人了 朋友刚好能穿,买家表示送人的,17
4173,21,确定就买一套试试,买家表示先买来试试,21
4174,99,双十一能比现在低多少？,买家咨询是否有活动,99
4175,54,另外两个可以发货吗？,买家咨询发货时间,54
4176,45,灰色上边挨着的那个是什么颜色？,买家要求核对订单信息,45
4177,32,嗯。喜欢穿宽松点,买家对特定款式/颜色表达喜好,32
4178,110,前面差价啥时候到账,买家咨询退款时间,110
4179,4,里面的加绒材料也是一样的吗,买家表示地址正确,4
4180,52,这个颜色够勉强的，这个款式我是看上的，明天能发货吗,买家咨询补货/上货时间,52
4181,60,我就是想问一下这个衣服买一送一嘛,买家咨询活动规则,60
4182,58,多久了，电子发票还没开好吗,买家咨询返现时间,58
4183,56,在哪里添加财务呢？,买家咨询返现方式,56
4184,55,申通或者韵达哈,买家咨询发什么快递,55
4185,90,退货重拍可以不,买家咨询商品重量,90
4186,5,不拍，哈哈哈,买家表示好的,5
4187,103,你好我想问一下 是不是都是黑色的,买家咨询退换货地址,103
4188,18,好吧，那我买白色的吧,买家表示无法申请退款,18
4189,82,2.5和4.5只是根高不一样是吗,买家咨询商品区别,82
4190,57,他那个是可以返多少钱,买家咨询返现金额,57
4191,73,亲亲 地址是浙江杭州,买家咨询商家发货地,73
4192,15,我是你家老客户了，经常买,买家表示是老顾客,15
4193,74,你说的是裤子到了是吧,买家咨询商家是否收到寄回的商品,74
4194,22,但我不换了，送人了,买家表示需要退货退款,22
4195,105,记得多送一个升降头哦,买家咨询退换货运费由谁承担,105
4196,37,这个19的跟25的有什么区别,买家确认地址是否修改成功,37
4197,1,我真是气死，我有好几次用别的账号买过衣服,买家表达不满/生气,1
4198,60,这个是买一送一是嘛,买家咨询活动规则,60
4199,48,衣服收到了，运费怎么退我,买家要求退运费,48
4200,78,另外两件还没发货啊！,买家咨询商品的色差问题,78
4201,89,微信没我加我呀,买家咨询商品质量是否有保障,89
4202,22,我用不用再申请一次退货？,买家表示需要退货退款,22
4203,1,黑店,买家表达不满/生气,1
4204,22,退货了  给包邮吗,买家表示需要退货退款,22
4205,60,这两个参加买一送一把,买家咨询活动规则,60
4206,61,你这不是说第二件半价吗,买家咨询快递单号,61
4207,45,裙子涨价了?,买家要求核对订单信息,45
4208,60,是买一个送一个吗？,买家咨询活动规则,60
4209,49,发现地址写错了,买家要求修改收件信息,49
4210,71,你这个没有优惠卷吗,买家咨询如何领取优惠券,71
4211,29,希望快一点，行吗？,买家催促发货,29
4212,60,这个是不是参与买一送一,买家咨询活动规则,60
4213,24,我这已经确认收货了,买家表示已经收到货了,24
4214,10,裤子穿着很难受,买家表示伤心难过,10
4215,49,亲，我修改电话号码13168884119 /:)-(,买家要求修改收件信息,49
4216,32,咱家不参加双十一活动吗,买家对特定款式/颜色表达喜好,32
4217,88,不是买一送一，400只有一箱吗？,买家咨询商品是什么颜色,88
4218,38,现在都没有优惠卷了吧？,买家讨价还价,38
4219,43,麻烦帮我改成M号行吗,买家要求改商品信息,43
4220,13,亲，东西已经发出去了,买家表示商品已经寄回去了,13
4221,30,亲，没发货呢？,买家催促回复,30
4222,25,我婆婆买了,买家表示已下单付款,25
4223,49,你好，我的订单能修改手机号不,买家要求修改收件信息,49
4224,77,把套什么材质的？,买家咨询商品的材质/面料,77
4225,103,生产地是安溪？,买家咨询退换货地址,103
4226,67,怎么没有开收据,买家咨询能否开发票及发票类型和寄送时间,67
4227,61,麻烦帮我看看单号是什么？,买家咨询快递单号,61
4228,7,/:026好吧谢谢,买家表示麻烦卖家，表达感谢,7
4229,8,刚买了一套，觉得可以，还想买一套,买家表示马上下单付款,8
4230,60,买二还送一吗,买家咨询活动规则,60
4231,20,那就是拍一份发两份是吗,买家表示物流太慢了,20
4232,102,亲，包包太大了，还有气味，我不要了,买家咨询是否有味道,102
4233,66,可以打包一起寄过来,买家咨询能否分开/一起发货,66
4234,54,你是在福建发货吗,买家咨询发货时间,54
4235,63,分开发货运费多少,买家咨询哪款更好,63
4236,48,换货运费我先垫上是吧,买家要求退运费,48
4237,7,okok多谢,买家表示麻烦卖家，表达感谢,7
4238,29,今天帮我发出去哦  急用,买家催促发货,29
4239,55,亲发发什么快递,买家咨询发什么快递,55
4240,90,只能选3斤一箱的？,买家咨询商品重量,90
4241,5,穿起来效果不好，裙子的布也不喜欢,买家表示好的,5
4242,4,我付款了，别发错货了,买家表示地址正确,4
4243,71,寄到那里我怎么领？,买家咨询如何领取优惠券,71
4244,75,请问是单独包装的吗,买家咨询商品包装,75
4245,92,那些是7折？,买家咨询是否可以打折,92
4246,29,想问下今天能发货吗？,买家催促发货,29
4247,31,其实我都搞不懂啊,买家打招呼,31
4248,99,有活动吗,买家咨询是否有活动,46
4249,49,您好，麻烦修改电话为15701191706,买家要求修改收件信息,49
4250,48,确认收货退运费吧,买家要求退运费,48
4251,104,你好，我有几件衣服穿起来大小不合身，想换一下，要怎么换。,买家咨询退换货规则,104
4252,83,我想问下 店里 什么时候会上新,买家咨询商品上新时间,83
4253,54,今天拍什么时候发货呀,买家咨询发货时间,54
4254,111,9.9元有多少个？,买家咨询物流信息,111
4255,44,请改一下运费吧！,买家要求改运费,44
4256,20,你好，帮我催一下快递揽收。,买家表示物流太慢了,20
4257,97,不要发圆通快递和邮政快递,买家咨询是否可以指定快递,1
4258,0,这款比平时卖得还贵,买家抱怨商品涨价了,0
4259,75,还带箱子,买家咨询商品包装,75
4260,99,我这3款买3免1吗,买家咨询是否有活动,99
4261,71,这两个是买一送一对吧,买家咨询如何领取优惠券,71
4262,0,又不是拿好评返现,买家抱怨商品涨价了,0
4263,77,请问这是真皮的吗？,买家咨询商品的材质/面料,77
4264,9,你们这个衣服我真是醉了,买家表示拍错了,9
4265,35,亲，物流更新了，麻烦帮我改下电话号码吖,买家发送支付宝账号,35
4266,86,不是送80本什么书啊,买家咨询商品是否有赠品,86
4267,7,双十二的优惠券在哪里领哦,买家表示麻烦卖家，表达感谢,7
4268,36,什么质量呀，刚收到就已经破洞了,买家反馈收到的商品有问题,36
4269,114,运费险退啊,买家咨询运费险赔付规则,114
4270,75,看看包装盒,买家咨询商品包装,75
4271,111,帮我查下了没,买家咨询物流信息,111
4272,30,你盒多少片呀,买家催促回复,30
4273,59,我姐买了,买家咨询换货发货时间,59
4274,23,没事，那我重新拍,买家表示要重拍,23
4275,94,马甲大了，我重新拍了，麻烦你帮我改下价格,买家咨询是否可以改价,94
4276,73,那买两份发两个地址可以吗,买家咨询商家发货地,73
4277,79,买两份是发几份的,买家咨询商品规格数量,79
4278,115,亲   西藏发什么快递？,买家咨询赠品何时发货,115
4279,105,那寄回要运费吗,买家咨询退换货运费由谁承担,105
4280,75,路程有点远，发货请包装严实些，谢谢,买家咨询商品包装,75
4281,79,想知道200买一送一多少个,买家咨询商品规格数量,79
4282,54,617703107086070939怎么还没发货,买家咨询发货时间,54
4283,77,你好，请问气筒底座什么材料？,买家咨询商品的材质/面料,77
4284,111,能看到物流吗，怎么还没有收到？,买家咨询物流信息,111
4285,20,快递好慢呵,买家表示物流太慢了,20
4286,73,你好，我这个是明天发货吗,买家咨询商家发货地,73
4287,38,退货地址给发一下，谢谢了,买家讨价还价,38
4288,3,我不要了，直接给我退到了我也不会领。,买家表示不想要了,3
4289,111,能帮忙查下快递到哪了吗？,买家咨询物流信息,111
4290,65,哦哦，我拍下，你们帮我刻名字吧,买家咨询能否定制,65
4291,31,在吗你们,买家打招呼,31
4292,70,我拍了2份是多少,买家咨询如何加入会员,70
4293,108,像你这么说，那我就不退啦,买家咨询退款金额,108
4294,13,支付宝账号是 17780684105实名认证的名字是 曾祥薇,买家表示商品已经寄回去了,13
4295,67,发票都寄上海,买家咨询能否开发票及发票类型和寄送时间,67
4296,65,这个四个可以刻字的吧,买家咨询能否定制,65
4297,65,有图案定制吗,买家咨询能否定制,65
4298,26,优惠券不能用啊,买家表示优惠券无法使用,26
4299,86,有送什么东西吗,买家咨询商品是否有赠品,86
4300,74,我说我衣服到了是吗,买家咨询商家是否收到寄回的商品,74
4301,97,我没要求发邮政,买家咨询是否可以指定快递,97
4302,88,深蓝是什么颜色呢？,买家咨询商品是什么颜色,88
4303,78,我怕色差,买家咨询商品的色差问题,78
4304,94,你把钱退给我，我从新拍，要不我拍下，你改下价格，,买家咨询是否可以改价,94
4305,104,您好吊牌我剪了,买家咨询退换货规则,104
4306,60,要双十一才能优惠吗？,买家咨询活动规则,60
4307,90,OKK,买家咨询商品重量,90
4308,70,这不早晚都得双十一吗,买家咨询如何加入会员,70
4309,117,这个黑的麦片跟一般的有什么不同呢？,买家咨询自己的旺旺昵称,117
4310,38,双十一怎么还涨价了,买家讨价还价,38
4311,111,这个发到山西运城市周四可以到吗,买家咨询物流信息,111
4312,50,昨晚拍的什么时候能发货啊,买家要求延迟发货,50
4313,79,16块的多少个,买家咨询商品规格数量,79
4314,55,亲、你们发什么快递的？,买家咨询发什么快递,55
4315,22,已经签收了 退款吧,买家表示需要退货退款,22
4316,52,亲，东西收到啦,买家咨询补货/上货时间,52
4317,61,订单编号是退货的订单编号还是？,买家咨询快递单号,61
4318,24,收到 /:Y /:Y /:Y,买家表示已经收到货了,24
4319,95,宝贝我太难受了,买家咨询是否可以拒收,95
4320,77,订制？,买家咨询商品的材质/面料,77
4321,60,这款是拍一发二吗,买家咨询活动规则,60
4322,46,不用退回啊,买家要求取消退换货退款,46
4323,31,在吗。店主,买家打招呼,31
4324,95,怎么样拒收,买家咨询是否可以拒收,95
4325,47,可以叠加券吗,买家要求添加商家微信,47
4326,94,两件98，怎么拍了没有自动改价格,买家咨询是否可以改价,94
4327,97,我这里只能收到邮政快递,买家咨询是否可以指定快递,97
4328,83,就是秒杀价的和买三免一是不同时享有的是吗,买家咨询商品上新时间,83
4329,60,买两份共发12个对吗,买家咨询活动规则,60
4330,7,谢谢，麻烦了～,买家表示麻烦卖家，表达感谢,7
4331,73,你好，请问从哪发货的。,买家咨询商家发货地,73
4332,82,亲，你们那个特价款和别的有什么区别,买家咨询商品区别,82
4333,97,你们杭州发出吗,买家咨询是否可以指定快递,97
4334,74,请问我换的货寄出来了吗,买家咨询商家是否收到寄回的商品,74
4335,67,好的，那就帮我分开开电子发票,买家咨询能否开发票及发票类型和寄送时间,67
4336,79,这个散包的有多少包,买家咨询商品规格数量,79
4337,98,5分好评有活动？,买家咨询是否有好评返现,98
4338,55,我看到的是申通啊,买家咨询发什么快递,55
4339,80,今天的价格跟昨天价格一样吗？,买家咨询商品价格,80
4340,99,刚开始有事去了，错过了双十一，还有优惠没现在？,买家咨询是否有活动,99
4341,82,一粒扣子和二粒扣子有什么区别,买家咨询商品区别,82
4342,72,问了半天都没回应，怎么下单,买家咨询如何下单,72
4343,93,怎么现在才发优惠卷给我,买家咨询是否可以发顺丰,93
4344,105,不喜欢，七天无理由退货，运费自己出的对吗？,买家咨询退换货运费由谁承担,105
4345,60,10包送一包吗？,买家咨询活动规则,60
4346,67,帮我下开发票,买家咨询能否开发票及发票类型和寄送时间,30
4347,102,臭味吗？,买家咨询是否有味道,102
4348,79,500G大概多少个左右,买家咨询商品规格数量,79
4349,108,你好，收到货了，怎么返30呢,买家咨询退款金额,108
4350,42,10元优惠卷有吗？,买家要求发货检查,42
4351,58,现在拍还返现吗,买家咨询返现时间,58
4352,49,在你们家买的枕头已经到了，但是我不在那个地方，能不能申请改一下地址,买家要求修改收件信息,49
4353,73,哪天发的？,买家咨询商家发货地,73
4354,105,那我换货退运费吗,买家咨询退换货运费由谁承担,105
4355,88,这个图片色就是紫色吗,买家咨询商品是什么颜色,88
4356,86,老顾客:已经下单4斤有什么送吗,买家咨询商品是否有赠品,86
4357,60,亲这款是买一送一吗,买家咨询活动规则,106
4358,106,买小了  能退不,买家咨询退换货支持快递,106
4359,52,紫色小码后面还会有吗,买家咨询补货/上货时间,52
4360,41,补偿怎么个补偿法？,买家要求补偿,41
4361,106,你们要这种态度我只能申请退货了,买家咨询退换货支持快递,106
4362,84,这个不是预售款/:018,买家咨询商品是不是预售款,84
4363,1,骗人的，,买家表达不满/生气,1
4364,38,我的这件最低多少？,买家讨价还价,38
4365,75,亲，有包装不,买家咨询商品包装,75
4366,17,你好 这件衣服我再买一件送人,买家表示送人的,17
4367,22,我需要申请退过吗,买家表示需要退货退款,22
4368,27,我没有挺懂,买家表示有疑问/不理解,27
4369,66,两件能不能一起发过来,买家咨询能否分开/一起发货,66
4370,15,我买了二条了,买家表示是老顾客,15
4371,31,/:068 我又来了……,买家打招呼,31
4372,92,我说了，我问了别的买家，都没我这个涨袋厉害,买家咨询是否可以打折,92
4373,1,你这个，信不信我投诉你,买家表达不满/生气,1
4374,45,她穿的是哪个颜色？,买家要求核对订单信息,45
4375,15,我在你店里买了好多衣服了,买家表示是老顾客,15
4376,12,你好，那个衣服的颜色为啥是灰色呢,买家表示商家发错货了,12
4377,0,活动价比之前贵啊,买家抱怨商品涨价了,0
4378,1,妳们这属于欺骗消费者,买家表达不满/生气,1
4379,101,这个大小号 有什么区别,买家咨询是否有实体店,101
4380,46,不退了，能撤销吗,买家要求取消退换货退款,110
4381,97,亲，有指定快递吗？,买家咨询是否可以指定快递,97
4382,4,这回给我地址邮对了,买家表示地址正确,4
4383,54,你好 这个要12天才发货吗,买家咨询发货时间,54
4384,99,亲这件涮十一有优惠吗,买家咨询是否有活动,99
4385,56,衣服 给寄回去了,买家咨询返现方式,56
4386,3,忘截图了，不要了,买家表示不想要了,3
4387,103,记得赠品一起发哈??,买家咨询退换货地址,103
4388,5,哦、好的??！谢谢,买家表示好的,5
4389,22,没现货我就不要了,买家表示需要退货退款,22
4390,60,没了 下次买二送一了 再来吧,买家咨询活动规则,60
4391,49,买了几条了，改价吗,买家要求修改收件信息,49
4392,25,裤子我都拍了啊,买家表示已下单付款,25
4393,12,号码是不是发错了,买家表示商家发错货了,12
4394,90,你这是几个,买家咨询商品重量,90
4395,40,那有没有类似的？推荐一下,买家需要商品推荐,40
4396,1,这个自动回复 醉了,买家表达不满/生气,1
4397,7,OK，谢了,买家表示麻烦卖家，表达感谢,7
4398,108,你给我退17不行吗？5毛钱也给我要,买家咨询退款金额,108
4399,92,收到货才打折？,买家咨询是否可以打折,92
4400,113,运费大概多少啊,买家咨询运费金额,113
4401,56,支付宝购买，微信退款？,买家咨询返现方式,56
4402,3,我比较喜欢颜色鲜的,买家表示不想要了,3
4403,110,那我现在点退款了,买家咨询退款时间,110
4404,104,亲我这边能退了重拍吗？,买家咨询退换货规则,104
4405,2,请问啥时候会上新,买家表达赞美/满意,2
4406,30,你等下啊,买家催促回复,30
4407,47,19.8买两包送一包吗,买家要求添加商家微信,47
4408,67,我现在拍，发票什么时候可以开呢？,买家咨询能否开发票及发票类型和寄送时间,67
4409,49,四川省绵阳市涪城区滨江路10号水韵滨江 刘女士 180 3094 3720,买家要求修改收件信息,49
4410,23,我可以重拍一下吗！,买家表示要重拍,23
4411,91,一般喜欢穿宽松一点,买家咨询什么颜色好看,91
4412,49,双十一可以改地址吗,买家要求修改收件信息,49
4413,82,升级版和普通款有什么不同,买家咨询商品区别,82
4414,59,亲这个一箱里面有多少袋,买家咨询换货发货时间,59
4415,80,买三价多少钱,买家咨询商品价格,80
4416,65,再次购买啦！还是要发票的哦,买家咨询能否定制,65
4417,11,5斤的鱼 净重多少,买家表示商家发错地址,11
4418,82,那个挂钩有什么区别呢,买家咨询商品区别,82
4419,49,不好意思，电话写错了[表情],买家要求修改收件信息,49
4420,60,怎么个第2件半价,买家咨询活动规则,60
4421,90,/:? 怎么拍呢？,买家咨询商品重量,90
4422,105,我掏的运费就不能报销了吗？,买家咨询退换货运费由谁承担,105
4423,88,绿色是黑绿,买家咨询商品是什么颜色,88
4424,88,我要修改地址。,买家咨询商品是什么颜色,88
4425,92,什么再打折,买家咨询是否可以打折,92
4426,32,别发错了货哦,买家对特定款式/颜色表达喜好,32
4427,105,换货也是邮费自理,买家咨询退换货运费由谁承担,105
4428,60,哦跨店满减哦,买家咨询活动规则,60
4429,23,拍错了。重新拍的。,买家表示要重拍,23
4430,82,这两个是一样的吗,买家咨询商品区别,82
4431,53,你帮我问下快递，睡衣到哪里了,买家咨询到货时间,53
4432,86,还可以免费送东西？,买家咨询商品是否有赠品,86
4433,65,请问尺寸可以定做吗,买家咨询能否定制,65
4434,85,这个运费我先垫付上还是,买家咨询商品是否可以单买/单卖,85
4435,65,边框不是可以定制吗,买家咨询能否定制,65
4436,37,那地址改了么,买家确认地址是否修改成功,37
4437,97,你们就是发圆通跟中通的是吧！,买家咨询是否可以指定快递,97
4438,67,老板，发票开了没，快邮来哟，急急急。谢谢，如果邮来告诉我一下哟,买家咨询能否开发票及发票类型和寄送时间,67
4439,29,豪华跟轻量版有什么区别,买家催促发货,29
4440,60,好的，那我知道了，待会我去拿,买家咨询活动规则,60
4441,29,一般什么时候发货呀,买家催促发货,29
4442,68,你们这款双十一有活动，我提前买能享受双十一的优惠不？,买家咨询能否提前享受优惠,68
4443,99,现在下单 是买一箱送一箱嘛,买家咨询是否有活动,99
4444,16,买这件衣服还送礼品?,买家表示收件信息不需要修改了,16
4445,88,桃红色色差大吗,买家咨询商品是什么颜色,88
4446,62,我第二件有优惠券,买家咨询买多件能否优惠,62
4447,30,快递那边没有回复你吗？,买家催促回复,30
4448,102,裤子气味大,买家咨询是否有味道,102
4449,60,买一送一的退款怎么退,买家咨询活动规则,60
4450,60,那你多送两个吗？,买家咨询活动规则,60
4451,60,这款参加满四免二妈,买家咨询活动规则,60
4452,106,我可以寄圆通吗，,买家咨询退换货支持快递,106
4453,49,电话留错了，,买家要求修改收件信息,49
4454,16,能更改地址吗,买家表示收件信息不需要修改了,16
4455,75,买一箱送收纳箱嘛？,买家咨询商品包装,75
4456,111,东西到哪了,买家咨询物流信息,111
4457,19,系统繁忙。。买不了单。。,买家表示无法下单,19
4458,25,好的拍下了,买家表示已下单付款,25
4459,105,裤子有质量问题，运费怎么办,买家咨询退换货运费由谁承担,105
4460,9,这个料子跟上面那个料子是一样的吗,买家表示拍错了,9
4461,7,不用改地址了，谢谢,买家表示麻烦卖家，表达感谢,7
4462,29,这个米色裤子有色差,买家催促发货,29
4463,60,手撕面包是买一送一的吗,买家咨询活动规则,60
4464,110,你好我这边 轨道收到了,买家咨询退款时间,110
4465,97,发中通别忘了,买家咨询是否可以指定快递,97
4466,1,不是诶，是59，骗人的，一打开就贵了，你们这商家可太搞笑了,买家表达不满/生气,1
4467,60,双十二不是194？,买家咨询活动规则,60
4468,1,你是不是搞笑，每天上班，东西什么时候邮到我怎么知道，你们推荐的尺码不合适，还我们承担邮费,买家表达不满/生气,1
4469,54,你好呀，这两天能给我发货吗,买家咨询发货时间,54
4470,1,都没个处理态度还给我推荐东西,买家表达不满/生气,1
4471,103,地址发一下 我换个号,买家咨询退换货地址,103
4472,71,亲！深圳几天能到货,买家咨询如何领取优惠券,71
4473,84,上衣裤子都是买一送一吧,买家咨询商品是不是预售款,84
4474,86,拍五瓶 是不是就是到手10瓶,买家咨询商品是否有赠品,86
4475,8,买两件，一件橙色，一件裸绿色,买家表示马上下单付款,8
4476,60,买一套送一套吗,买家咨询活动规则,60
4477,58,请问6.99元和7.99元有什么不一样？,买家咨询返现时间,58
4478,22,这个裤子我早就要求退款了,买家表示需要退货退款,22
4479,104,他拿回去就把吊牌剪了,买家咨询退换货规则,104
4480,22,我这边以退货，麻烦同意一下下,买家表示需要退货退款,22
4481,49,稍等。地址还不对。,买家要求修改收件信息,49
4482,92,双十一，你家能用津贴吗？,买家咨询是否可以打折,92
4483,9,感觉被欺骗了,买家表示拍错了,9
4484,38,任天堂新机多少钱,买家讨价还价,38
4485,49,亲，是不是提交订单改价格,买家要求修改收件信息,49
4486,22,重新拍了噢,买家表示需要退货退款,22
4487,108,那我买你怎么给我退10元啊,买家咨询退款金额,108
4488,111,客服，什么情况，昨天就到长春了，什么今天还在长春呀，还没有到榆林呀,买家咨询物流信息,111
4489,49,我要换地址,买家要求修改收件信息,49
4490,74,那是你们收到货才会把我换的那件发过来吗,买家咨询商家是否收到寄回的商品,74
4491,85,小姐姐,买家咨询商品是否可以单买/单卖,85
4492,19,没有尺子可以量的话，就买不了咯,买家表示无法下单,19
4493,97,帮我发到，河南省南阳市邓州市白马百世快递,买家咨询是否可以指定快递,97
4494,21,好吧，反正试试,买家表示先买来试试,21
4495,59,啥时候换出的,买家咨询换货发货时间,59
4496,1,麻烦给我检查一下好的在给我发，我刚在另外一家买了一个，发个来是坏的，你说气人吧。,买家表达不满/生气,1
4497,54,什么时候能发货呢,买家咨询发货时间,54
4498,81,我说的是一个蛋黄酥多克,买家咨询商品具体尺码尺寸,81
4499,1,你们店这效率真快,买家表达不满/生气,1
4500,60,是不是4斤,买家咨询活动规则,60
4501,80,拍6个，350克送350克的了,买家咨询商品价格,80
4502,52,这个多久能补上货啊,买家咨询补货/上货时间,52
4503,52,客服，这个啥时候补货？,买家咨询补货/上货时间,52
4504,60,你们这个书现在的价格是双十一价格吗,买家咨询活动规则,60
4505,106,买一送三罐小的吗,买家咨询退换货支持快递,106
4506,74,那个快递被我朋友已经签收了,买家咨询商家是否收到寄回的商品,74
4507,60,这个买一送一是怎么送啊,买家咨询活动规则,86
4508,26,你那边还没收到我的退货吗？,买家表示优惠券无法使用,26
4509,75,你好我的衣服退给你们了有收到吗！单号给你发过去了,买家咨询商品包装,75
4510,102,这个羽绒服有一股味道,买家咨询是否有味道,102
4511,80,退回来运费谁掏,买家咨询商品价格,80
4512,113,浙江运费要多少,买家咨询运费金额,113
4513,49,那我今天给你寄回去吧^O^ 可以把收货地址给我吗,买家要求修改收件信息,49
4514,51,A面跟B面一样的吗,买家要求延长收货时间,51
4515,73,不是杭州发的吗,买家咨询商家发货地,73
4516,31,在吗！,买家打招呼,31
4517,104,亲??要换货怎么处理,买家咨询退换货规则,104
4518,82,89 99区别是啥,买家咨询商品区别,82
4519,114,运险费没退呢,买家咨询运费险赔付规则,114
4520,22,如果说我在淘宝上买了东西，然后在路上就申请退款退货然后一直没退款怎么办？,买家表示需要退货退款,22
4521,86,双十二也是188吗,买家咨询商品是否有赠品,86
4522,53,顺丰能保证两天到吗,买家咨询到货时间,53
4523,108,我退回两件一起为什么只退一件的钱,买家咨询退款金额,108
4524,108,你们不是退12.55元吗？怎么只收到4.99元,买家咨询退款金额,108
4525,67,发票要明细发票可以嘛,买家咨询能否开发票及发票类型和寄送时间,67
4526,49,成都市双流县万安镇万科海悦汇城西区10栋2402。,买家要求修改收件信息,49
4527,86,意思能不能送两个,买家咨询商品是否有赠品,86
4528,71,有优惠券么,买家咨询如何领取优惠券,71
4529,64,啥时候给我返现呢,买家咨询能否到付,64
4530,49,这个可以给我改个地址吗？,买家要求修改收件信息,49
4531,35,请问这个灰色预售大概多久发货呢,买家发送支付宝账号,35
4532,31,啊  小姐姐在吗,买家打招呼,31
4533,65,你好，长45宽50可以定做吗,买家咨询能否定制,65
4534,65,这衣服能定制换文字吗？,买家咨询能否定制,65
4535,45,看看选的码数对不对,买家要求核对订单信息,45
4536,30,万圣节当天能到吗,买家催促回复,30
4537,46,算了、我不退了,买家要求取消退换货退款,46
4538,36,什么问题才算质量问题,买家反馈收到的商品有问题,36
4539,23,重新拍一个？,买家表示要重拍,23
4540,49,这就是你更改地址了,买家要求修改收件信息,49
4541,82,这俩个价格不一样手表是一样的吗,买家咨询商品区别,82
4542,36,我真是醉了，,买家反馈收到的商品有问题,36
4543,110,我退了商品，但是我还没有收到退款,买家咨询退款时间,110
4544,3,这个外套参与活动吗？,买家表示不想要了,3
4545,71,你好，这个衣服有活动是吗，怎么返,买家咨询如何领取优惠券,71
4546,13,如果不合适换码  运费谁承担？,买家表示商品已经寄回去了,13
4547,60,可以单独买杠吗？,买家咨询活动规则,60
4548,48,你好，我帮你垫付的邮费什么时候退给我啊,买家要求退运费,48
4549,40,我找不到那个蛋香味蛋糕的链接了,买家需要商品推荐,40
4550,74,大哥，你们收到了吧,买家咨询商家是否收到寄回的商品,74
4551,54,你好 今天可以发货吗,买家咨询发货时间,54
4552,24,我的雪花酥收到了,买家表示已经收到货了,24
4553,40,我想买这个，亲你帮我搭配一套,买家需要商品推荐,40
4554,25,买好啦,买家表示已下单付款,25
4555,47,好滴。知道了,买家要求添加商家微信,47
4556,99,你好  请问可以换颜色吗,买家咨询是否有活动,99
4557,53,不发顺丰周五能不能到,买家咨询到货时间,53
4558,72,第二包半价怎么买,买家咨询如何下单,72
4559,87,亲，还五年质保换新，我这个还没用两次就坏了，,买家咨询商品是否有质保，质保多久,87
4560,111,我的快递已经好多天了，怎么还没有到？麻烦你帮我催一下，看到哪里了？,买家咨询物流信息,111
4561,99,好的，那你们知道双十一有什么活动了吗？,买家咨询是否有活动,99
4562,3,看你们家评价很好才买的,买家表示不想要了,3
4563,53,你好   我现在拍内蒙古什么时候到,买家咨询到货时间,53
4564,64,初学级专业级啥区别,买家咨询能否到付,64
4565,4,可是不是白色的吗,买家表示地址正确,4
4566,86,98的那个先别发货,买家咨询商品是否有赠品,86
4567,14,谢谢了终于等到了,买家表示稍等,14
4568,53,快递，还停着没动啊，什么时候能收到啊,买家咨询到货时间,53
4569,66,可以发到么,买家咨询能否分开/一起发货,66
4570,73,你们一般是再那边发货,买家咨询商家发货地,73
4571,99,现在有没有什么优惠活动,买家咨询是否有活动,99
4572,75,散装有包装吗,买家咨询商品包装,75
4573,5,明白 谢谢,买家表示好的,5
4574,102,这个有没有难闻的气味,买家咨询是否有味道,102
4575,79,麻烦问一下一袋多重,买家咨询商品规格数量,79
4576,62,有啥优惠吗,买家咨询买多件能否优惠,62
4577,46,我这条裤子不退,买家要求取消退换货退款,46
4578,60,这个必须两件五折吗,买家咨询活动规则,60
4579,74,寄回来的衣服你们是应该签收了的,买家咨询商家是否收到寄回的商品,74
4580,38,零头去掉呗,买家讨价还价,38
4581,3,滚鸡巴犊子吧,买家表示不想要了,3
4582,105,那我不喜欢的话你们不是包邮退货吗,买家咨询退换货运费由谁承担,105
4583,114,您好运费险怎么退回呢,买家咨询运费险赔付规则,114
4584,99,这个衣服 有活动吗。,买家咨询是否有活动,99
4585,0,是本色纸吧,买家抱怨商品涨价了,0
4586,106,嘿嘿！那你送点啥呗,买家咨询退换货支持快递,106
4587,60,给是买4送二,买家咨询活动规则,60
4588,96,我买了这个杯可以刻字是吧,买家咨询是否可以微信支付,96
4589,77,这件参加买一赠一吗,买家咨询商品的材质/面料,77
4590,106,请问都是发什么快递,买家咨询退换货支持快递,106
4591,92,这四条可以打8折了吗,买家咨询是否可以打折,92
4592,105,那我是先垫付运费吗,买家咨询退换货运费由谁承担,105
4593,97,分明欺骗消费者,买家咨询是否可以指定快递,97
4594,115,你们是哪里的哦,买家咨询赠品何时发货,115
4595,67,能开发票哑巴,买家咨询能否开发票及发票类型和寄送时间,71
4596,108,你好 只退了一件T恤的钱哦,买家咨询退款金额,108
4597,60,按双十二的价格吗？,买家咨询活动规则,60
4598,98,好评有啥活动吗,买家咨询是否有好评返现,98
4599,40,你给我备注一下，发圆通,买家需要商品推荐,40
4600,38,那会有活动嘛,买家讨价还价,38
4601,52,什么时候会公布出来的,买家咨询补货/上货时间,52
4602,11,这个商品现在买有啥优惠不,买家表示商家发错地址,11
4603,22,亲，西服不退了,买家表示需要退货退款,22
4604,67,没有电子发票？,买家咨询能否开发票及发票类型和寄送时间,67
4605,78,磨砂的有异味没,买家咨询商品的色差问题,78
4606,26,为什么我不能用15减2元的券呀,买家表示优惠券无法使用,26
4607,92,你们家双十二打折吗,买家咨询是否可以打折,92
4608,30,然后就不理人了是吗？,买家催促回复,30
4609,3,太晚就不要了,买家表示不想要了,3
4610,73,快递是从杭州发,买家咨询商家发货地,73
4611,37,我是想问能不能不用到付,买家确认地址是否修改成功,37
4612,60,这款是买一送一？,买家咨询活动规则,60
4613,54,[点击了解]发货时间,买家咨询发货时间,54
4614,115,好的 我看下,买家咨询赠品何时发货,115
4615,54,我拍的这件衣服先别发货行吗？,买家咨询发货时间,54
4616,90,除了冰 净重三斤多呀,买家咨询商品重量,90
4617,112,这双黑面的，和上面那双不是一样的吗,买家咨询优惠券使用规则,112
4618,24,这个也买一送一活动吗？,买家表示已经收到货了,24
4619,12,您好，请问我这个是不是给我发错码了？,买家表示商家发错货了,12
4620,110,到时候我确实收货就可以返钱了吗,买家咨询退款时间,110
4621,24,我的发票还没收到,买家表示已经收到货了,24
4622,67,你们这能开发票吗,买家咨询能否开发票及发票类型和寄送时间,67
4623,13,5斤是净重还是加冰和纸箱,买家表示商品已经寄回去了,13
4624,17,一定要注意包装完好，送人的,买家表示送人的,17
4625,48,运费退款了没,买家要求退运费,48
4626,50,还不给我退运费吗,买家要求延迟发货,50
4627,90,6个有多重？,买家咨询商品重量,90
4628,76,火锅底料多少克,买家咨询商品产地,76
4629,111,给更新一下物流，好几天看不到走哪了,买家咨询物流信息,111
4630,38,老顾客了优惠些呗,买家讨价还价,38
4631,68,不满意可退。,买家咨询能否提前享受优惠,68
4632,15,我经常在你家买了,买家表示是老顾客,15
4633,23,我想退货重新拍一个,买家表示要重拍,23
4634,98,我知道。我的意思是没有9.9的活动了吗,买家咨询是否有好评返现,98
4635,59,一斤一包么？还是几包,买家咨询换货发货时间,59
4636,75,散装的有独立包装吗,买家咨询商品包装,75
4637,97,百事和邮政都可以,买家咨询是否可以指定快递,97
4638,65,大小可以定制吗？,买家咨询能否定制,67
4639,22,更改地址怎么改啊,买家表示需要退货退款,22
4640,110,运费什么时候返我呢?,买家咨询退款时间,110
4641,105,那请问，退回去包邮吗亲,买家咨询退换货运费由谁承担,105
4642,109,支付宝怎么没转,买家咨询退款去向,109
4643,54,的等十二天发货吗,买家咨询发货时间,54
4644,84,通过了我今天就能寄出去哈,买家咨询商品是不是预售款,84
4645,23,可以退了再重新拍吗,买家表示要重拍,23
4646,83,为什么买的时候不说是预售款呢,买家咨询商品上新时间,83
4647,55,请问你们用的什么快递,买家咨询发什么快递,55
4648,28,加大码跟3XL什么区别,买家表示再看看,28
4649,49,亲改下收货地址吧,买家要求修改收件信息,49
4650,60,这件衣服是买一赠一的活动吧,买家咨询活动规则,60
4651,82,有绒和单里是一样的吗,买家咨询商品区别,82
4652,12,可以定制65×85的吗？,买家表示商家发错货了,12
4653,40,毛衣太大了 可以退换吗,买家需要商品推荐,40
4654,105,那不要出退货的运费吧？,买家咨询退换货运费由谁承担,105
4655,117,旺旺号是哪个号,买家咨询自己的旺旺昵称,117
4656,60,双十一 这裤子 买一送一？,买家咨询活动规则,60
4657,29,哦哦。没有邮政吗,买家催促发货,29
4658,79,36.8是多少个,买家咨询商品规格数量,79
4659,55,邮政寄就可以的,买家咨询发什么快递,55
4660,23,有多重啊,买家表示要重拍,23
4661,75,只要是箱子的包装就行,买家咨询商品包装,75
4662,10,额，款式太…不喜欢,买家表示伤心难过,10
4663,40,送个 老顾客,买家需要商品推荐,40
4664,75,600克的是礼盒装的啊,买家咨询商品包装,75
4665,3,在你家买了三件，穿着挺舒服，又买了一件还买错了,买家表示不想要了,3
4666,14,稍微等一下,买家表示稍等,14
4667,71,是纸质发票随货一起吗,买家咨询如何领取优惠券,71
4668,72,我想拍一套图片的,买家咨询如何下单,72
4669,71,真的没有优惠券的吗？,买家咨询如何领取优惠券,71
4670,52,一箱有多少个,买家咨询补货/上货时间,52
4671,54,今天早上下单的什么时候能发货,买家咨询发货时间,54
4672,30,回头客来啦,买家催促回复,30
4673,79,三包多少个呀,买家咨询商品规格数量,79
4674,16,双12价格优惠是吧,买家表示收件信息不需要修改了,16
4675,7,知道了我明天去拿，谢谢！,买家表示麻烦卖家，表达感谢,7
4676,26,为什么那个分享好友优惠券用不了,买家表示优惠券无法使用,26
4677,4,可以任选三副送一副吗,买家表示地址正确,4
4678,46,但是双十一买的有优惠哦,买家要求取消退换货退款,46
4679,80,四件套一起多少钱？,买家咨询商品价格,80
4680,91,颜色？哪个卖的最好,买家咨询什么颜色好看,91
4681,97,那给我发圆通吧,买家咨询是否可以指定快递,97
4682,94,我想买宽松一点的。有四个叉的。,买家咨询是否可以改价,94
4683,78,如果号码不合适，退换货运费怎么办,买家咨询商品的色差问题,78
4684,46,我懒得退，3元就3元,买家要求取消退换货退款,46
4685,97,我想再拍一件，发中通可以吗,买家咨询是否可以指定快递,97
4686,113,不需要，不太喜欢，谢谢,买家咨询运费金额,113
4687,93,不到我就发顺丰,买家咨询是否可以发顺丰,93
4688,82,15跟19的有什么区别吗,买家咨询商品区别,82
4689,97,邮政？？！,买家咨询是否可以指定快递,97
4690,20,爆仓，快递很慢……,买家表示物流太慢了,20
4691,60,这个活动是买一送一吗？,买家咨询活动规则,60
4692,57,三件衣服返多少呢,买家咨询返现金额,57
4693,54,你好，这件衣服你什么时候发货,买家咨询发货时间,54
4694,49,那我这边可以直接申请退款对吧？,买家要求修改收件信息,49
4695,78,我想问一下，就是我换的宝贝什么时候发货,买家咨询商品的色差问题,78
4696,36,跟我发质量好点的哟,买家反馈收到的商品有问题,36
4697,11,明天能发货吧,买家表示商家发错地址,11
4698,97,快递不要邮政,买家咨询是否可以指定快递,97
4699,59,可以帮忙换粉色么,买家咨询换货发货时间,59
4700,33,发中通谢谢,买家发送结束语,33
4701,60,现在买这个还会买一送一吗,买家咨询活动规则,60
4702,47,咋加啊,买家要求添加商家微信,47
4703,88,我想问一下这是绿色还是黑色的,买家咨询商品是什么颜色,88
4704,97,为什么不可以发圆通,买家咨询是否可以指定快递,97
4705,61,我自己的订单编号,买家咨询快递单号,61
4706,43,我裤子颜色下单下错了！帮我换下颜色,买家要求改商品信息,43
4707,112,这个和49.9的不一样吗,买家咨询优惠券使用规则,112
4708,53,另外一个明天能拿到吧,买家咨询到货时间,53
4709,12,我买的是黑色和深蓝，你给我发白色，,买家表示商家发错货了,12
4710,94,亲你好：我要是拍请你给我改一下价格是吗？,买家咨询是否可以改价,94
4711,14,之前就可以开专票啊,买家表示稍等,14
4712,92,双十二这个衣服有什么折扣吗,买家咨询是否可以打折,92
4713,14,好 等下啊,买家表示稍等,14
4714,24,我买的是不是都到了,买家表示已经收到货了,24
4715,102,刺鼻不味道,买家咨询是否有味道,28
4716,64,亲爱的 你个人觉得哪个色好看咧,买家咨询能否到付,64
4717,23,要吗我退了重拍可以吗,买家表示要重拍,23
4718,66,破一个小洞,买家咨询能否分开/一起发货,66
4719,10,所以一包多重？,买家表示伤心难过,10
4720,22,那我现在是点退款吗,买家表示需要退货退款,22
4721,44,那不改价格吗,买家要求改运费,44
4722,102,醉了 物流是真的慢,买家咨询是否有味道,102
4723,69,想问大概多久发货,买家咨询偏远地区是否发货,69
4724,24,亲 衣服寄回给你了 注意查收,买家表示已经收到货了,24
4725,94,然后我提交订单，你修改价格吗,买家咨询是否可以改价,94
4726,99,现在不是36吗，如果满意，我再买一件，能否优惠10元,买家咨询是否有活动,99
4727,60,双十一便宜，今天可以买双十一的价格吗,买家咨询活动规则,60
4728,90,一份，虾的净重是多少,买家咨询商品重量,90
4729,91,哦，我了解了,买家咨询什么颜色好看,91
4730,97,我想问下这个发什么快递啊,买家咨询是否可以指定快递,97
4731,52,绿色的什么时候可以有货？,买家咨询补货/上货时间,52
4732,16,改个信息 地址不变 收件人改成美桦 电话13318572720,买家表示收件信息不需要修改了,16
4733,114,好的谢谢 那运费险什么时候退呢,买家咨询运费险赔付规则,114
4734,112,，这款和上一款有区别吗面料,买家咨询优惠券使用规则,112
4735,56,退支付宝么？,买家咨询返现方式,56
4736,82,没有以后的质量好,买家咨询商品区别,82
4737,46,对的 谢谢了,买家要求取消退换货退款,46
4738,104,手提的地方坏了,买家咨询退换货规则,104
4739,98,老板裤子收到了，很满意，好评有活动吗,买家咨询是否有好评返现,98
4740,66,我这两个能不能分开发,买家咨询能否分开/一起发货,66
4741,82,为什么颜色不一样价格也不一样，有什么区别,买家咨询商品区别,82
4742,18,都是700克,买家表示无法申请退款,18
4743,90,一共是6件呀 郁闷呀,买家咨询商品重量,90
4744,60,就是领了店铺劵，还可以用双十一的劵是吧？,买家咨询活动规则,60
4745,54,啥时候发货呢,买家咨询发货时间,54
4746,43,多次购买了    你就不能改下,买家要求改商品信息,43
4747,38,这一个最低多少钱？,买家讨价还价,38
4748,85,那会儿价格为什么这么贵啊,买家咨询商品是否可以单买/单卖,85
4749,7,好的呢谢谢,买家表示麻烦卖家，表达感谢,7
4750,86,送的东西有图片,买家咨询商品是否有赠品,86
4751,74,我退货你收到了么,买家咨询商家是否收到寄回的商品,74
4752,25,卖家，拍了,买家表示已下单付款,25
4753,29,哥们儿咋还没发货呢？,买家催促发货,29
4754,107,退货原因,买家咨询退货退款原因选什么,107
4755,54,今天拍了能发货吗,买家咨询发货时间,54
4756,109,我退款的费用谁给啊？,买家咨询退款去向,109
4757,54,请问今天拍几天发货,买家咨询发货时间,54
4758,26,这件m码还补货吗,买家表示优惠券无法使用,26
4759,92,为什么金色便宜，有什么区别？,买家咨询是否可以打折,92
4760,60,这个为什么送两个,买家咨询活动规则,60
4761,67,你好 发票还没审出来吗,买家咨询能否开发票及发票类型和寄送时间,67
4762,38,你们家就这一种优惠券吗,买家讨价还价,38
4763,64,那我这边申请退货退款可以吗？,买家咨询能否到付,64
4764,75,是合金的还是塑料做的,买家咨询商品包装,75
4765,92,一会儿十点半开拍的新款打折么,买家咨询是否可以打折,92
4766,86,奶茶送勺子嘛,买家咨询商品是否有赠品,86
4767,49,东西都已经到了 还怎么改地址。。,买家要求修改收件信息,49
4768,52,圣诞系列什么时候有货,买家咨询补货/上货时间,52
4769,90,我换货的裤子收到了吗？新的有没有寄出来,买家咨询商品重量,90
4770,48,可以指定快递不,买家要求退运费,48
4771,60,这个参加专区免费送吗,买家咨询活动规则,60
4772,104,洗了一次就起毛了,买家咨询退换货规则,104
4773,9,我看我拍下,买家表示拍错了,9
4774,29,升级不升级区别在哪,买家催促发货,29
4775,9,号码我选错了,买家表示拍错了,9
4776,15,买完两件我还接着拍,买家表示是老顾客,15
4777,49,麻烦你帮我换现在改的地址,买家要求修改收件信息,49
4778,65,能定制1.3*1.9的床垫吗/:018,买家咨询能否定制,65
4779,106,那就发邮政吧,买家咨询退换货支持快递,106
4780,10,你们到时候收到了直接退钱就行了,买家表示伤心难过,10
4781,16,我不改地址，,买家表示收件信息不需要修改了,16
4782,59,就是多少都可以开票是吗,买家咨询换货发货时间,59
4783,82,这款跟14元的有什么区别,买家咨询商品区别,88
4784,60,亲买2送一吗,买家咨询活动规则,60
4785,23,那我退了重拍可以吗？,买家表示要重拍,23
4786,82,这两个哪里不一样呀？亲,买家咨询商品区别,82
4787,97,亲，可以指定发邮政快递吗？,买家咨询是否可以指定快递,81
4788,71,我的卡包里面显示有优惠券/:018,买家咨询如何领取优惠券,71
4789,89,亲质量好在来,买家咨询商品质量是否有保障,89
4790,60,这款双十一会不会再便宜点,买家咨询活动规则,60
4791,22,亲，衣服收到了，穿上太瘦，申请退货,买家表示需要退货退款,22
4792,10,我觉得我这个身材买衣服好难受啊,买家表示伤心难过,10
4793,25,好的，拍完了,买家表示已下单付款,25
4794,1,你们这过分了吧，三天了，什么动静也没用,买家表达不满/生气,1
4795,73,您在那个城市,买家咨询商家发货地,73
4796,60,买三发六是六个嘛,买家咨询活动规则,60
4797,92,买2送一，也是送玫瑰吧？,买家咨询是否可以打折,92
4798,50,亲亲，你们这款什么时候可以发货呢,买家要求延迟发货,50
4799,12,我想知道是不是发错了,买家表示商家发错货了,12
4800,51,你好，可以帮忙延长收货吗？,买家要求延长收货时间,51
4801,60,你们双十一有跨店满减活动么？,买家咨询活动规则,60
4802,49,如果晚几天，我可能需要更换收货地址。所以请尽快,买家要求修改收件信息,49
4803,108,就退十块钱吧,买家咨询退款金额,108
4804,107,那个会退邮费吗,买家咨询退货退款原因选什么,107
4805,22,已经确认收货了，请及时退款，说好的,买家表示需要退货退款,22
4806,29,深圳天气比较热，请帮忙早一点安排，谢谢,买家催促发货,29
4807,83,发成黑色的吧,买家咨询商品上新时间,83
4808,60,请问白色和白色常规有什么不同吗,买家咨询活动规则,60
4809,117,您好 ，我衣服已经买好了 ，大概何时能到呢 ？,买家咨询自己的旺旺昵称,117
4810,22,你好，东西收到了，有点不合适，想退货,买家表示需要退货退款,22
4811,56,货已收到，怎么返现？,买家咨询返现方式,56
4812,54,您好，请问笔还发货吗？都几天了？,买家咨询发货时间,54
4813,23,嗯嗯，要是不方便改我就退了重拍,买家表示要重拍,23
4814,80,昨天跟我说可以提前享受双十二价格,买家咨询商品价格,80
4815,67,之前的订单需要开发票哈,买家咨询能否开发票及发票类型和寄送时间,67
4816,79,一斤的有多少个,买家咨询商品规格数量,79
4817,7,希望能快点,买家表示麻烦卖家，表达感谢,7
4818,40,好的，麻烦你帮我看一下，我拍的是27码蓝黑色的吗？,买家需要商品推荐,40
4819,60,请问这是买一送一？,买家咨询活动规则,37
4820,16,好的，你发个地址，有空给你们退回去,买家表示收件信息不需要修改了,16
4821,28,等一下等一下,买家表示再看看,28
4822,89,保证质量啊，环保,买家咨询商品质量是否有保障,89
4823,46,我怕穿瘦，就退款了，我不退了，你帮我整一下,买家要求取消退换货退款,46
4824,66,所以是分开发货吗,买家咨询能否分开/一起发货,66
4825,108,一件退10吗,买家咨询退款金额,108
4826,1,嗯 感觉穿着不满意,买家表达不满/生气,1
4827,31,亲，在不在呀？,买家打招呼,31
4828,92,30包有多重,买家咨询是否可以打折,92
4829,90,怎么这个鞋子这么重,买家咨询商品重量,90
4830,97,指定中通快递,买家咨询是否可以指定快递,97
4831,4,两个地址分开发,买家表示地址正确,4
4832,111,请问物流为什么两天没有更新，麻烦您帮我看一下,买家咨询物流信息,111
4833,98,好评有送优惠券么,买家咨询是否有好评返现,98
4834,47,去那里加好友？,买家要求添加商家微信,47
4835,20,麻烦店家帮忙催着快递哈,买家表示物流太慢了,20
4836,83,亲我款式选错了，能不能退款重新拍,买家咨询商品上新时间,83
4837,105,这就是你们不负责任的理由？,买家咨询退换货运费由谁承担,105
4838,46,可不可以撤销退款申请啊,买家要求取消退换货退款,46
4839,60,双十二是买6发13吗？,买家咨询活动规则,60
4840,82,有啥区别,买家咨询商品区别,82
4841,55,还参加200送20的活动吗？,买家咨询发什么快递,55
4842,78,老款和升级版有什么不一样,买家咨询商品的色差问题,78
4843,57,对的，收到后返还我10元。,买家咨询返现金额,57
4844,86,怎么送收纳箱子,买家咨询商品是否有赠品,86
4845,52,还能有l吗,买家咨询补货/上货时间,52
4846,46,哦，好的，明白了,买家要求取消退换货退款,46
4847,55,寄邮政可以是吗？,买家咨询发什么快递,55
4848,23,那我得重新拍？,买家表示要重拍,23
4849,47,我要的是跟图片上一样,买家要求添加商家微信,47
4850,31,抱歉抱歉，我出差去了，明天就寄,买家打招呼,31
4851,1,没有你麻痹,买家表达不满/生气,1
4852,53,你这个大概什么时候能收到呀,买家咨询到货时间,53
4853,20,怎么物流26号就没动了,买家表示物流太慢了,20
4854,112,理线扣大号小号什么区别,买家咨询优惠券使用规则,112
4855,40,糖尿病人能吃的有吗,买家需要商品推荐,40
4856,22,亲，宝贝已收到，说要退40来着 /:^_^,买家表示需要退货退款,22
4857,32,平时喜欢宽松休闲的,买家对特定款式/颜色表达喜好,32
4858,67,你好，你家能开发票么,买家咨询能否开发票及发票类型和寄送时间,67
4859,25,不换了，M可以,买家表示已下单付款,25
4860,107,会送勺子吗,买家咨询退货退款原因选什么,107
4861,66,那给我优惠十块嘛,买家咨询能否分开/一起发货,66
4862,114,运费险没有退给我么,买家咨询运费险赔付规则,114
4863,108,随便选一件返款20对吗,买家咨询退款金额,108
4864,31,到底有没有人在啊,买家打招呼,31
4865,67,麻烦给我备注上开收据,买家咨询能否开发票及发票类型和寄送时间,67
4866,45,怎么拒收呢,买家要求核对订单信息,45
4867,53,手撕棒1kg大概有多少啊,买家咨询到货时间,53
4868,105,好，邮费我先垫付是吗,买家咨询退换货运费由谁承担,105
4869,10,待收货里面还有他的记录，我看着难受。,买家表示伤心难过,10
4870,54,n我现在拍什么时候发货,买家咨询发货时间,54
4871,60,拍三个发18个吗,买家咨询活动规则,60
4872,104,我的衣服号太小了  怎么调换？,买家咨询退换货规则,104
4873,54,现在下单，什么时候可以发货？,买家咨询发货时间,54
4874,22,你好！东西已经收到，这个衣服不适合我，可能需要退货，抱歉！,买家表示需要退货退款,22
4875,60,你好，买一送一款活动怎么返款呢,买家咨询活动规则,60
4876,3,太麻烦了，我不要了。,买家表示不想要了,3
4877,104,不满意可以退货么,买家咨询退换货规则,104
4878,82,这两款一样吗,买家咨询商品区别,82
4879,37,新地址  湖南省湘西州永顺县灵溪镇百老泉附近,买家确认地址是否修改成功,37
4880,55,但是包装破损很严重,买家咨询发什么快递,55
4881,22,好的，这个穿上不合适的话是可以退换的吧,买家表示需要退货退款,22
4882,96,我微信买不了,买家咨询是否可以微信支付,96
4883,19,什么时间发货的呢?,买家表示无法下单,19
4884,111,快递怎么还不动呀,买家咨询物流信息,111
4885,76,你好！产地那里的,买家咨询商品产地,76
4886,22,货已收到，我现在申请退款吗？,买家表示需要退货退款,22
4887,39,几天了都没动静,买家向商家表达不好意思,39
4888,49,我不是改地址了吗，为什么还在之前的地方派送,买家要求修改收件信息,49
4889,23,那我现在重新拍一件吧,买家表示要重拍,23
4890,97,发西藏邮政快递不,买家咨询是否可以指定快递,106
4891,111,你好    我的快递没有收到    麻烦给我查一下,买家咨询物流信息,111
4892,54,收据，盖章。谢谢,买家咨询发货时间,54
4893,60,也是720克吗,买家咨询活动规则,60
4894,48,这个运费多久退呢？,买家要求退运费,48
4895,5,哦，，,买家表示好的,5
4896,3,贵了10块了，算了，不买了,买家表示不想要了,3
4897,41,那你还不如补偿给我,买家要求补偿,41
4898,42,一年级看图说话，别发错了哦,买家要求发货检查,42
4899,111,亲，麻烦帮我查下快递,买家咨询物流信息,111
4900,66,今天可以发出去吗,买家咨询能否分开/一起发货,66
4901,102,不是啊 是一股洗衣液的味道,买家咨询是否有味道,102
4902,88,你家这个卡其色是不是有点像灰白色？,买家咨询商品是什么颜色,88
4903,37,我改地址后物流信息就看不到了,买家确认地址是否修改成功,37
4904,49,第一个订单地址错了,买家要求修改收件信息,49
4905,86,双12买四件，送两双袜子是吧,买家咨询商品是否有赠品,86
4906,108,收到货了，怎么返20啊,买家咨询退款金额,108
4907,54,哈哈在考虑呢,买家咨询发货时间,54
4908,103,现在付款是89，收到返现20对么,买家咨询退换货地址,103
4909,92,但是我重拍了,买家咨询是否可以打折,92
4910,83,你好，请问下单了，地址错了，怎么修改,买家咨询商品上新时间,83
4911,52,亲有好评活动吗？,买家咨询补货/上货时间,52
4912,65,发票，寄了吗,买家咨询能否定制,65
4913,82,豪华版和轻量有什么不一样嘛？,买家咨询商品区别,82
4914,16,你好我的地址改了吧,买家表示收件信息不需要修改了,16
4915,54,会不会??很刺鼻的味道,买家咨询发货时间,54
4916,82,三个不是一样嘛,买家咨询商品区别,82
4917,38,这款毛衣双十一优惠多少？,买家讨价还价,38
4918,80,拍下帮我发申通。行吗,买家咨询商品价格,80
4919,99,我是你店的老顾客了，价钱有优惠吗,买家咨询是否有活动,99
4920,49,要改电话,买家要求修改收件信息,49
4921,32,我是款式不喜欢,买家对特定款式/颜色表达喜好,32
4922,86,那个是能送碗的呢？,买家咨询商品是否有赠品,86
4923,43,麻烦改一下电话号码哒,买家要求改商品信息,43
4924,105,啊，还有运费？,买家咨询退换货运费由谁承担,105
4925,30,散包是几个呢,买家催促回复,30
4926,99,哦嘿嘿，双11还有什么优惠吗,买家咨询是否有活动,99
4927,0,不是要到双十一买才便宜嘛,买家抱怨商品涨价了,0
4928,105,邮寄费 谁出,买家咨询退换货运费由谁承担,105
4929,110,货收到了吗？寄回去了,买家咨询退款时间,110
4930,107,退回去的运费谁出？,买家咨询退货退款原因选什么,107
4931,80,一箱大概多多少个,买家咨询商品价格,80
4932,25,已经买好了,买家表示已下单付款,25
4933,65,可以定制图案吗,买家咨询能否定制,65
4934,38,只能便宜3块,买家讨价还价,38
4935,65,纸巾的规格？,买家咨询能否定制,65
4936,97,百世快递或者申通快递可以收到吗？,买家咨询是否可以指定快递,97
4937,1,反正我会投诉,买家表达不满/生气,1
4938,60,衣服收到了。买一赠一。另外一件我直接申请退款吗？  还是怎么弄,买家咨询活动规则,60
4939,96,你好，能微信支付吗,买家咨询是否可以微信支付,96
4940,90,35包多重,买家咨询商品重量,90
4941,57,哦哦，买1条返20元，可以吗 /:087,买家咨询返现金额,57
4942,81,请问这个有多少啊？,买家咨询商品具体尺码尺寸,81
4943,84,这个微信怎么不通过验证呢,买家咨询商品是不是预售款,84
4944,22,亲 明天不发货吧  我拍错了 想退款  重新拍  然后现在不能退款  求你们明天别发货,买家表示需要退货退款,22
4945,77,小车是合金的么,买家咨询商品的材质/面料,77
4946,1,差评加投诉,买家表达不满/生气,1
4947,7,之前是改地址，现在已经没有了，改好了，谢谢,买家表示麻烦卖家，表达感谢,7
4948,49,我刚刚拍的衣服帮我改一下尺码,买家要求修改收件信息,49
4949,86,送一盒再？,买家咨询商品是否有赠品,86
4950,5,你好美女,买家表示好的,5
4951,43,如果定做长150 宽60,买家要求改商品信息,43
4952,5,这个有没有活动,买家表示好的,5
4953,99,双11再买，有优惠,买家咨询是否有活动,99
4954,60,满399－50的,买家咨询活动规则,60
4955,64,快递到付呗？,买家咨询能否到付,64
4956,49,我得收货地址点错了,买家要求修改收件信息,49
4957,82,买三免一的自动减钱嘛,买家咨询商品区别,82
4958,36,发货了？,买家反馈收到的商品有问题,36
4959,47,五星返好评怎么添加微信不可以,买家要求添加商家微信,47
4960,98,好评还有红包奖励吗,买家咨询是否有好评返现,98
4961,69,亲新疆发货？,买家咨询偏远地区是否发货,69
4962,1,你是瞎子么,买家表达不满/生气,1
4963,63,未到双十一可以优惠吗,买家咨询哪款更好,63
4964,82,这款和229的有什么区别？,买家咨询商品区别,82
4965,109,直接到支付宝嘛,买家咨询退款去向,109
4966,97,能给催催快递嘛,买家咨询是否可以指定快递,97
4967,50,这条裤子先别发货,买家要求延迟发货,50
4968,35,在货收到了,买家发送支付宝账号,35
4969,105,这是我自己出的运费，有运费险,买家咨询退换货运费由谁承担,105
4970,55,都可以，可以指定快递？,买家咨询发什么快递,55
4971,5,好，我要买两条的，先买一条试试，如果穿的好再来买,买家表示好的,5
4972,109,怎么反呢,买家咨询退款去向,109
4973,99,好评了有米吗亲,买家咨询是否有活动,99
4974,3,到底送不送,买家表示不想要了,3
4975,0,签收了麻烦退款吧,买家抱怨商品涨价了,0
4976,58,到时能按55元算？确定收货后返34？,买家咨询返现时间,58
4977,29,会比普通的发货快点吗,买家催促发货,29
4978,80,黑麦多少个,买家咨询商品价格,80
4979,82,跟超市买的还是有一点区别,买家咨询商品区别,82
4980,40,这款那个好。推荐一下，,买家需要商品推荐,40
4981,93,顺风,买家咨询是否可以发顺丰,93
4982,13,你看着查收一下吧,买家表示商品已经寄回去了,13
4983,90,我想没35元15杯的是多少重量？,买家咨询商品重量,90
4984,106,我退货可以发韵达？,买家咨询退换货支持快递,106
4985,112,24跟72有什么区别？？,买家咨询优惠券使用规则,112
4986,67,你好到时候要给我开发票哦,买家咨询能否开发票及发票类型和寄送时间,67
4987,65,有可以定制的吗,买家咨询能否定制,65
4988,97,麻烦尽量发申通，学校里面只能收申通和邮政,买家咨询是否可以指定快递,97
4989,29,怎么这么久了还没有发货呀,买家催促发货,29
4990,45,吊牌掉了咋办,买家要求核对订单信息,45
4991,37,哦，地址错了，怎么改,买家确认地址是否修改成功,37
4992,108,我退了两条裤子，怎么只给我退了一条裤子的钱,买家咨询退款金额,108
4993,67,货收到了，里面没有发票,买家咨询能否开发票及发票类型和寄送时间,67
4994,65,我要全屋定制,买家咨询能否定制,65
4995,40,一条裤子发了五天还没到？,买家需要商品推荐,40
4996,97,只发圆通?,买家咨询是否可以指定快递,97
4997,79,一层12个,买家咨询商品规格数量,79
4998,49,可以把地址换成,买家要求修改收件信息,49
4999,105,要是裤子不合适，退换你们包邮吗,买家咨询退换货运费由谁承担,105
5000,86,我想要送一样的,买家咨询商品是否有赠品,86
5001,93,第二件怎么不是半价,买家咨询是否可以发顺丰,93
5002,108,双十一活动三免一，什么时候处理呢，小姐姐～(￣▽￣～)~,买家咨询退款金额,108
5003,33,我那个已经到了,买家发送结束语,33
5004,53,给我查一下，快递到哪了,买家咨询到货时间,53
5005,26,好嘞，我重新下单,买家表示优惠券无法使用,26
5006,102,这包包怎么很大的墨水味,买家咨询是否有味道,102
5007,92,这鞋子有多重啊？,买家咨询是否可以打折,92
5008,46,咋没看懂你说的,买家要求取消退换货退款,46
5009,60,买2送一一共发多少克？,买家咨询活动规则,60
5010,15,老板我第三次买了喔??,买家表示是老顾客,15
5011,0,买两个裤子能便宜么,买家抱怨商品涨价了,0
5012,15,怎么说我也算个老顾客了,买家表示是老顾客,15
5013,12,山东省临沂市沂蒙路百货大楼301,买家表示商家发错货了,12
5014,114,不然你还得给我报销运费,买家咨询运费险赔付规则,114
5015,111,他妈的什么鬼,买家咨询物流信息,111
5016,4,那你先给我把那些发出来吧,买家表示地址正确,4
5017,65,可加印图案？,买家咨询能否定制,65
5018,99,嗯哼老顾客有优惠吗,买家咨询是否有活动,99
5019,57,衣服收到了，是不是给五星好评返5元,买家咨询返现金额,57
5020,1,这款有买家秀吗,买家表达不满/生气,1
5021,48,换货自动退运费吗？,买家要求退运费,48
5022,78,驼色色差不大吧？,买家咨询商品的色差问题,78
5023,36,怎么看不到物流呢,买家反馈收到的商品有问题,36
5024,28,实心钢制与不锈钢有什么区别,买家表示再看看,28
5025,12,发个黑色发个粉色,买家表示商家发错货了,12
5026,82,挂钩跟那些的区别是什么,买家咨询商品区别,82
5027,50,再晚点发货,买家要求延迟发货,50
5028,93,请问，能发顺风不？,买家咨询是否可以发顺丰,93
5029,97,我重新拍你帮我发别的快递吧,买家咨询是否可以指定快递,97
5030,104,亲 之前次品退货说是退10元运费的还没退给我哦,买家咨询退换货规则,104
5031,7,希望早点发货谢谢(*°?°)=3,买家表示麻烦卖家，表达感谢,7
5032,114,你好，运费怎么退给我呀,买家咨询运费险赔付规则,114
5033,95,所以问你要不要问拒收,买家咨询是否可以拒收,95
5034,7,麻烦帮我备注邮政快递，谢谢！,买家表示麻烦卖家，表达感谢,7
5035,87,那个   鞋子质量能保证不,买家咨询商品是否有质保，质保多久,87
5036,93,只有三元的优惠券吗,买家咨询是否可以发顺丰,93
5037,31,你好呀，在不在,买家打招呼,31
5038,33,加厚和加绒的区别大吗,买家发送结束语,33
5039,25,好的呢，拍下了,买家表示已下单付款,25
5040,99,亲我在买，怎么有涨价了，,买家咨询是否有活动,99
5041,56,啥图返现吗？,买家咨询返现方式,56
5042,19,亲，先别发货,买家表示无法下单,19
5043,44,你们店在哪里啊,买家要求改运费,44
5044,71,明天安排发货,买家咨询如何领取优惠券,71
5045,49,改一下收货地址,买家要求修改收件信息,49
5046,108,那我在99里面买三件就退99 我在199里面买三件就退199,买家咨询退款金额,108
5047,17,可以选中通吗,买家表示送人的,17
5048,109,加不了微信。可以返支付宝嘛,买家咨询退款去向,109
5049,63,我买了要是小，退我不掏运费的啊,买家咨询哪款更好,63
5050,32,我说发票什么时候开,买家对特定款式/颜色表达喜好,32
5051,60,我刚买的那个34号双12活动什么价格呀,买家咨询活动规则,60
5052,60,下面这款有箱送吗,买家咨询活动规则,60
5053,31,在吗 在吗,买家打招呼,31
5054,3,帽子不能拆，他不喜欢,买家表示不想要了,3
5055,67,记得发票一并寄来,买家咨询能否开发票及发票类型和寄送时间,67
5056,65,里面的胆布可以换一下吗！你们不会定制的吗！加个钱也行,买家咨询能否定制,65
5057,40,特价款丝光和不特价的有啥区别,买家需要商品推荐,40
5058,64,货到付款不行吗？,买家咨询能否到付,64
5059,77,不质保？,买家咨询商品的材质/面料,77
5060,19,我的意思是在买一条但是拍不了,买家表示无法下单,19
5061,30,你在也没用呀，也不说话,买家催促回复,30
5062,86,送一张还是?,买家咨询商品是否有赠品,86
5063,59,也可以开专票吗,买家咨询换货发货时间,59
5064,69,可以指定百世汇通吗？,买家咨询偏远地区是否发货,69
5065,2,确实质量不错,买家表达赞美/满意,2
5066,108,那这边现在申请退款是吗？,买家咨询退款金额,108
5067,99,好评返现红包吗,买家咨询是否有活动,99
5068,60,买一送一呀？,买家咨询活动规则,60
5069,82,两层老款和两层新款有啥区别吗,买家咨询商品区别,82
5070,15,老顾客都没有啊,买家表示是老顾客,15
5071,77,打气筒是什么材料做的,买家咨询商品的材质/面料,77
5072,50,贵州的可以指定快递吗？,买家要求延迟发货,50
5073,80,这个999的，买下来多少钱,买家咨询商品价格,80
5074,66,原来快递地址不对,买家咨询能否分开/一起发货,66
5075,48,退运费需要我花吗？,买家要求退运费,48
5076,54,今天还能发吗,买家咨询发货时间,54
5077,102,有鹿皮绒的吗,买家咨询是否有味道,102
5078,52,换货的什么时候发出来,买家咨询补货/上货时间,52
5079,16,亲！不好意思！地址不改了,买家表示收件信息不需要修改了,16
5080,22,我申请退款    再拍一个,买家表示需要退货退款,22
5081,37,好的 地址也改了吧,买家确认地址是否修改成功,37
5082,115,赠品一并发了吧,买家咨询赠品何时发货,115
5083,73,Y3记得不要发错,买家咨询商家发货地,73
5084,99,双11不是还有优惠吗,买家咨询是否有活动,99
5085,98,亲，有好评活动没,买家咨询是否有好评返现,98
5086,64,你好 裤子你们发错了,买家咨询能否到付,64
5087,3,能订做2.0?2.0的吗？,买家表示不想要了,3
5088,105,哦 退换运费报不？,买家咨询退换货运费由谁承担,105
5089,77,确定是棉线的嘛,买家咨询商品的材质/面料,77
5090,67,发票帮我开,买家咨询能否开发票及发票类型和寄送时间,71
5091,114,共下的4单,买家咨询运费险赔付规则,114
5092,29,尽早发货噢！谢谢,买家催促发货,29
5093,79,香橙蛋糕一斤有多少个,买家咨询商品规格数量,79
5094,29,尽量快点发吧,买家催促发货,29
5095,5,好的懂了,买家表示好的,5
5096,97,我这只有中通,买家咨询是否可以指定快递,97
5097,52,都吃了怎么拍？？,买家咨询补货/上货时间,52
5098,5,嗯嗯明白 我是说深浅,买家表示好的,5
5099,49,我把地址留错了,买家要求修改收件信息,49
5100,40,要是换货可以免邮费吗,买家需要商品推荐,40
5101,81,2.25有多少片？,买家咨询商品具体尺码尺寸,81
5102,71,开发票哦??,买家咨询如何领取优惠券,71
5103,94,这个大概什么时候可以补货啊,买家咨询是否可以改价,94
5104,67,能不能开电子发票呢？,买家咨询能否开发票及发票类型和寄送时间,67
5105,66,增值税发票开票信息,买家咨询能否分开/一起发货,66
5106,5,还没有人加我呢,买家表示好的,5
5107,63,那能改地址不,买家咨询哪款更好,63
5108,19,运费你那,买家表示无法下单,19
5109,82,我看评论说，每箱数量还不一样,买家咨询商品区别,82
5110,102,亲亲，会不会送杯子,买家咨询是否有味道,102
5111,30,送我一双袜子对吗,买家催促回复,30
5112,13,我已经将东西发过去了。,买家表示商品已经寄回去了,13
5113,104,有一件衣服我拆了吊牌了,买家咨询退换货规则,104
5114,39,/-一箱是多少斤,买家向商家表达不好意思,39
5115,111,亲，我那个快递怎么物流信息也不动呢,买家咨询物流信息,111
5116,82,请问这两件布料一样的吗？,买家咨询商品区别,82
5117,26,为什么领券不能用，关注主播领了五元,买家表示优惠券无法使用,26
5118,1,枉费我今天有空逛你们店铺，逛你们朋友圈，看个心仪的想买的，你们这样子，太让老客户失望了,买家表达不满/生气,1
5119,20,你的礼品也太慢了嘛,买家表示物流太慢了,20
5120,104,小了，可以免费换吗,买家咨询退换货规则,104
5121,77,可以定制28*30的带logo或者公司名称的自封袋么,买家咨询商品的材质/面料,77
5122,25,嗯嗯嗯会了,买家表示已下单付款,25
5123,19,喔89买不了啊,买家表示无法下单,19
5124,66,河南的能不能发邮政？,买家咨询能否分开/一起发货,66
5125,104,我好像拆了吊牌,买家咨询退换货规则,104
5126,54,收到货后开发票吗,买家咨询发货时间,54
5127,28,我再想想,买家表示再看看,28
5128,79,350克差不多几个,买家咨询商品规格数量,79
5129,32,我喜欢很宽松的感觉,买家对特定款式/颜色表达喜好,32
5130,60,你们家是跨店铺满200减20？,买家咨询活动规则,60
5131,45,我选的号码对不对,买家要求核对订单信息,45
5132,49,怎么改呀,买家要求修改收件信息,49
5133,105,好吧  运费你们出？,买家咨询退换货运费由谁承担,105
5134,34,是杭州发过来吗,买家发送开票信息,34
5135,23,我双十一拍下，可以刻字吗,买家表示要重拍,23
5136,0,你们的衣服怎么都比前段时间贵了,买家抱怨商品涨价了,0
5137,49,我那地址能改吗？,买家要求修改收件信息,49
5138,32,这个和89的什么区别,买家对特定款式/颜色表达喜好,32
5139,80,那我改个地址好了,买家咨询商品价格,80
5140,105,你好，裤子已退回，快递费用已付,买家咨询退换货运费由谁承担,105
5141,75,买了送人，那盒可以拎的吧,买家咨询商品包装,75
5142,49,不可以改地址,买家要求修改收件信息,49
5143,50,你好，我家马桶可以发货了,买家要求延迟发货,50
5144,88,知道这一条是什么颜色吗？,买家咨询商品是什么颜色,88
5145,21,那好，我买一条试试,买家表示先买来试试,21
5146,22,我在你家买了一个裤子，我穿的太紧了，我就退款了,买家表示需要退货退款,22
5147,97,我要是加钱发顺丰,买家咨询是否可以指定快递,97
5148,79,2元没给我返,买家咨询商品规格数量,79
5149,30,纸质发票随货给我谢谢,买家催促回复,30
5150,97,我已经下过单了，麻烦给备注一下韵达快递,买家咨询是否可以指定快递,97
5151,1,呵呵了  现在已经让我失望了,买家表达不满/生气,1
5152,55,我要发中通哦,买家咨询发什么快递,55
5153,73,那个衬衣发货了吗？,买家咨询商家发货地,73
5154,99,那什么时候有活动啊,买家咨询是否有活动,99
5155,60,500g送同款共多少包？,买家咨询活动规则,60
5156,69,多久发货呢,买家咨询偏远地区是否发货,69
5157,43,还是帮我改成L吧,买家要求改商品信息,43
5158,43,怎么一直没有物流信息呢，是不是还没发货啊,买家要求改商品信息,43
5159,90,升级款和不升级的有什么区别呀,买家咨询商品重量,90
5160,22,我这边退货麻烦同意一下,买家表示需要退货退款,22
5161,65,没这尺寸可以定吗,买家咨询能否定制,65
5162,29,在等下去我就不想要了 /:018,买家催促发货,29
5163,77,靠背是什么材质,买家咨询商品的材质/面料,77
5164,99,双十二可有优惠,买家咨询是否有活动,99
5165,60,满400减50，跨店什么意思,买家咨询活动规则,60
5166,60,这款双十一优惠吗,买家咨询活动规则,60
5167,22,签收了麻烦退下款 转一下作废吧,买家表示需要退货退款,22
5168,59,更换的发出了吗,买家咨询换货发货时间,59
5169,1,慢得有点过分了吧,买家表达不满/生气,1
5170,46,不不不，我不退,买家要求取消退换货退款,46
5171,59,换的货寄出没？,买家咨询换货发货时间,59
5172,67,那意思是没有纸质发票啊,买家咨询能否开发票及发票类型和寄送时间,67
5173,66,火纹没有和机子一起发货嘛,买家咨询能否分开/一起发货,66
5174,82,二代相比一代有什么不一样,买家咨询商品区别,82
5175,112,不是三点之前拍下就能今天发吗,买家咨询优惠券使用规则,112
5176,36,我饼干收到都碎了,买家反馈收到的商品有问题,36
5177,15,那你顾客买都亲都给她们开发票的吗,买家表示是老顾客,15
5178,105,我不勾了，我要换的话你们出运费行吗,买家咨询退换货运费由谁承担,105
5179,80,还是买2送1吗,买家咨询商品价格,80
5180,76,三轴都是什么材质,买家咨询商品产地,76
5181,77,口袋是皮子吗？,买家咨询商品的材质/面料,77
5182,1,这条裤子布料太硬了，穿着不满意,买家表达不满/生气,1
5183,105,那我可以直接买了   然后你退我运费吗,买家咨询退换货运费由谁承担,105
5184,92,是抢购还是两件九折,买家咨询是否可以打折,92
5185,87,亲，有没有质保的了，,买家咨询商品是否有质保，质保多久,87
5186,7,亲，麻烦帮我挑选好，衣型要正哈，谢谢啦！,买家表示麻烦卖家，表达感谢,7
5187,80,那1000g个多少钱啊,买家咨询商品价格,80
5188,49,亲亲，烦请帮我改下地址，十分感谢：收货人: 马春丽手机号码: 13658806605所在地区: 云南省楚雄彝族自治州楚雄市鹿城镇详细地址: 雄宝路鹿城小学旁丽新宾馆晨曦少儿托管所5楼,买家要求修改收件信息,49
5189,48,不是说有退运费险吗,买家要求退运费,48
5190,95,有中通快递没,买家咨询是否可以拒收,95
5191,8,好的，一会就下单,买家表示马上下单付款,8
5192,28,哦，知道了 /:(OK) /:(OK) /:^_^,买家表示再看看,28
5193,111,我其它的都收到了,买家咨询物流信息,111
5194,0,现在可以买两件，第二件半价吗？,买家抱怨商品涨价了,0
5195,99,亲，双十一不会便宜很多吧？,买家咨询是否有活动,99
5196,50,好的，有货的明天可以发货了吧,买家要求延迟发货,50
5197,3,暂时不要了吧,买家表示不想要了,3
5198,61,刚拍的裤子收货地址搞错了，怎么修改？谢谢,买家咨询快递单号,61
5199,31,在呢，亲,买家打招呼,31
5200,75,就这么简单的包装，里面都没有袋子装一起吗？,买家咨询商品包装,75
5201,44,运费怎么是12？,买家要求改运费,44
5202,71,亲那个100元的券怎么领不了啊,买家咨询如何领取优惠券,71
5203,74,你好  衣服收到没,买家咨询商家是否收到寄回的商品,74
5204,82,528和529有什么区别,买家咨询商品区别,82
5205,36,难吃也就算了  包装还那么简陋  连一个品牌都没有,买家反馈收到的商品有问题,36
5206,20,你这个快递太慢了,买家表示物流太慢了,20
5207,93,可以帮我发顺丰吗 加钱,买家咨询是否可以发顺丰,93
5208,92,我买两件9.8折吗？,买家咨询是否可以打折,92
5209,27,我有点懵逼了,买家表示有疑问/不理解,27
5210,19,没码的嘛？买不了,买家表示无法下单,19
5211,53,你好，顺丰到珠海大概几天？,买家咨询到货时间,53
5212,80,荼叶一斤多少钱,买家咨询商品价格,80
5213,97,再看下吧，不好意思,买家咨询是否可以指定快递,97
5214,67,怎么收据没有开过来,买家咨询能否开发票及发票类型和寄送时间,67
5215,7,好的吧 谢谢,买家表示麻烦卖家，表达感谢,7
5216,114,没有运费险怎么退我问你,买家咨询运费险赔付规则,114
5217,22,我已申请退货了，然后再重新买吧,买家表示需要退货退款,22
5218,94,普通税票就可以,买家咨询是否可以改价,94
5219,9,有一个拍多了,买家表示拍错了,9
5220,46,不能开专票是吗,买家要求取消退换货退款,46
5221,104,就是我退款再重新拍，是吗？,买家咨询退换货规则,104
5222,64,色差太不大吧,买家咨询能否到付,64
5223,4,收货地址没错,买家表示地址正确,4
5224,89,现在都已经退回去路上麻烦退款,买家咨询商品质量是否有保障,89
5225,56,嗯，说质量问题，让退货，加微信,买家咨询返现方式,56
5226,67,我这边需要10个85L的箱子请问可以开发票吗？,买家咨询能否开发票及发票类型和寄送时间,67
5227,57,你们那里发货啊,买家咨询返现金额,57
5228,65,我还要买很多，我寄给别人我不知道说多少重量,买家咨询能否定制,65
5229,1,我又不是靠你这两三块钱活,买家表达不满/生气,1
5230,29,没事 谢谢,买家催促发货,29
5231,60,现在可以享受双12的优惠吗,买家咨询活动规则,60
5232,30,问了没回信息,买家催促回复,30
5233,67,好的，确认收货后再寄发票对吗,买家咨询能否开发票及发票类型和寄送时间,67
5234,36,我喜欢稍微宽松点,买家反馈收到的商品有问题,36
5235,52,亲我换货的那个什么时候能发货呀？,买家咨询补货/上货时间,52
5236,36,衣服后面的图案容易拆吗 不太喜欢,买家反馈收到的商品有问题,36
5237,60,买6片可以送一片么,买家咨询活动规则,60
5238,29,帮我发墨绿色，谢谢,买家催促发货,29
5239,32,这个墨绿色的还会有么,买家对特定款式/颜色表达喜好,32
5240,52,s码的杏色还上货吗？,买家咨询补货/上货时间,52
5241,73,浙江是那里给发货,买家咨询商家发货地,73
5242,46,麻烦客服把退款撤销一下,买家要求取消退换货退款,46
5243,94,不可以改一下优惠嘛？,买家咨询是否可以改价,94
5244,88,太棒了,买家咨询商品是什么颜色,88
5245,86,买100条能不能送两杯子,买家咨询商品是否有赠品,86
5246,77,不是说定制吗,买家咨询商品的材质/面料,77
5247,84,这个优惠券怎么用不了,买家咨询商品是不是预售款,84
5248,49,直接拍就可以改价吗,买家要求修改收件信息,49
5249,7,谢谢你！知道了??,买家表示麻烦卖家，表达感谢,7
5250,46,宽松穿着不满意,买家要求取消退换货退款,46
5251,13,昨天的5元券没有了吗,买家表示商品已经寄回去了,13
5252,82,厚绒长裤和加绒长裤有什么区别,买家咨询商品区别,82
5253,0,就是昨天裙子和今天裙子涨价了吧,买家抱怨商品涨价了,0
5254,58,可以微信返现吗,买家咨询返现时间,58
5255,60,那买三免一是怎么算,买家咨询活动规则,60
5256,1,有病吧？？？,买家表达不满/生气,1
5257,110,那你延长收货时间吧,买家咨询退款时间,110
5258,86,送长袜子嘛？,买家咨询商品是否有赠品,86
5259,62,买一条有没有再优惠一点,买家咨询买多件能否优惠,62
5260,95,不是写着杭州发货的吗,买家咨询是否可以拒收,95
5261,12,你们还是发错货,买家表示商家发错货了,12
5262,104,拍的衣服有点小，怎么调换一下？,买家咨询退换货规则,104
5263,54,今晚能发货吗？,买家咨询发货时间,54
5264,48,包退换邮费不？,买家要求退运费,48
5265,54,但是大概什么时候发货啊,买家咨询发货时间,54
5266,66,老板，请问哪里发货？,买家咨询能否分开/一起发货,66
5267,28,真不好意思拍错款了,买家表示再看看,28
5268,50,你发我微信行吗,买家要求延迟发货,50
5269,29,亲。帮我看一下这件大概多久能发呢？,买家催促发货,29
5270,32,在吗，小姐姐 /:^_^,买家对特定款式/颜色表达喜好,32
5271,105,要是不合适 退回去的运费您们付吗,买家咨询退换货运费由谁承担,105
5272,67,开专票,买家咨询能否开发票及发票类型和寄送时间,67
5273,73,是杭州来的吗？,买家咨询商家发货地,73
5274,49,我想改地址已经发货了还能改吗？,买家要求修改收件信息,49
5275,90,亲，这个茶叶多少钱一斤,买家咨询商品重量,90
5276,75,大包装480g的是整包装的，没有独立小包是吗？,买家咨询商品包装,75
5277,60,最近双十一是不是价钱高了,买家咨询活动规则,60
5278,62,双11价格还有优惠吗,买家咨询买多件能否优惠,62
5279,1,你他妈的说话都是什么话,买家表达不满/生气,1
5280,97,你们别发申通就行,买家咨询是否可以指定快递,97
5281,67,我想买加绒的，我拍错了,买家咨询能否开发票及发票类型和寄送时间,67
5282,90,你好，这个一个大概多重,买家咨询商品重量,90
5283,65,你好！盖帽款可以定制图案吗？,买家咨询能否定制,65
5284,9,…我又买了，??,买家表示拍错了,9
5285,66,发票跟货一起吗？,买家咨询能否分开/一起发货,66
5286,90,虾仁带冰衣吗？实际多重,买家咨询商品重量,90
5287,54,请您给我开发票,买家咨询发货时间,54
5288,54,大概什么时候才能发货,买家咨询发货时间,54
5289,27,还是直接申请退款吗,买家表示有疑问/不理解,27
5290,29,亲亲快点发货,买家催促发货,29
5291,20,啊 早知道我问一下发货再下单,买家表示物流太慢了,20
5292,25,我又买了,买家表示已下单付款,25
5293,82,这款与上面的有什么区别？,买家咨询商品区别,82
5294,32,你好，我想问下浅复古蓝和深复古蓝颜色差距大不大,买家对特定款式/颜色表达喜好,32
5295,24,有漏气的,买家表示已经收到货了,24
5296,108,就退了一个13块多,买家咨询退款金额,108
5297,42,跟仓库说一下，别补发错了,买家要求发货检查,42
5298,77,怎么你们这个被子，晒了，还是有味道,买家咨询商品的材质/面料,77
5299,55,快递随机？,买家咨询发什么快递,55
5300,74,你好，我要换的2xl的裤子收到了吗,买家咨询商家是否收到寄回的商品,74
5301,114,寄出去的快递费用你们承担,买家咨询运费险赔付规则,114
5302,60,亲，什么时候搞活动,买家咨询活动规则,60
5303,66,如果分开发可以吗,买家咨询能否分开/一起发货,66
5304,7,麻烦你了。,买家表示麻烦卖家，表达感谢,7
5305,105,要是不合适可以退换吧？邮费你们包吗,买家咨询退换货运费由谁承担,105
5306,69,西藏能发货吗,买家咨询偏远地区是否发货,69
5307,66,彭昱畅说帮我备注先发的,买家咨询能否分开/一起发货,66
5308,79,500g大概多少颗,买家咨询商品规格数量,79
5309,110,我已经收货了，给我退款吧,买家咨询退款时间,110
5310,90,亲，这种鱼，水化掉之后有多重,买家咨询商品重量,90
5311,60,这个买一送一是送一箱吗,买家咨询活动规则,60
5312,24,嗯，东西已经收到了。,买家表示已经收到货了,24
5313,24,也没有打到我账上呀,买家表示已经收到货了,24
5314,1,不要寄圆通的，太慢了，态度又不好,买家表达不满/生气,1
5315,99,这款有做活动吗,买家咨询是否有活动,99
5316,50,你好我的先不要发货,买家要求延迟发货,50
5317,101,多久发,买家咨询是否有实体店,101
5318,30,你回答的是啥？,买家催促回复,30
5319,94,买两大一小，你给改一下价钱,买家咨询是否可以改价,94
5320,54,发货了吗。,买家咨询发货时间,54
5321,49,我现在能改手机号,买家要求修改收件信息,49
5322,89,我就喜欢宽松一点点,买家咨询商品质量是否有保障,89
5323,78,亲这个加厚和特厚区别多少,买家咨询商品的色差问题,78
5324,110,什么时候返差价啊？都快72小时了呢,买家咨询退款时间,110
5325,82,上面的和最下面的有啥区别,买家咨询商品区别,82
5326,31,你好    在吗？,买家打招呼,31
5327,89,你家质量最好的是哪款,买家咨询商品质量是否有保障,89
5328,1,那这个快递真是搞笑了,买家表达不满/生气,1
5329,79,亲多少钱一斤,买家咨询商品规格数量,79
5330,82,想知道什么区别？,买家咨询商品区别,82
5331,90,好，不打扰你了,买家咨询商品重量,90
5332,82,这个226和320的有什么区别呢,买家咨询商品区别,82
5333,104,三元券不能用吗,买家咨询退换货规则,104
5334,79,一份大概有多少只,买家咨询商品规格数量,79
5335,4,这个也弄到地址对的！,买家表示地址正确,4
5336,1,希望办事效率快一点,买家表达不满/生气,1
5337,23,需要我重新拍吗,买家表示要重拍,23
5338,79,j人呢,买家咨询商品规格数量,79
5339,29,你不发货就退钱。,买家催促发货,29
5340,113,活动过后是多少钱一件,买家咨询运费金额,113
5341,89,请问你家压蒜泥质量怎么样,买家咨询商品质量是否有保障,89
5342,0,现在不需要了,买家抱怨商品涨价了,0
5343,29,好的好的谢谢亲,买家催促发货,29
5344,86,买多少钱会送勺子啊？,买家咨询商品是否有赠品,86
5345,25,现在付款成功了吧,买家表示已下单付款,25
5346,86,亲 送腰带么,买家咨询商品是否有赠品,86
5347,6,亲麻烦给延迟收货,买家表示具体时间寄回去,6
5348,75,你们这个自行车前边的篮子是什么材质的？,买家咨询商品包装,75
5349,39,这里面有多少个,买家向商家表达不好意思,39
5350,90,一小箱是多重呢,买家咨询商品重量,90
5351,117,亲 亲 亲,买家咨询自己的旺旺昵称,117
5352,82,在两个衣服有什么区别,买家咨询商品区别,82
5353,69,请问是那里发货的,买家咨询偏远地区是否发货,69
5354,55,亲问发什么快递呢,买家咨询发什么快递,55
5355,82,这个床单和床笠有什么区别,买家咨询商品区别,82
5356,81,我是15年买的规格一样吗,买家咨询商品具体尺码尺寸,81
5357,90,这种红豆是多少克的,买家咨询商品重量,90
5358,62,那一个多少钱呢,买家咨询买多件能否优惠,62
5359,92,再买两件裤子，是不是可以打九折了,买家咨询是否可以打折,92
5360,86,想问问你们送碗吗,买家咨询商品是否有赠品,86
5361,22,那个是你们快递损坏的赔偿！,买家表示需要退货退款,22
5362,58,现在还能返现？,买家咨询返现时间,58
5363,93,帮我发顺丰吧，补多少钱,买家咨询是否可以发顺丰,93
5364,63,电子票还是纸质票？,买家咨询哪款更好,63
5365,89,我己经买了一个单层的挺好的，又回购一个双层的，质量一定保证哈,买家咨询商品质量是否有保障,89
5366,58,那就是收到货签收可返多少,买家咨询返现时间,58
5367,28,哦哦哦哦 我想想,买家表示再看看,28
5368,97,可以邮政吗，目前只走邮政,买家咨询是否可以指定快递,97
5369,67,有多重一个,买家咨询能否开发票及发票类型和寄送时间,67
5370,38,还不优惠点？,买家讨价还价,38
5371,94,我每次不都是改价么,买家咨询是否可以改价,94
5372,82,这个两个款有区别吗,买家咨询商品区别,82
5373,45,亲  已拍了  请你帮我看一下核对型号都对吗,买家要求核对订单信息,45
5374,99,没优惠了,买家咨询是否有活动,99
5375,22,我申请退款从新下单,买家表示需要退货退款,22
5376,97,帮我发百世汇通,买家咨询是否可以指定快递,97
5377,88,衣服裙子有色差吗？,买家咨询商品是什么颜色,88
5378,105,你们办事效率真的很差,买家咨询退换货运费由谁承担,105
5379,57,好评，返，多少啊,买家咨询返现金额,57
5380,104,订单可以退款之后重拍吗,买家咨询退换货规则,104
5381,56,怎么没有反现,买家咨询返现方式,56
5382,83,8号上新吗,买家咨询商品上新时间,83
5383,109,收到货以后是返现吗？,买家咨询退款去向,109
5384,55,你发什么快递？在西藏,买家咨询发什么快递,55
5385,68,能刻字的吧,买家咨询能否提前享受优惠,68
5386,81,你家的是加冰撑的重量还是鱼的重量,买家咨询商品具体尺码尺寸,81
5387,110,先付两款钱，收货确认后在退款吗？,买家咨询退款时间,110
5388,81,400-10优惠券不跟打折叠加嘛,买家咨询商品具体尺码尺寸,81
5389,1,屁。无骨的吧,买家表达不满/生气,1
5390,99,请问那个是买一送一,买家咨询是否有活动,99
5391,49,hi你好！,买家要求修改收件信息,49
5392,19,S怎么拍不了,买家表示无法下单,19
5393,73,亲 哪里发货的,买家咨询商家发货地,73
5394,71,那我下单两件可以优惠20吗,买家咨询如何领取优惠券,71
5395,56,这个试吃大概多少个？,买家咨询返现方式,56
5396,36,亲亲这个明天能发货吗,买家反馈收到的商品有问题,36
5397,62,20是优惠价,买家咨询买多件能否优惠,62
5398,0,你们的价钱为啥比公众号上边卖的贵呢,买家抱怨商品涨价了,0
5399,47,你好，给我发的175/92A/40的是我订的最小号L吗？,买家要求添加商家微信,47
5400,90,298g是多重啊？,买家咨询商品重量,90
5401,108,是什么时候上新啊,买家咨询退款金额,108
5402,21,如果质量好，收到货后会一次多买几件,买家表示先买来试试,21
5403,3,那个裤子试了不喜欢,买家表示不想要了,3
5404,28,嗯，再看看吧！,买家表示再看看,28
5405,54,客服明天能发货吗？,买家咨询发货时间,54
5406,106,退货可以法发韵达吗？,买家咨询退换货支持快递,106
5407,105,退换都免运费是吧,买家咨询退换货运费由谁承担,105
5408,71,2条更优惠吧,买家咨询如何领取优惠券,71
5409,110,请问什么时候退款会到账？,买家咨询退款时间,110
5410,28,可以电子发票，不用寄过来,买家表示再看看,28
5411,38,豪华版不洗照片的话可以优惠价格吗,买家讨价还价,38
5412,111,快递消息好久没更新了,买家咨询物流信息,111
5413,74,全部收货了,买家咨询商家是否收到寄回的商品,74
5414,54,那到时候是返60?,买家咨询发货时间,54
5415,10,我很伤心哦,买家表示伤心难过,10
5416,48,额，那还要加运费吗,买家要求退运费,48
5417,102,四件优惠不,买家咨询是否有味道,102
5418,1,穿的好，以后就会是你家老顾客,买家表达不满/生气,1
5419,60,就是买一送一,买家咨询活动规则,30
5420,59,请问什么时候给我发换货呀,买家咨询换货发货时间,59
5421,104,又下重新单买了两条 /:^$^,买家咨询退换货规则,104
5422,47,需要怎么添加呢,买家要求添加商家微信,47
5423,67,亲 帮我开下发票,买家咨询能否开发票及发票类型和寄送时间,67
5424,36,看了评论说很多都碎了,买家反馈收到的商品有问题,36
5425,50,三天了还不发货吗 /:802,买家要求延迟发货,50
5426,108,怎么给退20元呢,买家咨询退款金额,108
5427,74,是买一送一吗，里面是七十二包吗,买家咨询商家是否收到寄回的商品,74
5428,86,这款送收纳盒吗,买家咨询商品是否有赠品,86
5429,46,衣服收到了，上身不太适合能退吗,买家要求取消退换货退款,46
5430,59,你好怎么开发票呀,买家咨询换货发货时间,59
5431,86,我就是从你买三免一的通道里面进去选的衣服,买家咨询商品是否有赠品,86
5432,82,店长这个跟69.9的有区别吗,买家咨询商品区别,82
5433,113,那邮费要多少？,买家咨询运费金额,113
5434,90,一个是多少克的,买家咨询商品重量,90
5435,99,这双十一，有优惠吗,买家咨询是否有活动,99
5436,90,亲每箱多克？,买家咨询商品重量,90
5437,73,是从杭州发出来的吗,买家咨询商家发货地,73
5438,52,现在下单什么时候发货？,买家咨询补货/上货时间,52
5439,15,我都是你家老顾客啦,买家表示是老顾客,15
5440,58,那这件衣服是说我现在领卷买213，如果是前300名可以收到返现，最终以168的价格买到手，对吗？,买家咨询返现时间,58
5441,29,揽件两天了,买家催促发货,29
5442,23,退款后我再重新拍吗,买家表示要重拍,23
5443,82,老款跟新款有什么不一样,买家咨询商品区别,82
5444,97,已经签收了噢,买家咨询是否可以指定快递,97
5445,82,14.9和12.9的质量有区别吗,买家咨询商品区别,82
5446,93,如果今天可以发请发顺丰,买家咨询是否可以发顺丰,93
5447,27,我不会买 对这不太懂,买家表示有疑问/不理解,27
5448,82,挂钩和s钩有什么区别呢,买家咨询商品区别,82
5449,103,那寄过去的地址是什么,买家咨询退换货地址,103
5450,114,我换货的话退运费险吗？,买家咨询运费险赔付规则,114
5451,97,海南发邮政是吧,买家咨询是否可以指定快递,97
5452,1,你这个太夸张了吧，都可以投诉你欺诈了,买家表达不满/生气,1
5453,82,一样的吗,买家咨询商品区别,47
5454,77,请问手表是什么材质的呢,买家咨询商品的材质/面料,77
5455,39,退货的快递单号是多少,买家向商家表达不好意思,39
5456,65,这个可以定制吗,买家咨询能否定制,66
5457,32,我想更换下收货地址可以吗,买家对特定款式/颜色表达喜好,32
5458,7,好哒，明白了,买家表示麻烦卖家，表达感谢,7
5459,36,那我打开就是涨袋了,买家反馈收到的商品有问题,36
5460,114,货收到了 问下运费险怎么用,买家咨询运费险赔付规则,114
5461,36,但漏气了,买家反馈收到的商品有问题,36
5462,38,您看看，我的订单如果第二件半价的话实际是多少钱？,买家讨价还价,38
5463,1,滚开,买家表达不满/生气,1
5464,65,有定制吗？,买家咨询能否定制,65
5465,32,我想要黑色的裤子,买家对特定款式/颜色表达喜好,32
5466,74,我给你们寄了,买家咨询商家是否收到寄回的商品,74
5467,46,我刚刚提交了退换申请，可以撤回吗,买家要求取消退换货退款,46
5468,50,我这三件是一起发出来哈？,买家要求延迟发货,50
5469,65,图案可以定做吗,买家咨询能否定制,65
5470,82,全麦和黑麦有什么不一样吗,买家咨询商品区别,82
5471,104,我已经重新拍了的,买家咨询退换货规则,104
5472,96,你们这不支持微信支付吗？,买家咨询是否可以微信支付,96
5473,109,亲，运费险什么时候到？,买家咨询退款去向,109
5474,48,你好，衣服我看到你们已经签收了。那就把运费退给我吧。,买家要求退运费,48
5475,82,区别是？,买家咨询商品区别,82
5476,46,那怎么撤销拒绝退款呢,买家要求取消退换货退款,46
5477,58,这还有返现哦,买家咨询返现时间,58
5478,54,你好，我现在拍明天上午可以发货吧,买家咨询发货时间,54
5479,80,买4送3是吧,买家咨询商品价格,80
5480,49,可以帮我改地址吗,买家要求修改收件信息,49
5481,89,收货人电话改一下,买家咨询商品质量是否有保障,89
5482,90,一瓶多重,买家咨询商品重量,90
5483,41,亲这一个是多少克的,买家要求补偿,41
5484,4,黄河中路这个地址正确,买家表示地址正确,4
5485,39,另外一件的快递单号是多少？,买家向商家表达不好意思,39
5486,60,你好，刚下了订单，满99怎么没有减10元呢？,买家咨询活动规则,60
5487,6,我晚点去驿站寄出,买家表示具体时间寄回去,6
5488,111,好w我拍一个,买家咨询物流信息,111
5489,109,退款，钱在哪里？,买家咨询退款去向,109
5490,52,喜欢的没货了，么时有货,买家咨询补货/上货时间,52
5491,9,你好我的那个数量不小心买多了一件,买家表示拍错了,9
5492,40,那一款,买家需要商品推荐,40
5493,52,黄色什么时候会补到货,买家咨询补货/上货时间,52
5494,65,这个可以定制戳戳绣吗,买家咨询能否定制,77
5495,31,老板你好！,买家打招呼,31
5496,99,可以再赠一张么,买家咨询是否有活动,99
5497,52,昨天就在哪里了现在还是在老地方什么情况,买家咨询补货/上货时间,52
5498,86,买二送什么,买家咨询商品是否有赠品,86
5499,90,这些多重,买家咨询商品重量,90
5500,108,那你直接返5元吧,买家咨询退款金额,108
5501,3,快递费可以退回了吧,买家表示不想要了,3
5502,5,好的，谢谢，买来试试,买家表示好的,5
5503,65,尺寸可以订制,买家咨询能否定制,65
5504,73,你处理下我的2个退货申请,买家咨询商家发货地,73
5505,61,这款收货以后是有返现的吗,买家咨询快递单号,61
5506,81,买个冰箱罩，尺寸可订做吗（像滚筒洗衣罩样式的,买家咨询商品具体尺码尺寸,81
5507,56,我可不可以微信转钱呀,买家咨询返现方式,56
5508,55,用的什么快递？,买家咨询发什么快递,55
5509,22,好吧，相信你如果不合适我要退货的,买家表示需要退货退款,22
5510,82,不是买一送一哒嘛,买家咨询商品区别,82
5511,81,这款最后的棉花是多少克啊,买家咨询商品具体尺码尺寸,81
5512,5,我不太明白,买家表示好的,5
5513,59,你好，我这边的换货有发出吗？,买家咨询换货发货时间,59
5514,22,我直接点就付款了，,买家表示需要退货退款,22
5515,33,你是收到货退24！,买家发送结束语,33
5516,58,是收货返现是吧,买家咨询返现时间,58
5517,17,亲 有没有返现呢,买家表示送人的,17
5518,32,最低这个价格吗,买家对特定款式/颜色表达喜好,32
5519,9,尺码买错了,买家表示拍错了,9
5520,37,地址四平改了吧,买家确认地址是否修改成功,37
5521,97,可以给我发中通吗？,买家咨询是否可以指定快递,97
5522,113,您知道这个运费  是多少呢,买家咨询运费金额,113
5523,113,你好，请问现在买是不是买5送5,买家咨询运费金额,113
5524,66,那我有订单的还没发货不可以取消运费一起发吗？,买家咨询能否分开/一起发货,66
5525,90,店家，我现在下单明天能发货吗,买家咨询商品重量,90
5526,49,怎么修改地址呀,买家要求修改收件信息,49
5527,77,看评论说味道很重是的吗,买家咨询商品的材质/面料,77
5528,65,杯套上也能刻字吗,买家咨询能否定制,65
5529,0,怎么涨价,买家抱怨商品涨价了,0
5530,46,可以吗，我过几天拿回家跟我爸穿看看，合适就不换了,买家要求取消退换货退款,46
5531,83,下次上新是什么时候呢？,买家咨询商品上新时间,83
5532,29,帮我延长一周收货时间哦 谢谢,买家催促发货,29
5533,86,订单88元，可以送两个收纳箱吗,买家咨询商品是否有赠品,86
5534,86,还送一个吗,买家咨询商品是否有赠品,86
5535,22,您好，我拍错了，已申请退款,买家表示需要退货退款,22
5536,71,你好，现在有优惠券吗？,买家咨询如何领取优惠券,71
5537,23,这个颜色不适合我，我想从新拍个颜色,买家表示要重拍,23
5538,105,请问你们退换货运费包邮吗,买家咨询退换货运费由谁承担,105
5539,20,催催快递快点啊,买家表示物流太慢了,20
5540,110,钱啥时间到帐,买家咨询退款时间,110
5541,65,尺寸能定吗。,买家咨询能否定制,65
5542,23,找你能打折吗？,买家表示要重拍,23
5543,66,先发吧！算了,买家咨询能否分开/一起发货,66
5544,93,姐妹 这款今天可以发顺丰么,买家咨询是否可以发顺丰,93
5545,37,亲，双十一下单地址错了可以改吗？,买家确认地址是否修改成功,37
5546,86,还有没有其他礼品送呢,买家咨询商品是否有赠品,86
5547,60,反了40是吧？,买家咨询活动规则,60
5548,89,裤子质量保证？,买家咨询商品质量是否有保障,89
5549,20,你好  能给我催一下物流吗,买家表示物流太慢了,20
5550,105,那就是你们出运费咯,买家咨询退换货运费由谁承担,105
5551,82,还有两个东西一样的,买家咨询商品区别,82
5552,68,你好，请问一斤有多少个？,买家咨询能否提前享受优惠,68
5553,111,还没查到？,买家咨询物流信息,111
5554,53,收到货后  七天内没穿过都可以退换？？,买家咨询到货时间,53
5555,42,谢谢啦，千万别发错啦，怪麻烦的 /:^$^,买家要求发货检查,42
5556,69,新疆地区发货吗,买家咨询偏远地区是否发货,69
5557,30,行了，尽快回复我,买家催促回复,30
5558,29,下过单了 麻烦尽快发货吧 希望不要让我失望,买家催促发货,29
5559,114,商品的运费险什么时候退,买家咨询运费险赔付规则,114
5560,20,请问一下 可以帮我催一下快递吗,买家表示物流太慢了,20
5561,54,你好，请问发货吗？,买家咨询发货时间,54
5562,5,好，知道了哈,买家表示好的,5
5563,12,是铝合金的吗,买家表示商家发错货了,12
5564,10,这款裤子是什么颜色的,买家表示伤心难过,10
5565,29,我25号下的单啊 咋还不发,买家催促发货,29
5566,54,你们店铺没有几天内发货的吗,买家咨询发货时间,54
5567,102,这件衣服味道好臭啊 一股化学物质的味道,买家咨询是否有味道,102
5568,105,如果，不喜欢退包邮吗？,买家咨询退换货运费由谁承担,105
5569,89,袜子质量怎么样哦。,买家咨询商品质量是否有保障,89
5570,1,等的已经没脾气了 /:^_^,买家表达不满/生气,1
5571,93,你帮我查快递了没有,买家咨询是否可以发顺丰,93
5572,90,这是两斤装的吗？,买家咨询商品重量,90
5573,94,你好，确认收货是第二条半价返现是吗,买家咨询是否可以改价,94
5574,77,那可以定制logo吗,买家咨询商品的材质/面料,77
5575,82,两款摸有什么不一样,买家咨询商品区别,82
5576,1,着急，催下快递,买家表达不满/生气,1
5577,58,前三百名返现么,买家咨询返现时间,58
5578,65,好的，可以刻名字是吧,买家咨询能否定制,65
5579,64,你好，五分好评！怎么返现？,买家咨询能否到付,64
5580,36,折起来要折很多嘛,买家反馈收到的商品有问题,36
5581,54,这个我下单明天能发货吗,买家咨询发货时间,54
5582,9,亲，我拍错了，我想拍长裤，拍成九分裤了,买家表示拍错了,9
5583,98,五星好评返现吗,买家咨询是否有好评返现,98
5584,50,可以当天发货么？,买家要求延迟发货,50
5585,62,买两条给多点优惠,买家咨询买多件能否优惠,62
5586,31,你好在吗？亲,买家打招呼,31
5587,110,衣服我直接拒收，退回去了,买家咨询退款时间,110
5588,13,那我待会给你发过去,买家表示商品已经寄回去了,13
5589,89,质量好就可以,买家咨询商品质量是否有保障,89
5590,78,衣服帽子色差太大了。,买家咨询商品的色差问题,78
5591,82,请问这些款式有什么区别吗,买家咨询商品区别,82
5592,0,这个现在是买一送一活动款?,买家抱怨商品涨价了,0
5593,9,两本一起发货，可以吧,买家表示拍错了,9
5594,82,这个和17年版的有区别吗,买家咨询商品区别,82
5595,79,请问9.9有多少个,买家咨询商品规格数量,79
5596,38,你不是说可以再优惠8元的吗,买家讨价还价,38
5597,1,就没有人投诉你们吗？,买家表达不满/生气,1
5598,65,宽高可以定制吗,买家咨询能否定制,94
5599,66,亲亲买的几件商品可以同时发货嘛,买家咨询能否分开/一起发货,66
5600,85,是实拍吧！色差大吗？,买家咨询商品是否可以单买/单卖,85
5601,56,微信给可以嘛,买家咨询返现方式,56
5602,61,这不是原来的单号吗？,买家咨询快递单号,61
5603,80,实付款2箱136.6,买家咨询商品价格,80
5604,65,你好，请问可以定制尺寸吧,买家咨询能否定制,65
5605,53,顺风多久能到天津请问,买家咨询到货时间,53
5606,47,你好，怎么加10元那,买家要求添加商家微信,47
5607,77,14.8外面圈是什么材质,买家咨询商品的材质/面料,77
5608,60,这款双十二活动是立减还是？,买家咨询活动规则,60
5609,79,208g试用散装有多少个,买家咨询商品规格数量,79
5610,113,运费自理多少钱,买家咨询运费金额,113
5611,101,黄色，跟720黄色有区别吗,买家咨询是否有实体店,101
5612,112,跟普通的有区别吗,买家咨询优惠券使用规则,112
5613,111,双十一没看到活动 /:018,买家咨询物流信息,111
5614,42,码数不要发错了38码,买家要求发货检查,42
5615,99,优惠活动,买家咨询是否有活动,99
5616,49,你好可以改一下电话号码吗,买家要求修改收件信息,49
5617,61,我问你是什么材质的,买家咨询快递单号,61
5618,28,等我问问,买家表示再看看,28
5619,52,您好 黑色的这款什么时候能有货？,买家咨询补货/上货时间,52
5620,99,我问买2件可能给188的活动价了,买家咨询是否有活动,99
5621,65,我要 印logo,买家咨询能否定制,65
5622,60,你家裤子我想买一条l码和一条xl码怎么拍？,买家咨询活动规则,60
5623,50,我的衣服晚点发货,买家要求延迟发货,50
5624,71,还能优惠点吗？,买家咨询如何领取优惠券,71
5625,84,也是预售  ？,买家咨询商品是不是预售款,84
5626,63,我的地址写错了，怎么修改,买家咨询哪款更好,63
5627,36,毛病,买家反馈收到的商品有问题,36
5628,86,你直接回答我，你们家有没有真空包装的？,买家咨询商品是否有赠品,86
5629,65,你好，尺寸不一样可以定做吗,买家咨询能否定制,65
5630,97,我找到了物流,买家咨询是否可以指定快递,97
5631,61,您这能把我换货的单号发我一下么,买家咨询快递单号,61
5632,104,码不合适可以退换？,买家咨询退换货规则,104
5633,67,收到面包盒子是破的，胶带都没封好,买家咨询能否开发票及发票类型和寄送时间,67
5634,97,麻烦中通,买家咨询是否可以指定快递,97
5635,101,那优惠券里有30号的啊,买家咨询是否有实体店,101
5636,50,你说的时候我都已经发走了啊,买家要求延迟发货,50
5637,102,变形吗，有味道吗？,买家咨询是否有味道,102
5638,29,亲，我的裤子今天都第四天了还没发出来，不行的话我就退了,买家催促发货,29
5639,35,人呢，。。,买家发送支付宝账号,35
5640,25,我垫付的运费还没到帐,买家表示已下单付款,25
5641,44,老板，我分开拍了两条裤子，给修改下运费吧,买家要求改运费,44
5642,5,好的，知道了 /:^_^,买家表示好的,5
5643,72,第二发5.9怎么买,买家咨询如何下单,72
5644,83,亲麻烦你帮改一下地址和电话，地址改这个地址，重庆市沙坪坝区，凤天大道凤鸣山中学，菜鸟驿站收。电话改成这个电话：13635440494,买家咨询商品上新时间,83
5645,43,麻烦更改一下颜色,买家要求改商品信息,43
5646,71,今天可以给我发顺丰么,买家咨询如何领取优惠券,71
5647,60,那你们还参加津贴或者满减吗,买家咨询活动规则,60
5648,99,亲 我还是要开专票哟,买家咨询是否有活动,99
5649,60,不是满299减20吗？,买家咨询活动规则,60
5650,9,晕，客服醉了,买家表示拍错了,9
5651,49,你好之前我的电话号码填错，请联系这个干嘛15870935738,买家要求修改收件信息,49
5652,2,OK 衣服很满意 /:^_^,买家表达赞美/满意,2
5653,60,这是买二送一是吗？,买家咨询活动规则,60
5654,60,客服你们家没有双十一200减二十的活动吗,买家咨询活动规则,60
5655,8,我的旺旺号是多少啊,买家表示马上下单付款,8
5656,60,买三盒送一盒什么的？,买家咨询活动规则,60
5657,85,罗马杆是单买的吗,买家咨询商品是否可以单买/单卖,85
5658,82,新款加厚和升级加厚有什么区别,买家咨询商品区别,82
5659,97,不能指定邮政快递是吗？,买家咨询是否可以指定快递,97
5660,59,我寄过来了哦,买家咨询换货发货时间,59
5661,86,送什么东西,买家咨询商品是否有赠品,86
5662,116,/:018 不要啊，都老顾客了，,买家咨询赠品是否可以自选,116
5663,74,退货件收到了吧？,买家咨询商家是否收到寄回的商品,74
5664,36,顺丰给我不发,买家反馈收到的商品有问题,36
5665,55,你好，刚刚拍了一条裤子，质量一定要保证哈,买家咨询发什么快递,55
5666,65,脚垫是什么材质的呢,买家咨询能否定制,65
5667,29,快点发货哦,买家催促发货,29
5668,80,排三件的话第二件还半价吗,买家咨询商品价格,80
5669,3,呀，我先不买这么快,买家表示不想要了,3
5670,70,好的  他那边给我我就马上发给你,买家咨询如何加入会员,70
5671,71,红包？没有红包啊，只有你们店里3元的优惠券吧,买家咨询如何领取优惠券,71
5672,29,催了三天了还没催到那,买家催促发货,29
5673,105,运费什么时候补也,买家咨询退换货运费由谁承担,105
5674,29,地址对尽快发货好吗？,买家催促发货,29
5675,95,衣服太小了可以退换吗,买家咨询是否可以拒收,95
5676,60,你好这个买一送一吗,买家咨询活动规则,60
5677,99,你家是不参加淘宝双十二活动的吗？,买家咨询是否有活动,99
5678,29,不用了，等了这么长时间居然还是不能发货,买家催促发货,29
5679,25,两款都拍了,买家表示已下单付款,25
5680,23,在吗，什么时候退运费,买家表示要重拍,23
5681,1,都快半个月了还没到，在不来我要投诉了,买家表达不满/生气,1
5682,37,怎么比之前涨价了不少,买家确认地址是否修改成功,37
5683,86,买两份可以多送一包吗,买家咨询商品是否有赠品,86
5684,88,这个是是什么颜色,买家咨询商品是什么颜色,88
5685,95,M号后面会补货么,买家咨询是否可以拒收,95
5686,74,亲 退回来的快递收到了,买家咨询商家是否收到寄回的商品,74
5687,78,加绒跟厚绒的不一样吧,买家咨询商品的色差问题,78
5688,82,白色和白色常规有什么区别吗？,买家咨询商品区别,82
5689,38,老顾客了，你给最优惠嘛,买家讨价还价,38
5690,104,大了怎么换呢,买家咨询退换货规则,104
5691,79,1000克有多少包？,买家咨询商品规格数量,79
5692,93,发顺丰还要补邮费,买家咨询是否可以发顺丰,93
5693,113,亲运费多少,买家咨询运费金额,113
5694,55,亲最低价了吗,买家咨询发什么快递,55
5695,34,现在能退货吗？,买家发送开票信息,34
5696,90,5斤还是十斤？,买家咨询商品重量,90
5697,113,这个退回去的运费怎么算,买家咨询运费金额,113
5698,24,买两件便宜100是么？,买家表示已经收到货了,24
5699,114,这个运费险能陪多少,买家咨询运费险赔付规则,114
5700,71,不是说在哪领卷吗,买家咨询如何领取优惠券,71
5701,30,都不理人的吗？,买家催促回复,30
5702,98,其他店都可以，我也是醉了,买家咨询是否有好评返现,98
5703,34,你们能补偿吗,买家发送开票信息,34
5704,62,好评不是有3元红包和5元优惠卷吗？,买家咨询买多件能否优惠,62
5705,65,那转换头那款还能定制文字么？,买家咨询能否定制,65
5706,79,350g一箱有多少包,买家咨询商品规格数量,79
5707,50,现在正准备发货了,买家要求延迟发货,50
5708,97,我只不过是让你们查一下快递卡哪里了。就这点事都不行？,买家咨询是否可以指定快递,97
5709,99,买三免一活动有规定的衣服嘛？,买家咨询是否有活动,99
5710,49,亲我那个地址错了,买家要求修改收件信息,49
5711,36,好几个都压扁了,买家反馈收到的商品有问题,36
5712,64,寄回来快递寄到付吗,买家咨询能否到付,64
5713,82,升级版的和没升级的有什么区别吗,买家咨询商品区别,82
5714,26,老板为什么那个满三百的优惠券用不了？,买家表示优惠券无法使用,26
5715,22,已经确认收货了运费险根本不会退的,买家表示需要退货退款,22
5716,3,裤子紧紧的不喜欢,买家表示不想要了,3
5717,89,那我买这款货会来你返我十块质量保证好,买家咨询商品质量是否有保障,89
5718,19,好吧，双十一买不了 /:018,买家表示无法下单,19
5719,77,我另外领了30元的券，也可以叠加使用吗,买家咨询商品的材质/面料,77
5720,38,你好，东西我收到咯,买家讨价还价,38
5721,47,我想问问加微信后领取的10元优惠券能和这个签到的券叠加使用吗,买家要求添加商家微信,47
5722,113,这个补多少,买家咨询运费金额,113
5723,54,请问如果我现在下单什么时候可以发货？,买家咨询发货时间,54
5724,66,你好 请问一下 我拍两份能不能分两个地址分开发货呀,买家咨询能否分开/一起发货,66
5725,0,你们这个怎么涨价了？,买家抱怨商品涨价了,0
5726,60,你好，请问买三免一，是买三件有一件的钱全免是吗,买家咨询活动规则,60
5727,105,有质量问题还要我付运费？,买家咨询退换货运费由谁承担,105
5728,79,你好，一箱有几个呢,买家咨询商品规格数量,79
5729,74,你好货衣服到了吗,买家咨询商家是否收到寄回的商品,74
5730,29,行 早日发货把,买家催促发货,29
5731,73,从什么地方发货,买家咨询商家发货地,73
5732,64,運費到付應該可以吧？,买家咨询能否到付,64
5733,82,这款和209那款有什么区别,买家咨询商品区别,60
5734,73,好的，谢谢，请优先发货好吗？,买家咨询商家发货地,73
5735,109,我问你退哪里了，运费,买家咨询退款去向,109
5736,78,有色差吗？颜色正吗,买家咨询商品的色差问题,108
5737,5,为什么我买的黑色，给我发白色呢？,买家表示好的,5
5738,15,老顾客了又来了,买家表示是老顾客,15
5739,7,给好评没有奖励吗,买家表示麻烦卖家，表达感谢,7
5740,15,我是老客户啊,买家表示是老顾客,15
5741,77,我需要定制一份窗帘,买家咨询商品的材质/面料,77
5742,105,亲，收到货了，邮费怎么没退呢,买家咨询退换货运费由谁承担,105
5743,105,上门取件运费是我先垫付？,买家咨询退换货运费由谁承担,105
5744,97,我下单 麻烦帮我发中通 谢谢,买家咨询是否可以指定快递,97
5745,20,那您备注一下邮政,买家表示物流太慢了,20
5746,71,你们到底是发货没有？,买家咨询如何领取优惠券,71
5747,102,塑料味大不大,买家咨询是否有味道,102
5748,91,配黑色衣服，选哪款颜色好,买家咨询什么颜色好看,91
5749,27,有些名词搞不懂。,买家表示有疑问/不理解,27
5750,21,麻烦退一下款。,买家表示先买来试试,21
5751,85,怎么16的比32的还贵,买家咨询商品是否可以单买/单卖,85
5752,97,邮政需要跑好远去搬,买家咨询是否可以指定快递,97
5753,111,呃，我的到哪了,买家咨询物流信息,111
5754,69,200g送同款,买家咨询偏远地区是否发货,69
5755,60,满400怎么不能减50,买家咨询活动规则,60
5756,43,好嗯,买家要求改商品信息,43
5757,59,你家能开电子发票的吧,买家咨询换货发货时间,59
5758,26,但是你那个优惠券我用不了啊，十块钱的。,买家表示优惠券无法使用,26
5759,1,催快递能有点效率吗，上午就说了到现在还没消息,买家表达不满/生气,1
5760,82,和这款比有什么区别啊,买家咨询商品区别,112
5761,5,啊好哒我没看消息，我知道了就买l的,买家表示好的,5
5762,20,麻烦帮我催一下快递，查不到,买家表示物流太慢了,20
5763,63,亲 帮确认一下退货,买家咨询哪款更好,63
5764,31,在啊,买家打招呼,31
5765,2,老顾客了呢。,买家表达赞美/满意,2
5766,31,在不，兄弟。,买家打招呼,31
5767,90,有收到货吗？,买家咨询商品重量,90
5768,60,请问特价款和免拆洗的有什么区别,买家咨询活动规则,60
5769,67,你好，发票什么时候寄啊,买家咨询能否开发票及发票类型和寄送时间,67
5770,26,我有一张券为什么不能用,买家表示优惠券无法使用,26
5771,72,好的，那我买一张,买家咨询如何下单,72
5772,67,也要收据,买家咨询能否开发票及发票类型和寄送时间,67
5773,67,这款玩具可以开专票嘛？,买家咨询能否开发票及发票类型和寄送时间,67
5774,92,能不能别用圆通快递,买家咨询是否可以打折,92
5775,48,尽快退给我运费,买家要求退运费,48
5776,40,有没有分量少点的吗？,买家需要商品推荐,40
5777,97,退回去的发韵达,买家咨询是否可以指定快递,97
5778,82,这个白色跟白色常规有啥区别,买家咨询商品区别,82
5779,12,为什么裤子尺码发错了,买家表示商家发错货了,12
5780,97,麻烦帮我备注一下圆通快递啊,买家咨询是否可以指定快递,97
5781,33,/:^$^ 好吧好吧你忙吧,买家发送结束语,33
5782,29,咋回事，还没发,买家催促发货,29
5783,7,额，谢谢，小姐姐，么么哒,买家表示麻烦卖家，表达感谢,7
5784,5,好滴吧,买家表示好的,5
5785,62,你这两件有没有在优惠一点,买家咨询买多件能否优惠,62
5786,22,用不用申请退货？,买家表示需要退货退款,22
5787,34,是什么意思？,买家发送开票信息,34
5788,58,亲 来返现啦,买家咨询返现时间,58
5789,82,特价款和免拆洗是什么区别麽,买家咨询商品区别,82
5790,71,收藏店铺送优惠券,买家咨询如何领取优惠券,71
5791,52,不上了吗 /:018,买家咨询补货/上货时间,52
5792,91,亲怎样补贴6元,买家咨询什么颜色好看,91
5793,83,这个别退了我怎么取消啊,买家咨询商品上新时间,83
5794,17,店内的优惠券跟两件减10元可以叠加使用吗,买家表示送人的,17
5795,90,买两份实发有多重呀,买家咨询商品重量,90
5796,103,可以把两箱发到两个地址吗,买家咨询退换货地址,103
5797,114,那发顺丰可以,买家咨询运费险赔付规则,114
5798,108,这个就退19呗,买家咨询退款金额,108
5799,32,在你们家买了好几次，希望质量好,买家对特定款式/颜色表达喜好,32
5800,89,质量好 下次再来,买家咨询商品质量是否有保障,89
5801,81,你们新疆不发货还是？,买家咨询商品具体尺码尺寸,81
5802,64,20号之前可以发货吗,买家咨询能否到付,64
5803,50,晚点发吧/:065/:065往家拿也费劲,买家要求延迟发货,50
5804,28,座垫什么材质？,买家表示再看看,28
5805,78,那紫色的还会有吗,买家咨询商品的色差问题,78
5806,71,要怎么领取？,买家咨询如何领取优惠券,71
5807,54,另外这件我当时拍了现货M，大概什么时候发出呀？,买家咨询发货时间,54
5808,28,好的我看看先,买家表示再看看,28
5809,60,满两件减20怎么没减呢,买家咨询活动规则,60
5810,109,第二次重拍了不要让我失望啊,买家咨询退款去向,109
5811,42,你们从哪里发货，我问问顺丰能不能到,买家要求发货检查,42
5812,46,你能取消么,买家要求取消退换货退款,46
5813,22,不然退货,买家表示需要退货退款,22
5814,29,改下地址。,买家催促发货,29
5815,46,不换了 麻烦了,买家要求取消退换货退款,46
5816,75,这个不是新款的包装吗,买家咨询商品包装,75
5817,97,浙江省的可以指定快递吗？,买家咨询是否可以指定快递,97
5818,29,下午不发我就退货了啊,买家催促发货,29
5819,29,这鞋你们还发吗，不发我直接退货了,买家催促发货,29
5820,21,穿的合适就再买一条,买家表示先买来试试,21
5821,49,地址错了改改吧,买家要求修改收件信息,49
5822,83,我下单得741两件黑的  你们发错了吧,买家咨询商品上新时间,83
5823,0,发身体不要天天,买家抱怨商品涨价了,0
5824,105,退了吧 邮费你们付吧,买家咨询退换货运费由谁承担,105
5825,42,运费12元怎么退给我？,买家要求发货检查,42
5826,61,单号还没给我,买家咨询快递单号,61
5827,15,我也算你家老顾客呀 /:809,买家表示是老顾客,15
5828,76,你家还挺贵,买家咨询商品产地,76
5829,74,我窗帘到了,买家咨询商家是否收到寄回的商品,74
5830,31,老板 在么～,买家打招呼,31
5831,79,试吃大概多少个,买家咨询商品规格数量,79
5832,86,亲，我拍这个款的是送一样的吗，是送这种面包吗,买家咨询商品是否有赠品,86
5833,111,这个快递昨天晚上就到西安了，为啥今天没有动了,买家咨询物流信息,111
5834,49,地址对的哈,买家要求修改收件信息,49
5835,104,衣服到了不合适可以退换货吗,买家咨询退换货规则,104
5836,104,买了不合适可以退换货嘛？,买家咨询退换货规则,104
5837,90,这个一份是两斤吗,买家咨询商品重量,90
5838,76,知心奶奶的产地不是在江苏南京吗，怎么包装上产地是安徽,买家咨询商品产地,76
5839,96,这个座套是什么材质,买家咨询是否可以微信支付,96
5840,52,双十二买的话，你们发货之前可以改地址吗,买家咨询补货/上货时间,52
5841,88,在就是这个是啥材质的,买家咨询商品是什么颜色,88
5842,111,还没有查询到吗？物流里有电话，问一下就清楚了,买家咨询物流信息,111
5843,75,都是单独包装的吗,买家咨询商品包装,75
5844,112,双十一购买可以延迟发货么,买家咨询优惠券使用规则,112
5845,97,其他快递收不到啊,买家咨询是否可以指定快递,97
5846,54,发票发了没有,买家咨询发货时间,54
5847,1,三条裤子5个洞！  你是让我多么的失望，亲。,买家表达不满/生气,1
5848,57,新疆内可以发货吗,买家咨询返现金额,57
5849,83,双十二会有上新么,买家咨询商品上新时间,83
5850,80,能给一下微信嘛？,买家咨询商品价格,80
5851,111,哪里发货？几天能到？ /:^_^,买家咨询物流信息,111
5852,62,12节是不再优惠5元？,买家咨询买多件能否优惠,62
5853,68,你的意思我每次用纸还得把纸先扯掉一部分来用？？？搞笑吧,买家咨询能否提前享受优惠,68
5854,28,好的，晚上回家试试,买家表示再看看,28
5855,86,下单2袋送杯子和勺子吗,买家咨询商品是否有赠品,86
5856,67,亲，发票什么时候寄过来,买家咨询能否开发票及发票类型和寄送时间,67
5857,32,那尺码不合适退换货的话邮费是你们那里出吗？,买家对特定款式/颜色表达喜好,32
5858,22,可是我换货也不能包邮？,买家表示需要退货退款,22
5859,104,如果要换货的话有什么流程吗,买家咨询退换货规则,104
5860,0,现在买贵吧,买家抱怨商品涨价了,0
5861,86,是不是买2包送1包,买家咨询商品是否有赠品,86
5862,57,意思是我总共付了400元的话，收到货后就返80元吗,买家咨询返现金额,57
5863,53,延长一下确认到货吧,买家咨询到货时间,53
5864,77,亲可以刻名字的嘛,买家咨询商品的材质/面料,77
5865,5,我超级喜欢你们家,买家表示好的,5
5866,105,我知道退换货需要自己承担运费,买家咨询退换货运费由谁承担,105
5867,92,是不是直接申请退款退货？,买家咨询是否可以打折,92
5868,1,亲，你骗人,买家表达不满/生气,1
5869,39,我知道，看上去表面的款式一样的，,买家向商家表达不好意思,39
5870,20,什么快递都到，不要邮政，谢谢。,买家表示物流太慢了,20
5871,15,想着老顾客了,买家表示是老顾客,15
5872,69,亲爱的  新疆发货吗,买家咨询偏远地区是否发货,69
5873,42,这次别发错了哈。,买家要求发货检查,42
5874,3,如果明天发不了我就不拍了,买家表示不想要了,3
5875,51,可以备注延迟发货吗,买家要求延长收货时间,51
5876,74,物品我已退回,买家咨询商家是否收到寄回的商品,74
5877,75,这个有包装吗,买家咨询商品包装,75
5878,101,我刚刚拍的鞋子地址填错了,买家咨询是否有实体店,101
5879,5,请不要发邮政和百世,买家表示好的,5
5880,60,三份是9包吗,买家咨询活动规则,60
5881,43,修改地址为：贵州省贵阳市云岩区省府社区宅吉路97号银通山庄。 范丽电话13985109400,买家要求改商品信息,43
5882,77,能订做不能？,买家咨询商品的材质/面料,77
5883,86,对了，你们双十一搞活动吗？,买家咨询商品是否有赠品,86
5884,82,加绒款和厚绒款有什么区别呢,买家咨询商品区别,82
5885,82,特价款和别的有什么区别,买家咨询商品区别,82
5886,32,亲，你家包装我也是醉了,买家对特定款式/颜色表达喜好,32
5887,49,请帮忙改下地址,买家要求修改收件信息,49
5888,8,不用改地址了，这个也可以,买家表示马上下单付款,8
5889,29,仿佛已经从夏天等到冬天了…,买家催促发货,29
5890,58,我前几天问你也不回,买家咨询返现时间,58
5891,92,都可任选t第二件五折,买家咨询是否可以打折,92
5892,107,衬衣加裤子多少钱,买家咨询退货退款原因选什么,107
5893,65,你好，我要定制窗帘,买家咨询能否定制,65
5894,67,衣服还没有寄的话给我改成130,买家咨询能否开发票及发票类型和寄送时间,67
5895,111,我的快递到了为什么不派送,买家咨询物流信息,111
5896,86,送两个一样大的行吗,买家咨询商品是否有赠品,86
5897,82,168跟198的有啥区别,买家咨询商品区别,82
5898,49,嗯嗯这个地址对了,买家要求修改收件信息,49
5899,66,我可以，拍三件，分两个地址发货吗？,买家咨询能否分开/一起发货,66
5900,46,那我买了一件预售一件现货是分开发货吗？,买家要求取消退换货退款,46
5901,105,买大了一号，如果要退换的话包邮吗,买家咨询退换货运费由谁承担,105
5902,95,秋季新款跟升级款是什么不同,买家咨询是否可以拒收,95
5903,104,我要调换一个尺码怎么调？,买家咨询退换货规则,104
5904,49,广州白云区嘉禾街道永平街道磨刀西街一巷6号菜鸟驿站。,买家要求修改收件信息,49
5905,15,50升和40升什么区别？,买家表示是老顾客,15
5906,96,我想微信支付可是不可以所以没有付款啊,买家咨询是否可以微信支付,96
5907,22,看到尽快办理一下退款谢谢,买家表示需要退货退款,22
5908,9,我有一件拍错了！！！,买家表示拍错了,9
5909,87,这个质保是多久,买家咨询商品是否有质保，质保多久,87
5910,38,价位优惠,买家讨价还价,38
5911,22,现在已经不能按照第一次的退货申请提交了,买家表示需要退货退款,22
5912,61,鞋子打开有很大的味,买家咨询快递单号,61
5913,27,到双十一购不是便宜点呀,买家表示有疑问/不理解,27
5914,54,今天买了明天发吗，,买家咨询发货时间,54
5915,78,云南，可以发中通吗,买家咨询商品的色差问题,78
5916,90,700g有多少斤,买家咨询商品重量,90
5917,44,嗯嗯  是预售款吗,买家要求改运费,44
5918,22,那个退款咋取消啊,买家表示需要退货退款,22
5919,15,我们是老客户咯。,买家表示是老顾客,15
5920,13,嗯嗯，那我明天给你发回去,买家表示商品已经寄回去了,13
5921,67,发票补寄了吗,买家咨询能否开发票及发票类型和寄送时间,67
5922,99,裤子双十一没活动吗,买家咨询是否有活动,99
5923,43,请问一下能不能订做尺寸呢？,买家要求改商品信息,43
5924,22,拍重了一份，谢谢帮忙处理下退款,买家表示需要退货退款,22
5925,6,明天我让我老公去退一下,买家表示具体时间寄回去,6
5926,78,小黑裤和魔术裤有什么区别,买家咨询商品的色差问题,78
5927,14,我特么跟你说话呢,买家表示稍等,14
5928,110,货还在我家了，没有发把那个退货申请取消了，不就行了吗,买家咨询退款时间,110
5929,97,邮政吧,买家咨询是否可以指定快递,55
5930,90,买一大包会送碗吗,买家咨询商品重量,90
5931,36,我买的面包，一箱只有10个，还跑气三个,买家反馈收到的商品有问题,36
5932,46,不发货就帮忙退一下,买家要求取消退换货退款,46
5933,97,请问可以指定发邮政快递吗,买家咨询是否可以指定快递,97
5934,99,请问这款有什么活动吗,买家咨询是否有活动,99
5935,74,你好、退回去的货你们收到了吗？,买家咨询商家是否收到寄回的商品,74
5936,0,你们的运费险，怎么一天比一天价格高,买家抱怨商品涨价了,0
5937,99,哈哈，就是双十一没有优惠,买家咨询是否有活动,99
5938,35,我想问一下这个196的跟206的有什么区别呀,买家发送支付宝账号,35
5939,98,收到货直接返还是好评返,买家咨询是否有好评返现,98
5940,100,河北省几天到哦哦,买家咨询是否有买家秀,100
5941,4,第二个地址对的,买家表示地址正确,4
5942,0,这个又涨价了么？,买家抱怨商品涨价了,0
5943,71,无门槛优惠券怎么领,买家咨询如何领取优惠券,71
5944,94,我再拍件衣服帮我改个价格吧？,买家咨询是否可以改价,94
5945,0,第二件半价是买多少才算半价,买家抱怨商品涨价了,0
5946,49,亲亲，我地址填错了/:018,买家要求修改收件信息,49
5947,6,我明天把衣服给您寄走,买家表示具体时间寄回去,6
5948,112,床单款和床笠款是啥区别,买家咨询优惠券使用规则,112
5949,69,发票寄出了嘛,买家咨询偏远地区是否发货,69
5950,108,货到退款178元是吧？,买家咨询退款金额,108
5951,99,买一送一那个咋退款呀？,买家咨询是否有活动,99
5952,108,我的退货钱返了吗,买家咨询退款金额,108
5953,38,亲这个一份多少片,买家讨价还价,38
5954,99,双十一的优惠券在哪领呀,买家咨询是否有活动,99
5955,0,什么时候涨价啦？,买家抱怨商品涨价了,0
5956,90,675g？,买家咨询商品重量,90
5957,90,28是退到支付宝上吗,买家咨询商品重量,90
5958,22,亲 我这边确认收货了 是不是可以退款了,买家表示需要退货退款,22
5959,49,请问我修改的地址收到了吗,买家要求修改收件信息,49
5960,79,我买的东西一共几箱,买家咨询商品规格数量,79
5961,106,货收到了，要退货退什么快递呀？,买家咨询退换货支持快递,106
5962,54,最快什么时候？,买家咨询发货时间,54
5963,13,不能加钱发顺丰啊,买家表示商品已经寄回去了,13
5964,19,抱歉，把地址发错了??,买家表示无法下单,19
5965,82,你这个9d跟普通有啥区别啊,买家咨询商品区别,82
5966,1,尽快发货，第一次光临，但愿不会失望,买家表达不满/生气,1
5967,23,我想重新拍可以吗,买家表示要重拍,23
5968,46,对了，可能别人要了，等晚上老人回来试试，能穿就不退了,买家要求取消退换货退款,46
5969,89,请保证质量嘛,买家咨询商品质量是否有保障,89
5970,89,好的，质量怎么样,买家咨询商品质量是否有保障,89
5971,9,回来和裤子配套穿  希望不会有色差,买家表示拍错了,9
5972,94,不是说要给我改价吗 /:?,买家咨询是否可以改价,94
5973,113,我拍的这三个收货每个退多少,买家咨询运费金额,113
5974,105,换的话邮费谁出啊？,买家咨询退换货运费由谁承担,105
5975,7,已经下单了麻烦你了,买家表示麻烦卖家，表达感谢,7
5976,99,这个双11会有活动么,买家咨询是否有活动,99
5977,105,来回运费我负责吗,买家咨询退换货运费由谁承担,105
5978,82,不同价位的有什么区别,买家咨询商品区别,82
5979,91,老早就到舟山了，结果又去嵊泗转一圈，醉了,买家咨询什么颜色好看,91
5980,59,我的换货商品什么时候寄出呀,买家咨询换货发货时间,59
5981,46,我现在撤销不了,买家要求取消退换货退款,46
5982,34,单位名称：北京拼课科技有限公司开户行：招商银行股份有限公司北京光华路支行账号：11093569891,买家发送开票信息,34
5983,108,12天发货吗？,买家咨询退款金额,108
5984,90,八切四枚是多少克,买家咨询商品重量,90
5985,69,新疆发货不亲,买家咨询偏远地区是否发货,69
5986,65,你给我刻字吧,买家咨询能否定制,65
5987,111,重新发货到哪里了,买家咨询物流信息,111
5988,75,单包装？,买家咨询商品包装,75
5989,49,我当时买的的时候没注意，收货地址弄错了,买家要求修改收件信息,49
5990,60,亲这个第二份半价是怎么回事,买家咨询活动规则,60
5991,19,这款衣服怎么买不了了,买家表示无法下单,19
5992,79,这一包多少克了,买家咨询商品规格数量,79
5993,97,申通快递送不到,买家咨询是否可以指定快递,97
5994,29,请问为什么还不发货 都好几天了,买家催促发货,29
5995,49,是您后台改价格吗,买家要求修改收件信息,49
5996,25,买1件可送保温杯吗,买家表示已下单付款,25
5997,74,你这边应该收到了吧,买家咨询商家是否收到寄回的商品,74
5998,54,大概啥时候发,买家咨询发货时间,54
5999,11,你发错地址了,买家表示商家发错地址,11
6000,47,这两种差别大吗,买家要求添加商家微信,47
6001,85,那意思只能单独买？,买家咨询商品是否可以单买/单卖,85
6002,78,你这图片颜色和衣服颜色相差太大了吧,买家咨询商品的色差问题,78
6003,97,请问能指定发圆通快递吗,买家咨询是否可以指定快递,97
6004,90,一千克嘛?,买家咨询商品重量,90
6005,65,这个桌布可以定制尺寸么,买家咨询能否定制,65
6006,100,你好！发货地是哪里？,买家咨询是否有买家秀,100
6007,54,延迟发货可以嘛,买家咨询发货时间,54
6008,3,好的……地址对的,买家表示不想要了,3
6009,60,这款买一送一同款吗,买家咨询活动规则,60
6010,36,这个裤子是深蓝色的？,买家反馈收到的商品有问题,36
6011,54,现在拍了，下午能发货么,买家咨询发货时间,54
6012,20,这快递也太慢了嘛,买家表示物流太慢了,20
6013,89,毛呢品质保证哈,买家咨询商品质量是否有保障,89
6014,49,我要改收货地址在哪里改,买家要求修改收件信息,49
6015,97,百世快递行吗？,买家咨询是否可以指定快递,97
6016,46,不小心把申请撤销了，还能换吗,买家要求取消退换货退款,46
6017,50,能发吗？,买家要求延迟发货,50
6018,23,裤子我买大了。我申请退货退款然后我重新拍可以吗？,买家表示要重拍,23
6019,110,邮费还没有到帐,买家咨询退款时间,110
6020,60,这款跟那款有啥区别啊,买家咨询活动规则,60
6021,82,亲，请问老款和新款有什么区别呀？,买家咨询商品区别,82
6022,106,退回的是中通,买家咨询退换货支持快递,106
6023,60,这件现在是买一送一？,买家咨询活动规则,60
6024,20,给我发链接,买家表示物流太慢了,20
6025,8,买过，上次买的鱿鱼丝觉得太甜了点，赠品的鳕鱼片还不错，一会选好了就下单,买家表示马上下单付款,8
6026,79,桶装的有多少片？,买家咨询商品规格数量,79
6027,77,后面是整皮的吗,买家咨询商品的材质/面料,77
6028,66,同样是杭州发的,买家咨询能否分开/一起发货,66
6029,60,不是买一送一吗怎么就一箱了,买家咨询活动规则,60
6030,0,你好，我退的裤子你收到了吗？,买家抱怨商品涨价了,0
6031,109,能微信退款吗,买家咨询退款去向,109
6032,74,请问你收到货了么,买家咨询商家是否收到寄回的商品,74
6033,78,请问升级和普通什么区别,买家咨询商品的色差问题,78
6034,48,小八爪鱼有几个？一袋,买家要求退运费,48
6035,3,不喜欢能否退换？,买家表示不想要了,3
6036,20,什么快递。,买家表示物流太慢了,20
6037,20,这个券不能用吗,买家表示物流太慢了,20
6038,4,亲，快递给我打电话了，地址对了，,买家表示地址正确,4
6039,20,那我送过去吧，什么快递都可以吗,买家表示物流太慢了,20
6040,20,付尾款前100半价是多少钱,买家表示物流太慢了,20
6041,92,都是九折了吗,买家咨询是否可以打折,92
6042,82,两种是一样的吗,买家咨询商品区别,82
6043,67,发票会分开寄吗,买家咨询能否开发票及发票类型和寄送时间,67
6044,13,快递已经寄了，但是明天才能出来单号,买家表示商品已经寄回去了,13
6045,20,麻烦您能不能催催快递,买家表示物流太慢了,20
6046,97,我们门口只有中通送到家,买家咨询是否可以指定快递,97
6047,46,先退款,买家要求取消退换货退款,46
6048,75,可以发圆通韵达嘛？,买家咨询商品包装,75
6049,111,物流恢复了吗,买家咨询物流信息,111
6050,91,这个奶茶没有单独小包装吗？,买家咨询什么颜色好看,91
6051,23,0点后几折,买家表示要重拍,23
6052,79,只能同款买一送一？,买家咨询商品规格数量,79
6053,17,蓝色什么时候有呀,买家表示送人的,17
6054,49,买了两份，一个要改地址,买家要求修改收件信息,49
6055,4,地址对了哈,买家表示地址正确,4
6056,82,这种和上面款一样么，就是里面毛不一样?,买家咨询商品区别,82
6057,59,寄回是退货还是换货,买家咨询换货发货时间,59
6058,57,浙江省温州市泰顺县泗溪镇下桥村洋心  张慧15832490470,买家咨询返现金额,57
6059,39,绒面和针织什么区别,买家向商家表达不好意思,39
6060,24,收到了昨天,买家表示已经收到货了,24
6061,50,刚刚下了三单，今天可以发货吗,买家要求延迟发货,50
6062,92,只有双十一那天才打折吗？,买家咨询是否可以打折,92
6063,23,我拍多了！退款重新拍行不行,买家表示要重拍,23
6064,22,你好 我上次购买的裤子的发票开好了吗,买家表示需要退货退款,22
6065,105,退换还得自己承担运费了,买家咨询退换货运费由谁承担,105
6066,104,不满意要退货的哦,买家咨询退换货规则,104
6067,43,地址改一下，变更为湖北省武汉市洪山区金地自在城K2 13栋2603  谷顺收18632169995,买家要求改商品信息,43
6068,22,亲，我要退货退款,买家表示需要退货退款,22
6069,40,贵一点的什么材质？,买家需要商品推荐,40
6070,58,是给快递员说到付吗？,买家咨询返现时间,58
6071,32,啊好喜欢这个的,买家对特定款式/颜色表达喜好,32
6072,6,明天给你寄过去,买家表示具体时间寄回去,6
6073,85,指纹版和普通版有什么区别？,买家咨询商品是否可以单买/单卖,85
6074,59,什么时候寄给我新的呀,买家咨询换货发货时间,59
6075,6,好的，那我今天退回去,买家表示具体时间寄回去,6
6076,60,双十二的价格就是现在的促销价吗？,买家咨询活动规则,60
6077,3,这个款式真的很绝了 一点都不喜欢,买家表示不想要了,3
6078,7,说了也不算，不发就退货吧,买家表示麻烦卖家，表达感谢,7
6079,104,码数怎么拍,买家咨询退换货规则,104
6080,60,为什么优惠不能用,买家咨询活动规则,60
6081,60,这条裤子是买三免一的吗,买家咨询活动规则,60
6082,32,我有一单绿色的裤子和黑色的裤子不要了,买家对特定款式/颜色表达喜好,32
6083,7,寄出了，请说一下，谢谢,买家表示麻烦卖家，表达感谢,7
6084,105,请问送东西吗,买家咨询退换货运费由谁承担,105
6085,36,买1发2？,买家反馈收到的商品有问题,36
6086,106,嗯。。。我不收韵达和百世快递的,买家咨询退换货支持快递,106
6087,41,今天买了啥时候能发货,买家要求补偿,41
6088,84,有刺鼻味道不,买家咨询商品是不是预售款,84
6089,116,呵呵明白了,买家咨询赠品是否可以自选,116
6090,79,里面多少片,买家咨询商品规格数量,79
6091,92,不是打五折码,买家咨询是否可以打折,92
6092,22,你好，换货的，发货了吗,买家表示需要退货退款,22
6093,82,这款厚绒和抓绒有什么区别嘛,买家咨询商品区别,82
6094,97,你们发什么快递的啊？,买家咨询是否可以指定快递,97
6095,43,oppo17的，别发错了哈,买家要求改商品信息,43
6096,62,我想买刚才那件赠这件可以吗,买家咨询买多件能否优惠,62
6097,109,退回的钱退到哪儿了,买家咨询退款去向,109
6098,83,我买的这款是预售款吗,买家咨询商品上新时间,83
6099,73,能不能帮我发韵达,买家咨询商家发货地,73
6100,28,没有啦  我再看看,买家表示再看看,28
6101,0,噢谢谢你！,买家抱怨商品涨价了,0
6102,19,这些衣服都买不了呢,买家表示无法下单,19
6103,1,诈骗啊,买家表达不满/生气,1
6104,53,什么时候到,买家咨询到货时间,53
6105,59,那个运费是什么时候退回来来的。。？,买家咨询换货发货时间,59
6106,89,质量和一件的质量一样的还是,买家咨询商品质量是否有保障,89
6107,67,之前在你家买过都是纸质的专票,买家咨询能否开发票及发票类型和寄送时间,67
6108,22,如果穿上小的话能退不能？,买家表示需要退货退款,22
6109,115,蓝色颜色正么,买家咨询赠品何时发货,115
6110,67,普票就行,买家咨询能否开发票及发票类型和寄送时间,67
6111,48,在吗，运费没有退吗,买家要求退运费,48
6112,45,我提交订单你帮看下？,买家要求核对订单信息,45
6113,40,没找到…,买家需要商品推荐,40
6114,1,真的是过分，这么久了还没有收到，我要生气了,买家表达不满/生气,1
6115,43,那请帮我改为S码,买家要求改商品信息,43
6116,49,亲，在吗，麻烦把收件人的姓名改成马莹,买家要求修改收件信息,49
6117,60,您好请问这款参与买四免二么,买家咨询活动规则,60
6118,97,那个五元的优惠券为什么不能使用呢,买家咨询是否可以指定快递,97
6119,23,你这多重,买家表示要重拍,23
6120,51,又没有延长收货,买家要求延长收货时间,51
6121,7,没事谢谢啦,买家表示麻烦卖家，表达感谢,7
6122,9,黑色毛衣拍错了，拍一件拍成了两件,买家表示拍错了,9
6123,111,可以帮忙查一下吗,买家咨询物流信息,111
6124,111,我没有收到啊？是不是快递没发？,买家咨询物流信息,111
6125,45,没洗没穿，吊牌还在,买家要求核对订单信息,45
6126,1,我都同意换了，你们还要我出运费，过分了吧,买家表达不满/生气,1
6127,49,地址错了可以改么,买家要求修改收件信息,49
6128,22,那我直接申请售后退货退款可以不,买家表示需要退货退款,22
6129,49,鞋没到，请问可以改下地址吗,买家要求修改收件信息,49
6130,65,亲，你们家可以定制马？8件,买家咨询能否定制,65
6131,54,这个预售的还有多久才能发货,买家咨询发货时间,54
6132,71,你店在九江哪里啊？,买家咨询如何领取优惠券,71
6133,98,你好，我五星好评了，现在来领红包,买家咨询是否有好评返现,98
6134,54,四天能收到吗,买家咨询发货时间,54
6135,78,包装太差了，基本都碎了,买家咨询商品的色差问题,78
6136,15,在你家买了多久衣服了,买家表示是老顾客,15
6137,58,早上不是和我说了，我下单给我返现,买家咨询返现时间,58
6138,99,亲有优惠点我就买了,买家咨询是否有活动,99
6139,111,我11号就寄给你们了,买家咨询物流信息,111
6140,38,这款衣服现在买能优惠吗,买家讨价还价,38
6141,77,全合金？半合金？,买家咨询商品的材质/面料,77
6142,46,可以快点发货嘛 /:^_^,买家要求取消退换货退款,46
6143,6,那运费怎么退给我嘞,买家表示具体时间寄回去,6
6144,65,可以帮忙补开电子发票吗,买家咨询能否定制,65
6145,111,我的面包到哪里啦,买家咨询物流信息,111
6146,90,一箱几斤呀,买家咨询商品重量,90
6147,112,帮我刻字@紫菡,买家咨询优惠券使用规则,112
6148,80,这边补多少运费,买家咨询商品价格,80
6149,46,就是这个睡衣我要收 不用退货了,买家要求取消退换货退款,46
6150,109,到时候再反钱吗,买家咨询退款去向,109
6151,104,号码不合适怎么调换,买家咨询退换货规则,104
6152,49,你好，我的地址弄错了,买家要求修改收件信息,49
6153,71,这件还有上新活动吗,买家咨询如何领取优惠券,71
6154,75,还能赠送点别的么,买家咨询商品包装,75
6155,111,共多少啊,买家咨询物流信息,111
6156,77,没辣条吗？,买家咨询商品的材质/面料,77
6157,60,我买的买一送一的衣服，怎么返钱,买家咨询活动规则,60
6158,82,这款两个价钱有啥区别,买家咨询商品区别,82
6159,89,你们就是这个服务态度？,买家咨询商品质量是否有保障,89
6160,46,我不换了，太麻烦了,买家要求取消退换货退款,46
6161,97,可以指定中通快递吗,买家咨询是否可以指定快递,97
6162,69,新疆也可以发货是吧,买家咨询偏远地区是否发货,69
6163,49,你发来退货地址,买家要求修改收件信息,49
6164,74,我买了四斤吧,买家咨询商家是否收到寄回的商品,74
6165,48,你好，运费没退回来呢,买家要求退运费,48
6166,9,西装拍错了，拍了2件,买家表示拍错了,9
6167,98,你好 请问有好评活动吗？,买家咨询是否有好评返现,98
6168,1,尺码太搞笑了,买家表达不满/生气,1
6169,38,可以指定发圆通吗，韵达不太方便拿,买家讨价还价,38
6170,72,拍整套怎么买,买家咨询如何下单,72
6171,105,寄回去垫付了快递费,买家咨询退换货运费由谁承担,105
6172,77,衣服是不是棉的,买家咨询商品的材质/面料,77
6173,65,麻烦帮手刻名字,买家咨询能否定制,65
6174,88,这个袜子颜色正嘛,买家咨询商品是什么颜色,88
6175,44,加入购物车了，怎么改价,买家要求改运费,44
6176,99,双十一的价格152,买家咨询是否有活动,99
6177,82,你家老款和新款有啥区别,买家咨询商品区别,82
6178,55,好的亲，内蒙发什么快递,买家咨询发什么快递,55
6179,46,怎么返钱？,买家要求取消退换货退款,46
6180,31,给新疆喀什发货吗,买家打招呼,31
6181,32,第二份5.9怎么买,买家对特定款式/颜色表达喜好,32
6182,82,哦对，床单和床笠啥区别,买家咨询商品区别,82
6183,47,要不你加我微信发给我吧,买家要求添加商家微信,47
6184,93,和你商量一下，你能不能把这件发顺丰，我补邮费差价,买家咨询是否可以发顺丰,93
6185,54,今天拍，明天可以发货？,买家咨询发货时间,54
6186,111,那物流怎么没有现实,买家咨询物流信息,111
6187,86,有送收纳箱的吧,买家咨询商品是否有赠品,86
6188,94,提交改价的吗？,买家咨询是否可以改价,94
6189,28,我看看别哒,买家表示再看看,28
6190,25,我知道，我前天拍的,买家表示已下单付款,25
6191,22,地址错了。已经申请退款了,买家表示需要退货退款,22
6192,43,我这次地址错了，能改吗？,买家要求改商品信息,43
6193,15,又来了，已经N次光顾你家了，,买家表示是老顾客,15
6194,89,林志威15875966726广东省佛山市里水镇沿江北三路[阅海工地四建保安室],买家咨询商品质量是否有保障,89
6195,60,第二件半价4.9吗,买家咨询活动规则,60
6196,36,快递来了箱子烂了，还都碎了,买家反馈收到的商品有问题,36
6197,90,这个多重,买家咨询商品重量,37
6198,46,怎么撤，我撤不了,买家要求取消退换货退款,46
6199,28,我先试试这个,买家表示再看看,28
6200,7,谢谢你，让您受累，给你添麻烦了！ /:)-(,买家表示麻烦卖家，表达感谢,7
6201,108,两件只退一件钱,买家咨询退款金额,108
6202,39,因为裤子太长了 /:018 不好意思啊,买家向商家表达不好意思,39
6203,49,那个我地址写错了，可不可以改一下呀,买家要求修改收件信息,49
6204,66,同一个地址,买家咨询能否分开/一起发货,66
6205,67,发票一起开了,买家咨询能否开发票及发票类型和寄送时间,65
6206,77,打气管是什么材质,买家咨询商品的材质/面料,77
6207,23,我看到有聚划算的活动，我退掉了重新拍,买家表示要重拍,23
6208,54,那下单两件，尽快明天发货,买家咨询发货时间,54
6209,98,5分好评有活动吗？,买家咨询是否有好评返现,98
6210,86,送啥吗,买家咨询商品是否有赠品,86
6211,78,你好2和8有啥区别,买家咨询商品的色差问题,78
6212,24,我前次货收到了,买家表示已经收到货了,24
6213,36,收到了 味道透了一天。味道还是好大,买家反馈收到的商品有问题,36
6214,26,那现在有啥优惠券没,买家表示优惠券无法使用,26
6215,65,可以定制吗尺寸,买家咨询能否定制,65
6216,9,选错码数了……,买家表示拍错了,9
6217,89,我又不像你们一样只会骗人,买家咨询商品质量是否有保障,89
6218,83,什么时候上新货啊？,买家咨询商品上新时间,83
6219,2,亲，，，我喜欢宽松一点的,买家表达赞美/满意,2
6220,22,麻烦能快点处理下退货申请吗？,买家表示需要退货退款,22
6221,83,薄款啥时候上新呀,买家咨询商品上新时间,83
6222,60,不是第二单半价,买家咨询活动规则,60
6223,78,是的，我就想知道。这个颜色正不正啊！,买家咨询商品的色差问题,78
6224,0,买三发五盒？,买家抱怨商品涨价了,0
6225,29,我这个现货麻烦早一点发可以吗 我星期四要用 谢谢,买家催促发货,29
6226,65,你好，请问你们多少起，可以定制logo？,买家咨询能否定制,65
6227,32,一定保证质量正品哈,买家对特定款式/颜色表达喜好,32
6228,15,我买了那个面包了,买家表示是老顾客,15
6229,20,唉！赶上双十一快递又会慢很多 /:018,买家表示物流太慢了,20
6230,4,这会地址对了,买家表示地址正确,4
6231,8,送碗吗??,买家表示马上下单付款,8
6232,98,有没有好评返现的活动,买家咨询是否有好评返现,98
6233,1,我真的好烦这些，我又得重新买，又要等你们退款,买家表达不满/生气,1
6234,92,要3价是不是还有折扣,买家咨询是否可以打折,92
6235,49,地址写错了，能截图给我看下款式吗,买家要求修改收件信息,49
6236,74,毛衣你收到了吗,买家咨询商家是否收到寄回的商品,74
6237,3,高领是家里多的不需要了谢谢,买家表示不想要了,3
6238,30,这里没有客服的？,买家催促回复,30
6239,73,你从哪里寄出的？,买家咨询商家发货地,73
6240,52,你好，这可以刻字是吧,买家咨询补货/上货时间,52
6241,60,我买的是两斤吧,买家咨询活动规则,60
6242,58,收到活还给返现,买家咨询返现时间,58
6243,29,麻烦快点好吗？,买家催促发货,29
6244,58,质量问题退货有免邮吗,买家咨询返现时间,58
6245,22,我之前买了两条，申请退货退错了,买家表示需要退货退款,22
6246,3,你家很失望,买家表示不想要了,3
6247,75,每个都单独包装吗,买家咨询商品包装,75
6248,71,有实体店吗,买家咨询如何领取优惠券,71
6249,71,那个退款什么时候才能到账,买家咨询如何领取优惠券,71
6250,84,苹果XR别发错了,买家咨询商品是不是预售款,84
6251,65,亲 你们这个尺寸可以定做嘛,买家咨询能否定制,65
6252,97,如果可以就寄邮政,买家咨询是否可以指定快递,97
6253,90,拍五份有多少克？,买家咨询商品重量,90
6254,78,还有点气味,买家咨询商品的色差问题,78
6255,65,能定制吗,买家咨询能否定制,65
6256,32,我想要黄色,买家对特定款式/颜色表达喜好,32
6257,52,双11下的单现在还没揽收是不是太过分了,买家咨询补货/上货时间,52
6258,73,邮送地址是铁岭市那个,买家咨询商家发货地,73
6259,24,货票都收到了哈,买家表示已经收到货了,24
6260,106,改圆通多少钱,买家咨询退换货支持快递,106
6261,114,运费险怎么不退,买家咨询运费险赔付规则,114
6262,2,鞋子太硬了，穿着一点都不满意,买家表达赞美/满意,2
6263,1,过分了哈哈哈哈哈,买家表达不满/生气,1
6264,60,买一送一。是送一样的一瓶吗？,买家咨询活动规则,60
6265,97,可以指定发邮政快递是吗,买家咨询是否可以指定快递,97
6266,98,你好，五星好评有活动吗,买家咨询是否有好评返现,98
6267,31,你好你好。,买家打招呼,31
6268,23,退了重拍？,买家表示要重拍,23
6269,48,优惠券不能用了,买家要求退运费,48
6270,102,你家有发票么？,买家咨询是否有味道,102
6271,82,这个这个跟我买的那个不是一样吗？,买家咨询商品区别,82
6272,101,你看看都是老顾客了,买家咨询是否有实体店,101
6273,60,你们好会做生意啊，买一送一，其实你这外套价格高，送的还需要购买，然后返给我们，你们不亏，还帮你们两件商品刷了销量,买家咨询活动规则,60
6274,60,你们家不参加双11满减吗,买家咨询活动规则,60
6275,42,我退的裤子收到了没,买家要求发货检查,42
6276,83,是十一号零点上新么？,买家咨询商品上新时间,83
6277,31,老板。在吗！？,买家打招呼,31
6278,89,质量保证吗,买家咨询商品质量是否有保障,90
6279,67,发票是到邮箱了吗？,买家咨询能否开发票及发票类型和寄送时间,67
6280,60,亲，我现在提交的订单这两条裤子是买一送一的款吗？,买家咨询活动规则,60
6281,1,好的！谢谢您！实在抱歉！有合适的我在从您家买,买家表达不满/生气,1
6282,16,我不是让你改地址吗,买家表示收件信息不需要修改了,16
6283,110,差价我也没收到呢,买家咨询退款时间,110
6284,58,现在拍明天发顺丰吗,买家咨询返现时间,58
6285,62,没有开过最低的价格吗,买家咨询买多件能否优惠,62
6286,49,我说这个衣服你们帮我寄到临沧那边去了，我改地址你们没弄。这个衣服我给你们发过来，还是你们怎么弄给我呢,买家要求修改收件信息,49
6287,77,那能用的住的是什么材质,买家咨询商品的材质/面料,77
6288,77,这个坐垫是什么材质？,买家咨询商品的材质/面料,77
6289,4,收货地址对的,买家表示地址正确,4
6290,10,/:018 [忧伤,买家表示伤心难过,10
6291,73,现在买啥时候可以发货？？,买家咨询商家发货地,73
6292,29,那我没返现！,买家催促发货,29
6293,6,那这个能参与吗,买家表示具体时间寄回去,6
6294,30,给我多送一袋,买家催促回复,30
6295,82,这布料都是一样的吗,买家咨询商品区别,82
6296,1,周五能回来吗？明天就周四了？醉了！,买家表达不满/生气,1
6297,59,你那边还没同意换货申请,买家咨询换货发货时间,59
6298,22,我是现在申请退款吗？,买家表示需要退货退款,22
6299,16,你重新给我发的这个货改一下地址,买家表示收件信息不需要修改了,16
6300,60,39.9元买一箱送一箱是吗,买家咨询活动规则,60
6301,3,以上，净重不是4斤？,买家表示不想要了,3
6302,1,衣服回来的也太让人失望了,买家表达不满/生气,1
6303,40,一斤装的没有了？,买家需要商品推荐,40
6304,3,我那件大衣如果不想要了,买家表示不想要了,3
6305,111,亲，麻烦你再帮我查一下快递吧！,买家咨询物流信息,111
6306,77,你好，山地车后尾架是什么材质？,买家咨询商品的材质/面料,77
6307,97,中通就可以 /:(OK),买家咨询是否可以指定快递,97
6308,29,麻烦早点发货小孩等穿，谢谢。,买家催促发货,29
6309,60,这个买一送一什么意思,买家咨询活动规则,58
6310,0,现在买能否便宜,买家抱怨商品涨价了,0
6311,60,这款 专区的买一送一只针对专区吗？,买家咨询活动规则,60
6312,31,您好  在不,买家打招呼,31
6313,66,明天再给你发一次吧,买家咨询能否分开/一起发货,66
6314,23,或者退款我重新买,买家表示要重拍,23
6315,78,我买这个毛衣是不是发错颜色了,买家咨询商品的色差问题,78
6316,54,大概什么时候会发货哦,买家咨询发货时间,54
6317,38,老子不要了,买家讨价还价,38
6318,87,谢谢啦，小仙女姐姐,买家咨询商品是否有质保，质保多久,87
6319,0,我都保存好几天了今天去买了你们涨价了,买家抱怨商品涨价了,0
6320,113,大概运费需要多少,买家咨询运费金额,113
6321,23,可以退款，然后我重新拍嘛嗯嗯,买家表示要重拍,23
6322,74,衣服收到了呢？,买家咨询商家是否收到寄回的商品,74
6323,102,化妆包会不会很大胶味,买家咨询是否有味道,102
6324,44,亲付了哈,买家要求改运费,44
6325,0,怎么涨价这么多,买家抱怨商品涨价了,0
6326,57,L的试试吧。,买家咨询返现金额,57
6327,29,查到了么？又一天了，还是没有更新物流信息，已经发出来了么？,买家催促发货,29
6328,79,您好，这个一份多少克呀,买家咨询商品规格数量,79
6329,93,可以今天发货或发顺丰我自费吗,买家咨询是否可以发顺丰,93
6330,78,这个没有绿色颜色正吗,买家咨询商品的色差问题,78
6331,82,车仔面跟乌冬面一样吗,买家咨询商品区别,82
6332,76,没有运费险，不合适了，您退运费险吗?,买家咨询商品产地,76
6333,49,修改一下收货地址呢,买家要求修改收件信息,49
6334,12,记得给开票哈,买家表示商家发错货了,12
6335,81,尺寸,买家咨询商品具体尺码尺寸,81
6336,114,一袋几片,买家咨询运费险赔付规则,114
6337,49,地址错了,买家要求修改收件信息,17
6338,88,燕麦色是属于什么颜色？,买家咨询商品是什么颜色,88
6339,67,你们的发票还能开吗,买家咨询能否开发票及发票类型和寄送时间,67
6340,31,小姐姐，早上好，在嘛 /:087,买家打招呼,31
6341,111,27号到现在都没动是怎么回事？,买家咨询物流信息,111
6342,0,用过很好，不过怎么涨价了又,买家抱怨商品涨价了,0
6343,93,您好，新下了一单，发顺丰吧,买家咨询是否可以发顺丰,93
6344,92,亲亲改下邮费,买家咨询是否可以打折,92
6345,71,给个十块优惠卷,买家咨询如何领取优惠券,71
6346,95,二尺四的多久有货,买家咨询是否可以拒收,95
6347,60,这两件是买一送一么,买家咨询活动规则,60
6348,48,怎么返运费你,买家要求退运费,48
6349,81,尺寸多大,买家咨询商品具体尺码尺寸,81
6350,97,亲，可以指定发圆通快递不？,买家咨询是否可以指定快递,97
6351,5,好的，会给五星好评的 /:^_^,买家表示好的,5
6352,104,要换的裤子今天寄过去,买家咨询退换货规则,104
6353,40,好，链接发给我,买家需要商品推荐,40
6354,16,你好，下的单地址错了可以改嘛,买家表示收件信息不需要修改了,16
6355,60,19的这个和29的有区别吗,买家咨询活动规则,60
6356,12,是不是发错小号的了,买家表示商家发错货了,12
6357,110,今天能不能到账,买家咨询退款时间,110
6358,117,西瓜红什么颜色？,买家咨询自己的旺旺昵称,117
6359,69,不是一点气味，是太浓了,买家咨询偏远地区是否发货,69
6360,5,好的，大概知道了,买家表示好的,5
6361,73,这个从哪里发货？,买家咨询商家发货地,73
6362,90,具体一包几克,买家咨询商品重量,90
6363,77,给我一个定做的图我协尺寸。,买家咨询商品的材质/面料,77
6364,99,现在购买有优惠券是吗,买家咨询是否有活动,99
6365,22,我买的宝贝太大了，申请退货,买家表示需要退货退款,22
6366,28,等我打开看看,买家表示再看看,28
6367,13,我已经退回去了给您,买家表示商品已经寄回去了,13
6368,98,好，评，返，现，吗？,买家咨询是否有好评返现,98
6369,49,你好！我看货还没发，可以改地址吗,买家要求修改收件信息,49
6370,24,已经收到了，亲,买家表示已经收到货了,24
6371,53,顺丰 明天可以到吗？,买家咨询到货时间,53
6372,64,我退回的运费呢,买家咨询能否到付,64
6373,60,我要买两斤送一斤的量,买家咨询活动规则,60
6374,90,亲这个新疆发货吗,买家咨询商品重量,90
6375,25,你让我退的又不能买了,买家表示已下单付款,25
6376,25,在你家买了好多衣服了。,买家表示已下单付款,25
6377,38,最低价是多少钱,买家讨价还价,38
6378,77,卡扣是什么材质的,买家咨询商品的材质/面料,77
6379,36,我三箱面包凹下去了，怎么送人,买家反馈收到的商品有问题,36
6380,75,拍了就送收纳盒吗,买家咨询商品包装,75
6381,89,然后改地址,买家咨询商品质量是否有保障,89
6382,93,然后之前退回去的都退款成功了,买家咨询是否可以发顺丰,93
6383,23,尺码我要换过重 拍,买家表示要重拍,23
6384,43,帮我把地址改一下好么,买家要求改商品信息,43
6385,16,稍等哈 小红包准备好,买家表示收件信息不需要修改了,16
6386,82,那个五元的优惠券怎么用呀,买家咨询商品区别,82
6387,60,怎么拍两份第二件不是半价呢？,买家咨询活动规则,60
6388,104,我直接寄回去就好吗,买家咨询退换货规则,104
6389,58,怎么的反钱啊,买家咨询返现时间,58
6390,60,拍两份9.9的实发多少个,买家咨询活动规则,60
6391,78,你这个衣服色差太大了吧？,买家咨询商品的色差问题,78
6392,83,支付宝13870103358，姓名刘,买家咨询商品上新时间,83
6393,105,聚换算一个包邮吗,买家咨询退换货运费由谁承担,105
6394,51,能否延长一下时间啊,买家要求延长收货时间,51
6395,99,请问三件75折包邮的活动还有吗,买家咨询是否有活动,99
6396,97,这些可以叠加嘛？,买家咨询是否可以指定快递,97
6397,15,你好亲亲。,买家表示是老顾客,15
6398,102,有香味选择吗？,买家咨询是否有味道,102
6399,89,保证质量哟！,买家咨询商品质量是否有保障,89
6400,3,现在这款衣服付不了款,买家表示不想要了,3
6401,111,所以是红包呢还是支付宝,买家咨询物流信息,111
6402,111,亲，花晒到哪里了,买家咨询物流信息,111
6403,61,换货，单号，谢谢,买家咨询快递单号,61
6404,77,这个白色是乳白色吧,买家咨询商品的材质/面料,77
6405,49,改送货地址,买家要求修改收件信息,49
6406,29,我买的浴巾帽怎么还没有给我发货呢,买家催促发货,29
6407,71,淘米水洗发水优惠券,买家咨询如何领取优惠券,71
6408,60,买两袋，送一袋吗,买家咨询活动规则,60
6409,79,花瓣有多少片,买家咨询商品规格数量,79
6410,97,不要要有邮政的,买家咨询是否可以指定快递,97
6411,94,香芋是一千克的吗,买家咨询是否可以改价,94
6412,93,四川发邮政吗？？,买家咨询是否可以发顺丰,93
6413,90,多少斤哟,买家咨询商品重量,90
6414,23,亲  我想重新拍过大码的,买家表示要重拍,23
6415,97,直播间说可以发邮政啊,买家咨询是否可以指定快递,97
6416,108,上次说收到货退还18元呢？,买家咨询退款金额,108
6417,20,抓紧退,买家表示物流太慢了,20
6418,60,有个满99减5元怎么没减,买家咨询活动规则,60
6419,46,那我拒收好了，麻烦了,买家要求取消退换货退款,46
6420,110,退的款还没收到,买家咨询退款时间,110
6421,97,可以指定发邮政吗，其他快递不方便,买家咨询是否可以指定快递,97
6422,88,亲你这个裤子是什么颜色的,买家咨询商品是什么颜色,88
6423,55,那就收到货退我30嘛,买家咨询发什么快递,55
6424,13,好的，明天寄了就发给你,买家表示商品已经寄回去了,13
6425,41,我买是送人的,买家要求补偿,41
6426,110,免单的裤子已付款,买家咨询退款时间,110
6427,72,亲，如果现在下单拍两件可以优惠一点点吗？??,买家咨询如何下单,72
6428,28,好的，我看一下,买家表示再看看,28
6429,82,样式明显不一样,买家咨询商品区别,82
6430,60,一件9.9第二件半价，第三件1元，   买三件应该是15.8，我付款的时候怎么是20.8呢,买家咨询活动规则,60
6431,105,我想定制一个高160宽95的,买家咨询退换货运费由谁承担,105
6432,74,收货了就能返了对吧？,买家咨询商家是否收到寄回的商品,74
6433,97,可以指定发圆通快递？,买家咨询是否可以指定快递,97
6434,49,现在地址需要改一下,买家要求修改收件信息,49
6435,65,可以订么,买家咨询能否定制,65
6436,105,我当时拿去我就跟他说，破了，拒收,买家咨询退换货运费由谁承担,105
6437,28,确认好了我们会安排人员下单，谢谢你,买家表示再看看,28
6438,99,没有买二送三了嘛…,买家咨询是否有活动,99
6439,7,嗯呐，谢谢~,买家表示麻烦卖家，表达感谢,7
6440,60,买一送二,买家咨询活动规则,86
6441,99,再便宜三块钱,买家咨询是否有活动,99
6442,7,你好？？拍到现在72小时了还没发货？？？,买家表示麻烦卖家，表达感谢,7
6443,92,双十一的活动多久返现呢,买家咨询是否可以打折,92
6444,111,你好，请问为什么我的快递信息一直没更新,买家咨询物流信息,111
6445,38,就直接少十元可以不,买家讨价还价,38
6446,54,试吃是几个,买家咨询发货时间,54
6447,1,在我真的醉了,买家表达不满/生气,1
6448,67,不行，我要收据呢,买家咨询能否开发票及发票类型和寄送时间,67
6449,22,东西已经退过来了，怎么还没退款,买家表示需要退货退款,22
6450,97,好的，不是发邮政快递就行,买家咨询是否可以指定快递,97
6451,70,那我这个地区需要补多少,买家咨询如何加入会员,70
6452,76,我不退也不换,买家咨询商品产地,76
6453,42,你好，这边显示已经到了，收到了吗,买家要求发货检查,42
6454,66,害 买了这么多条 先给我发一条穿穿呗,买家咨询能否分开/一起发货,66
6455,19,可以修改地址和电话号码还有姓名吗,买家表示无法下单,19
6456,104,样子，还可以……但是吊牌还没有碰就掉下来了,买家咨询退换货规则,104
6457,105,邮费自己出也不可以吗,买家咨询退换货运费由谁承担,105
6458,90,你好 我的地址写错了 快递那边需要你们发信息才行,买家咨询商品重量,90
6459,90,多少克一盒？,买家咨询商品重量,90
6460,40,收到，明天寄回，麻烦了,买家需要商品推荐,40
6461,38,进群能优惠10元吧？,买家讨价还价,38
6462,114,那运费险是什么时候退呢,买家咨询运费险赔付规则,114
6463,20,收货人: 王金燕手机号码: 13679343899所在地区: 甘肃省庆阳市环县环城镇详细地址: 环县。,买家表示物流太慢了,20
6464,93,要发顺丰今天发,买家咨询是否可以发顺丰,93
6465,86,这个还送围巾？,买家咨询商品是否有赠品,86
6466,105,最大号多大如果不能穿退货你们包邮吗,买家咨询退换货运费由谁承担,105
6467,19,能不能尽量快点,买家表示无法下单,19
6468,105,寄回运费谁出？,买家咨询退换货运费由谁承担,105
6469,117,好的，买两盒送一盒是吗？,买家咨询自己的旺旺昵称,117
6470,22,到哪里备注，我己经申请退款退货。,买家表示需要退货退款,22
6471,67,你好，发票还是没收到呢,买家咨询能否开发票及发票类型和寄送时间,67
6472,73,看定位是从杭州发货的,买家咨询商家发货地,28
6473,96,就是多的3快能返支付宝或者微信不,买家咨询是否可以微信支付,96
6474,75,我买的多，不能外面拿个大箱子装吗？,买家咨询商品包装,75
6475,51,你帮我延期啊，两天就确认收货了,买家要求延长收货时间,51
6476,3,麻烦亲先不给我发货，我不要了,买家表示不想要了,3
6477,79,亲。发3斤6袋吗？,买家咨询商品规格数量,79
6478,95,我的地址没选对,买家咨询是否可以拒收,95
6479,117,你们什么情况啊，昨天就问了也没人回一下,买家咨询自己的旺旺昵称,117
6480,46,还能取消吗,买家要求取消退换货退款,46
6481,8,我退回来的裤子你们收到了吗,买家表示马上下单付款,8
6482,113,这位客服在欺骗消费者？,买家咨询运费金额,113
6483,81,208g,买家咨询商品具体尺码尺寸,81
6484,23,那个   那我这个  就退了吧  然后 我重新拍一个,买家表示要重拍,23
6485,99,你好，这个衣服我参加的满减活动的，但是不小心多拍了一件，,买家咨询是否有活动,99
6486,38,亲，再给便宜点吧，239吧,买家讨价还价,38
6487,20,要求退换货，运费谁出,买家表示物流太慢了,20
6488,80,一般一份是几包,买家咨询商品价格,80
6489,10,亲爱的消费者，淘宝嘉年华(11月11日)当天商家订单量剧增，为了商家在此期间有序高效地为消费者服务，在商家未发货的情况下，您享受的仅退款服务将从11月12日0时开启。节后退换货商家响应效率会更高更顺畅。非常感谢您对商家和淘宝的理解与支持。,买家表示伤心难过,10
6490,98,亲是不是有好评活动,买家咨询是否有好评返现,98
6491,91,亲，能晚点发货吗,买家咨询什么颜色好看,91
6492,109,是两件收货才能返钱吗？,买家咨询退款去向,109
6493,31,尺码要是不合适可以退换吗,买家打招呼,31
6494,73,请问！是从杭州发出的吗！,买家咨询商家发货地,73
6495,46,那好吧 不退啦,买家要求取消退换货退款,46
6496,105,咱家退换货免邮费吗,买家咨询退换货运费由谁承担,105
6497,15,你家衣服我基本都是穿s的 /:809 经常在你家买,买家表示是老顾客,15
6498,81,能定做那,买家咨询商品具体尺码尺寸,81
6499,37,不合适，退包邮,买家确认地址是否修改成功,37
6500,3,不了  版型不是很喜欢,买家表示不想要了,3
6501,100,嗯，我们小了，麻烦发一下退货地址，谢谢,买家咨询是否有买家秀,100
6502,106,蛋黄酥怎么下单的,买家咨询退换货支持快递,106
6503,3,算了算了，我不要了,买家表示不想要了,3
6504,7,好谢谢哈,买家表示麻烦卖家，表达感谢,7
6505,53,你好买3发5是吗,买家咨询到货时间,53
6506,48,请问我换货了  邮寄费怎么退给我呢,买家要求退运费,48
6507,104,你好，请问这款配送有礼盒包装吗,买家咨询退换货规则,104
6508,99,明天买我看了有优惠,买家咨询是否有活动,99
6509,60,双十一啥活动哦？,买家咨询活动规则,60
6510,53,几天到,买家咨询到货时间,53
6511,60,我想问一下之前活动买一送一的衣服到了 怎么退款,买家咨询活动规则,60
6512,99,9月9号优惠1块？,买家咨询是否有活动,99
6513,97,麻烦帮我备注一下韵达哦,买家咨询是否可以指定快递,97
6514,54,那我今天下单的什么时候能发货呀？,买家咨询发货时间,54
6515,9,哦哦 那我拍错了,买家表示拍错了,9
6516,9,好，老顾客哦,买家表示拍错了,9
6517,42,有没有混装,买家要求发货检查,42
6518,100,买家秀没有吗,买家咨询是否有买家秀,100
6519,71,请问衣服有优惠吧,买家咨询如何领取优惠券,71
6520,62,明天双十二了，我一个人买两件还能优惠一点吗？,买家咨询买多件能否优惠,62
6521,36,我之前在你们家买的这个肥皂盒那个粘钩丢了，可以单独买吗？,买家反馈收到的商品有问题,36
6522,98,好评有红包返吗。我看别家都是26.8 你们29.9,买家咨询是否有好评返现,98
6523,94,亲，这个是自动改价格吗,买家咨询是否可以改价,94
6524,45,那你在发一下单号,买家要求核对订单信息,45
6525,1,他妈的业务员,买家表达不满/生气,1
6526,82,你看我截图的两个套餐。有什么区别？,买家咨询商品区别,82
6527,105,啥时候退费到账？,买家咨询退换货运费由谁承担,105
6528,52,这打底以后补货吗？,买家咨询补货/上货时间,52
6529,92,那我明天下午购买有折扣吗,买家咨询是否可以打折,92
6530,65,不是可以定做尺寸哒,买家咨询能否定制,65
6531,16,地址错了怎么办？,买家表示收件信息不需要修改了,16
6532,65,这款杯子可以刻字的是吧,买家咨询能否定制,65
6533,0,怎么还涨价了呢,买家抱怨商品涨价了,0
6534,50,晚点发货可以,买家要求延迟发货,50
6535,48,你好，不退运费吗？,买家要求退运费,48
6536,67,要两个的话能开发票吗？,买家咨询能否开发票及发票类型和寄送时间,67
6537,31,在的在的,买家打招呼,31
6538,104,我申请退货退款邮费谁出,买家咨询退换货规则,104
6539,82,加绒和厚绒有什么区别呢,买家咨询商品区别,82
6540,103,都不要了，退了给个退货地址,买家咨询退换货地址,103
6541,55,质量问题怎么办？发什么快递？,买家咨询发什么快递,55
6542,42,不是买500克送五百克嘛,买家要求发货检查,42
6543,77,现在有什么优惠吗！,买家咨询商品的材质/面料,77
6544,75,不能多送一个无痕胶么？,买家咨询商品包装,75
6545,88,没问题我就拍了，速度回复,买家咨询商品是什么颜色,88
6546,105,我到时候还要自己再寄给她，自己再花运费,买家咨询退换货运费由谁承担,105
6547,78,紫色颜色正,买家咨询商品的色差问题,78
6548,47,有哪些不同？,买家要求添加商家微信,47
6549,82,这个和L有啥区别,买家咨询商品区别,82
6550,46,我取消退货单，不退了，别人要了,买家要求取消退换货退款,46
6551,110,你好，衣服收到没，,买家咨询退款时间,110
6552,89,这是我买第二条裤。质量保证??,买家咨询商品质量是否有保障,89
6553,3,还是说我这边确认收货了才能反钱？,买家表示不想要了,3
6554,43,不好意思，我准备寄回老家的，地址弄错了，可以改吗,买家要求改商品信息,43
6555,50,我是说不大的话，我先买，不然双11快递很慢,买家要求延迟发货,50
6556,65,给我刻字，张恒瑞专属,买家咨询能否定制,65
6557,94,甘肃不发邮政？ 亲,买家咨询是否可以改价,94
6558,87,亲   我要的是m码  为什么给发成s码的？？？,买家咨询商品是否有质保，质保多久,87
6559,47,亲亲这两款什么区别呀,买家要求添加商家微信,47
6560,115,亲 这个买一送一是怎么样的,买家咨询赠品何时发货,115
6561,65,大小都要，再印字上去,买家咨询能否定制,65
6562,38,就优惠5元/:018,买家讨价还价,38
6563,60,买一件发两件？,买家咨询活动规则,60
6564,1,满10减2的怎么没有,买家表达不满/生气,1
6565,15,是你家老客喽,买家表示是老顾客,15
6566,53,可以。顺丰后天会到吗？,买家咨询到货时间,53
6567,10,/:Q /:Q /:Q 就是有点伤心遗憾了,买家表示伤心难过,10
6568,99,这俩都是可以发货的吧,买家咨询是否有活动,99
6569,60,你那个88什么意思，折扣？,买家咨询活动规则,60
6570,105,退换的邮费是自己出吗还是？,买家咨询退换货运费由谁承担,105
6571,104,如果大小不对可以退换吗,买家咨询退换货规则,104
6572,91,白色好，还是米色,买家咨询什么颜色好看,91
6573,65,发现发错码了,买家咨询能否定制,65
6574,79,也没有满100减20啊,买家咨询商品规格数量,79
6575,26,你好尼龙脚跟钢制脚啥区别,买家表示优惠券无法使用,26
6576,23,那我退掉，重新拍可以不,买家表示要重拍,23
6577,4,帮忙催一下快递吗,买家表示地址正确,4
6578,113,所以明天这些产品将打折20元，对吗？,买家咨询运费金额,113
6579,1,请尽快发货，保证质量哦，谢谢！,买家表达不满/生气,1
6580,110,别说那没用的就问你能不能退就完了,买家咨询退款时间,110
6581,13,衣服已退回来了,买家表示商品已经寄回去了,13
6582,111,收到的时候，碎末末太多,买家咨询物流信息,111
6583,60,这个第二份半价是多久就没有了,买家咨询活动规则,60
6584,108,好的，退到哪里？,买家咨询退款金额,108
6585,116,赠品二选一？,买家咨询赠品是否可以自选,116
6586,111,您好，可以帮忙问下快递吗,买家咨询物流信息,111
6587,43,请问现在可以改收货地址吗,买家要求改商品信息,43
6588,31,什么时候到账,买家打招呼,31
6589,65,你家有定做么？,买家咨询能否定制,65
6590,80,第二份4、5元吗,买家咨询商品价格,80
6591,9,不好意思，拍错码了，应该要M码，拍了s,买家表示拍错了,9
6592,12,这是发错了？,买家表示商家发错货了,12
6593,55,好的，我发的是韵达快递,买家咨询发什么快递,55
6594,103,双十一会有优惠嘛,买家咨询退换货地址,103
6595,16,嗯好滴,买家表示收件信息不需要修改了,16
6596,4,今天买，可以双12价格吗？,买家表示地址正确,4
6597,93,今天能发顺风吗？,买家咨询是否可以发顺丰,93
6598,93,能发顺顺丰快递吗丰,买家咨询是否可以发顺丰,93
6599,47,加个微信好友呗,买家要求添加商家微信,47
6600,79,肉松饼一箱多少个,买家咨询商品规格数量,79
6601,103,地址呢，发我,买家咨询退换货地址,103
6602,22,现在申请退款，重新拍单的,买家表示需要退货退款,22
6603,46,毛线衣不退,买家要求取消退换货退款,46
6604,82,看着一样。有区别吗？,买家咨询商品区别,82
6605,110,那件毛衣是确认收货后返给我59吧,买家咨询退款时间,110
6606,54,杏色多久补货也 /:065,买家咨询发货时间,54
6607,52,什么时候能补,买家咨询补货/上货时间,52
6608,19,退款码买错了,买家表示无法下单,19
6609,22,尺码不合适  退货,买家表示需要退货退款,22
6610,60,请问这个参与双十一满减吗,买家咨询活动规则,60
6611,67,专票可以开嘛？,买家咨询能否开发票及发票类型和寄送时间,67
6612,53,1号能到么,买家咨询到货时间,53
6613,93,你好，明天可以发顺丰吗,买家咨询是否可以发顺丰,93
6614,106,亲还是发中通吧,买家咨询退换货支持快递,106
6615,71,5斤是净重吗？,买家咨询如何领取优惠券,71
6616,65,东西收到了吧,买家咨询能否定制,65
6617,6,那个暖蛋，能送两个么,买家表示具体时间寄回去,6
6618,86,买一湘也送收纳箱吗？,买家咨询商品是否有赠品,86
6619,97,为什么要发邮政 /:018 /:018,买家咨询是否可以指定快递,97
6620,90,一次多重,买家咨询商品重量,90
6621,52,什么时候能发呢,买家咨询补货/上货时间,52
6622,13,里料不是皮的呀？,买家表示商品已经寄回去了,13
6623,90,天天啊,买家咨询商品重量,90
6624,10,那我下午刚申请退款的怎么取消呢？,买家表示伤心难过,10
6625,104,刚刚试了一下，当然没有洗，吊牌也在,买家咨询退换货规则,104
6626,91,个人比较喜欢短一点的,买家咨询什么颜色好看,91
6627,86,送碗不,买家咨询商品是否有赠品,86
6628,79,9.9总共有多少个？,买家咨询商品规格数量,79
6629,110,你好，收到中奖裤子了,买家咨询退款时间,110
6630,28,我慢慢看看,买家表示再看看,28
6631,6,您好  亲,买家表示具体时间寄回去,6
6632,77,拉杆什么材质？质量厚实吗？,买家咨询商品的材质/面料,77
6633,49,就改地址吧,买家要求修改收件信息,49
6634,57,男鞋收到了,买家咨询返现金额,57
6635,50,不是应该第二天就发的,买家要求延迟发货,50
6636,67,都是可以开发票的吧？,买家咨询能否开发票及发票类型和寄送时间,67
6637,67,专票就是增值税发票,买家咨询能否开发票及发票类型和寄送时间,67
6638,21,肉松饼收到了 外包装都碎了,买家表示先买来试试,21
6639,47,vx怎么加,买家要求添加商家微信,47
6640,90,换货的给我发出了么,买家咨询商品重量,90
6641,7,好的 感谢 辛苦了,买家表示麻烦卖家，表达感谢,7
6642,96,五元无门槛券和签到十元无门槛券可以叠加吗！！,买家咨询是否可以微信支付,96
6643,42,这个我想买红色的，,买家要求发货检查,42
6644,53,我换货的商品收到了吗,买家咨询到货时间,53
6645,98,不是说好评返现那,买家咨询是否有好评返现,98
6646,21,可以试一试我们哈,买家表示先买来试试,21
6647,43,想改一下颜色,买家要求改商品信息,43
6648,79,拍下一份是多少个,买家咨询商品规格数量,79
6649,1,所以？您不觉得你刚才回答的话很搞笑吗？我只是随口问问，也并没有反驳你们说不同意退9.8？？？所以你的回话什么意思？,买家表达不满/生气,1
6650,65,能定制印刷,买家咨询能否定制,65
6651,106,中通不方便收,买家咨询退换货支持快递,106
6652,7,谢谢谢！！谢谢！！,买家表示麻烦卖家，表达感谢,7
6653,26,之前不是有无门槛优惠券吗,买家表示优惠券无法使用,26
6654,4,这次能送个勺子吗？,买家表示地址正确,4
6655,98,嗯 满意,买家咨询是否有好评返现,98
6656,49,地址发错了，你帮我修改一下这个地址，谢谢！,买家要求修改收件信息,49
6657,90,我以为净重是5斤呢,买家咨询商品重量,90
6658,86,我可不可以这个申请退货 我再重新拍一个,买家咨询商品是否有赠品,86
6659,25,实物与图片一样吗？有偏差吗,买家表示已下单付款,25
6660,67,亲、能否给我改个地址,买家咨询能否开发票及发票类型和寄送时间,67
6661,38,能优惠点么老顾客了,买家讨价还价,38
6662,95,那给我转支付宝吧,买家咨询是否可以拒收,95
6663,66,退货地址发给我下,买家咨询能否分开/一起发货,66
6664,93,我不退了  但是撤销不了,买家咨询是否可以发顺丰,93
6665,115,你图片和食物有色差吗,买家咨询赠品何时发货,115
6666,38,东西气味太大了,买家讨价还价,38
6667,19,你帮我看看怎么拍不了呢？,买家表示无法下单,19
6668,37,您家店满999减50的券在哪,买家确认地址是否修改成功,37
6669,60,双十一您家店里可以使用购物津贴吗？,买家咨询活动规则,60
6670,54,亲，什么时候可以发货啊,买家咨询发货时间,54
6671,60,我现在拍啦，但是刚才没有88减5了,买家咨询活动规则,60
6672,44,我拍下你改下运费,买家要求改运费,44
6673,60,亲，这个怎么买一送一啊,买家咨询活动规则,60
6674,86,买一个就送收纳盒么,买家咨询商品是否有赠品,86
6675,105,要是 L码大了要换 也是我出运费？,买家咨询退换货运费由谁承担,105
6676,92,胭脂扣今天有五折活动吗？,买家咨询是否可以打折,92
6677,97,陕西发中通不 /:^_^,买家咨询是否可以指定快递,97
6678,9,喜欢那个颜色想要双面绒的,买家表示拍错了,9
6679,74,你打我支付宝吗,买家咨询商家是否收到寄回的商品,74
6680,14,喜欢休闲,买家表示稍等,14
6681,27,没明白，,买家表示有疑问/不理解,27
6682,7,好哒 谢谢你的耐心解答,买家表示麻烦卖家，表达感谢,7
6683,49,想要重新改,买家要求修改收件信息,49
6684,38,新款现在是多少钱？,买家讨价还价,38
6685,97,没什么。就是不要发申通就好,买家咨询是否可以指定快递,97
6686,55,好的，百世行吗,买家咨询发什么快递,55
6687,24,快递到了的,买家表示已经收到货了,24
6688,111,不然我不知道邮到哪,买家咨询物流信息,111
6689,55,那可以多送一组吗？谢谢,买家咨询发什么快递,55
6690,105,运费全部承担嘛,买家咨询退换货运费由谁承担,105
6691,62,能再优惠五元吗？因为我忘了一起下单,买家咨询买多件能否优惠,62
6692,86,有什么优惠吗？有礼品赠送吗？,买家咨询商品是否有赠品,86
6693,1,我这才买了几天啊就降了20太过分了吧。。,买家表达不满/生气,1
6694,111,老板在吗/:066,买家咨询物流信息,111
6695,29,咱们是用什么快递发货呢,买家催促发货,29
6696,2,邮费要多少？,买家表达赞美/满意,2
6697,14,好的。稍等,买家表示稍等,14
6698,1,这毛衣有花边，穿起来会很不满意,买家表达不满/生气,1
6699,23,亲爱的 我刚才领了一个优惠券 所以想退了重新拍一下,买家表示要重拍,23
6700,10,再不发货我要哭了,买家表示伤心难过,10
6701,99,问题是贵呀,买家咨询是否有活动,99
6702,76,产地是哪里的,买家咨询商品产地,76
6703,82,10双和20双的有什么区别,买家咨询商品区别,82
6704,99,那个跨店满减,买家咨询是否有活动,99
6705,4,老板  你发的退货地址 和申请退货的地址不一样啊,买家表示地址正确,4
6706,21,那我买来试下吧,买家表示先买来试试,21
6707,14,那你等等,买家表示稍等,14
6708,79,五斤几包？,买家咨询商品规格数量,79
6709,85,有3件是预售的，一件不是预售的,买家咨询商品是否可以单买/单卖,85
6710,1,不觉得很过分么？,买家表达不满/生气,1
6711,60,双十一还有满400减50是吧,买家咨询活动规则,60
6712,36,你们的货我已经收到了。物流挺快,买家反馈收到的商品有问题,36
6713,106,我是江西的可以指定邮政快递吗,买家咨询退换货支持快递,106
6714,104,这种能定制吗,买家咨询退换货规则,104
6715,26,比较喜欢这款裤子,买家表示优惠券无法使用,26
6716,41,你们这个色差不是一般的大啊,买家要求补偿,41
6717,60,买三免一是怎样,买家咨询活动规则,60
6718,56,能不能指定申通快递,买家咨询返现方式,56
6719,78,你好，能让我看一下这个军绿色的有色差吗,买家咨询商品的色差问题,78
6720,60,有赠品吗？,买家咨询活动规则,60
6721,106,中通你们收嘛,买家咨询退换货支持快递,106
6722,82,灰色这色差也太大了,买家咨询商品区别,82
6723,80,我付款了一个棉袄，说的是买一送一,买家咨询商品价格,80
6724,110,你好，我没有收到退款啊！,买家咨询退款时间,110
6725,54,几时发货？,买家咨询发货时间,54
6726,113,上门取货多少运费啊,买家咨询运费金额,113
6727,24,收到。,买家表示已经收到货了,24
6728,38,怎么样买三免一呢,买家讨价还价,38
6729,25,订单了。,买家表示已下单付款,25
6730,99,你没回答我的问题,买家咨询是否有活动,99
6731,50,请注意下 晚点发货可以吗,买家要求延迟发货,50
6732,79,这个马丁靴重不重,买家咨询商品规格数量,79
6733,76,我退货要不要包运费,买家咨询商品产地,76
6734,82,这两件衣服的布料颜色是一样的吗？,买家咨询商品区别,82
6735,107,哪种更好呢,买家咨询退货退款原因选什么,107
6736,82,和这个是一样的嘛,买家咨询商品区别,82
6737,67,我买100双可以给我开专票吗,买家咨询能否开发票及发票类型和寄送时间,67
6738,47,可以加你微信？,买家要求添加商家微信,47
6739,67,你好 需要开发票,买家咨询能否开发票及发票类型和寄送时间,67
6740,41,是去冰净重5斤吗,买家要求补偿,41
6741,64,我想看一下送什么东西,买家咨询能否到付,64
6742,49,改下地址,买家要求修改收件信息,103
6743,71,那你们这款衣现在有什么活动吗？,买家咨询如何领取优惠券,71
6744,2,衣服收到了都很喜欢,买家表达赞美/满意,2
6745,90,重量是多少啊？,买家咨询商品重量,90
6746,82,百世邻里  和百世快递 是一样的对吗,买家咨询商品区别,82
6747,102,应该送个手套，味道太臭了,买家咨询是否有味道,102
6748,81,什么材质亲,买家咨询商品具体尺码尺寸,81
6749,97,那还有猴头菇送吗？,买家咨询是否可以指定快递,97
6750,66,能不能两箱分别发两个地址？,买家咨询能否分开/一起发货,66
6751,110,已经看了，还没到帐,买家咨询退款时间,110
6752,38,微信可以。？,买家讨价还价,38
6753,37,请问收货地址改了吗？,买家确认地址是否修改成功,37
6754,65,你们可可以给我们定制吗,买家咨询能否定制,65
6755,90,试吃散装205克,买家咨询商品重量,90
6756,49,还可以修改地址吗,买家要求修改收件信息,49
6757,71,还有那个三元优惠卷吗？,买家咨询如何领取优惠券,71
6758,78,这款和43.9的什么区别,买家咨询商品的色差问题,78
6759,34,好的，那今天下单，能发货吗,买家发送开票信息,34
6760,112,这个和2型软骨片有什么区别,买家咨询优惠券使用规则,112
6761,88,加绒款红色双十一优惠多少,买家咨询商品是什么颜色,88
6762,111,第二个包裹帮我查下,买家咨询物流信息,111
6763,0,换了今天能发货吗,买家抱怨商品涨价了,0
6764,1,明天会真的退款吗？都申请几天了，不要骗人哦！,买家表达不满/生气,1
6765,90,3斤？,买家咨询商品重量,90
6766,109,是退到支付宝是吗？,买家咨询退款去向,109
6767,111,好吧 那就请你们催一下吧 已经过去好几天了,买家咨询物流信息,111
6768,99,这个买一送一对嘛,买家咨询是否有活动,99
6769,19,现在也买不了啊！,买家表示无法下单,19
6770,89,如果质量好，还会来回购,买家咨询商品质量是否有保障,89
6771,88,你不要哭 我快哭了 /:018,买家咨询商品是什么颜色,88
6772,22,没有就退款,买家表示需要退货退款,22
6773,20,到浙江可以邮政吗,买家表示物流太慢了,20
6774,72,好的好的我现在下单,买家咨询如何下单,72
6775,105,钱是我先垫付么？,买家咨询退换货运费由谁承担,105
6776,107,你这个不是有折扣吗,买家咨询退货退款原因选什么,107
6777,52,嗯，对的，麻烦啦,买家咨询补货/上货时间,52
6778,108,还需要定制是吗,买家咨询退款金额,108
6779,12,为啥不能开专票呢,买家表示商家发错货了,12
6780,75,里面是独立包装还是一整袋无分装的呀,买家咨询商品包装,75
6781,54,你好，已经收到，请给我开发票,买家咨询发货时间,54
6782,94,刚刚又看了没有收到退款,买家咨询是否可以改价,94
6783,36,都说包装简陋？？？？？,买家反馈收到的商品有问题,36
6784,74,我换的衣服到了吗？,买家咨询商家是否收到寄回的商品,74
6785,23,我想退了从新拍不是快么,买家表示要重拍,23
6786,76,是哪里产品,买家咨询商品产地,76
6787,99,8号买是不是更优惠呢,买家咨询是否有活动,99
6788,29,。是还没发货吗,买家催促发货,29
6789,78,661和662有什么不同吗？,买家咨询商品的色差问题,78
6790,81,艾柱质量怎么样？,买家咨询商品具体尺码尺寸,81
6791,112,我可以叠加吗,买家咨询优惠券使用规则,112
6792,1,醉了可真是,买家表达不满/生气,1
6793,46,那买三发五的券呢？,买家要求取消退换货退款,46
6794,8,我提交订单你帮我看一下可以吗。,买家表示马上下单付款,8
6795,82,价格不同的有什么区别吗,买家咨询商品区别,82
6796,33,这件双十二有折扣吗,买家发送结束语,33
6797,79,五件多重啊,买家咨询商品规格数量,79
6798,99,买一送一是送唇膏还是眉笔？,买家咨询是否有活动,99
6799,82,这几个版本有什么区别吗,买家咨询商品区别,82
6800,52,老板黑色什么时候有货啊,买家咨询补货/上货时间,52
6801,94,行，给你改一下,买家咨询是否可以改价,94
6802,93,姓名电话不变，就改下地址就好了，谢谢你,买家咨询是否可以发顺丰,93
6803,100,那如果尺码不对，换货邮费是我出吗,买家咨询是否有买家秀,100
6804,23,有95折吗,买家表示要重拍,23
6805,59,点错了！地址正确的,买家咨询换货发货时间,59
6806,12,你怎么发错货了,买家表示商家发错货了,12
6807,24,我都收到面包了,买家表示已经收到货了,24
6808,106,顺丰和韵达你们不收啊,买家咨询退换货支持快递,106
6809,55,你好你们用什么快递,买家咨询发什么快递,55
6810,97,圆通到不了,买家咨询是否可以指定快递,97
6811,99,双11价格会搞活动吗？,买家咨询是否有活动,99
6812,85,这个后面贴可以单独买吗？,买家咨询商品是否可以单买/单卖,85
6813,90,老板 你们这个不是应该2斤吗,买家咨询商品重量,90
6814,90,多少克一袋,买家咨询商品重量,90
6815,78,这件裙子色差也太大了吧？,买家咨询商品的色差问题,78
6816,105,邮费大概多少钱 大概,买家咨询退换货运费由谁承担,105
6817,54,现在买了啥时候可以发货？,买家咨询发货时间,54
6818,31,你好店家！,买家打招呼,31
6819,97,备注发中通吧,买家咨询是否可以指定快递,97
6820,49,，改地址,买家要求修改收件信息,49
6821,102,骗人的么,买家咨询是否有味道,102
6822,48,那我垫付的运费什么时候支付给我呢,买家要求退运费,48
6823,54,这个现在拍下今天发货吗,买家咨询发货时间,54
6824,105,不合适退货需要自己出运费？,买家咨询退换货运费由谁承担,105
6825,114,退运费险到了吗,买家咨询运费险赔付规则,104
6826,79,一斤几个,买家咨询商品规格数量,79
6827,22,换的垫发了没有？,买家表示需要退货退款,22
6828,82,我女儿一直用你家产品，现在洗面奶用完了，现在是不是买一送一啊,买家咨询商品区别,82
6829,60,汽啥时候搞活动,买家咨询活动规则,60
6830,104,那连吊牌也没有,买家咨询退换货规则,104
6831,91,嗯嗯！我再想想啊,买家咨询什么颜色好看,91
6832,97,我需要的不是邮政,买家咨询是否可以指定快递,97
6833,67,发票收据开好了吗,买家咨询能否开发票及发票类型和寄送时间,67
6834,82,你好，这个锅的升级版有什么区别？,买家咨询商品区别,82
6835,56,请问是微信退款？,买家咨询返现方式,56
6836,88,这个是黑色的吗？,买家咨询商品是什么颜色,88
6837,29,亲麻烦尽快发货,买家催促发货,29
6838,65,这种透明的能印字吗,买家咨询能否定制,65
6839,62,请问我一下拿三件能便宜不？,买家咨询买多件能否优惠,62
6840,62,您好！我买俩件有优惠吗,买家咨询买多件能否优惠,62
6841,23,我退了，再重新拍吗,买家表示要重拍,23
6842,106,还是帮我备注一下申通,买家咨询退换货支持快递,106
6843,18,好的小姐姐，你真棒,买家表示无法申请退款,18
6844,86,那锅啥的只送一个吗,买家咨询商品是否有赠品,86
6845,88,这个袖子有带蓝色的吗,买家咨询商品是什么颜色,88
6846,38,对啊，我意思可以享受双十二价格吗？,买家讨价还价,38
6847,86,有小礼品吗,买家咨询商品是否有赠品,86
6848,105,包退换货邮费是吗？,买家咨询退换货运费由谁承担,105
6849,82,薄款和加绒款布料一样吗,买家咨询商品区别,82
6850,29,我昨天买的裤子今天咋还不发货啦？,买家催促发货,29
6851,29,到今天已经买了三天了哦,买家催促发货,29
6852,74,快递现已经到了，我没有取到，结果现在又退回去了,买家咨询商家是否收到寄回的商品,74
6853,7,好的，感谢,买家表示麻烦卖家，表达感谢,7
6854,79,亲你家这蛋糕多少一斤呀,买家咨询商品规格数量,79
6855,55,到江苏镇江发什么快递的,买家咨询发什么快递,55
6856,90,一包只有400克啦，,买家咨询商品重量,90
6857,79,手撕面包一斤，有多少个啊？,买家咨询商品规格数量,79
6858,78,sx55和x666什么区别,买家咨询商品的色差问题,78
6859,105,运费谁出？,买家咨询退换货运费由谁承担,105
6860,31,还在吗/,买家打招呼,31
6861,5,瓦知道啦,买家表示好的,5
6862,23,要重拍,买家表示要重拍,23
6863,81,亲，车轮辐条是什么材质的,买家咨询商品具体尺码尺寸,81
6864,33,能发 邮政吗,买家发送结束语,33
6865,111,我去实体店贴膜了，要等快递太慢了,买家咨询物流信息,111
6866,60,好，有优惠吗,买家咨询活动规则,60
6867,104,如果不合适是不是免费退换包运费,买家咨询退换货规则,104
6868,97,东莞市寮步镇能恩幼儿园旁。,买家咨询是否可以指定快递,97
6869,84,车仔面跟乌冬面有什么区别,买家咨询商品是不是预售款,84
6870,0,我满400了，怎减不了40元,买家抱怨商品涨价了,0
6871,106,怎么发中通快递了呢？,买家咨询退换货支持快递,106
6872,60,现在下单是参加活动的是吗,买家咨询活动规则,60
6873,9,我下单裤子的尺码选错了,买家表示拍错了,9
6874,74,我裤子早就收到了啊,买家咨询商家是否收到寄回的商品,74
6875,67,能不能帮我备注发中通,买家咨询能否开发票及发票类型和寄送时间,67
6876,64,这个退货地址给我一下。,买家咨询能否到付,64
6877,110,刚收到雪花酥,买家咨询退款时间,110
6878,65,可不可以定制图形亚？,买家咨询能否定制,65
6879,25,我要的是儿童内衣背心，己经付款了呀？？,买家表示已下单付款,25
6880,50,亲换的货什么时候能发出,买家要求延迟发货,50
6881,99,现在是买一箱送一箱吗,买家咨询是否有活动,99
6882,99,这个衣服现在有活动么,买家咨询是否有活动,99
6883,1,哦哦，谢谢仙女,买家表达不满/生气,1
6884,22,哪个我，买多一套衣服了，我现在申请退货退款可好,买家表示需要退货退款,22
6885,67,我要买几百块钱的办公用品，可以开发票吗？我是公司,买家咨询能否开发票及发票类型和寄送时间,67
6886,102,好评有活动没？,买家咨询是否有味道,102
6887,59,换的啥时候寄出,买家咨询换货发货时间,59
6888,55,新疆发什么快递现在,买家咨询发什么快递,55
6889,114,退回过来的运费呢？,买家咨询运费险赔付规则,114
6890,48,退回邮费是自己付吗,买家要求退运费,48
6891,26,?不能用优惠券,买家表示优惠券无法使用,26
6892,60,现在买能以双十一的价格吗,买家咨询活动规则,60
6893,75,纸箱包装 有快递袋子吗,买家咨询商品包装,75
6894,23,可以单独买？,买家表示要重拍,23
6895,88,那些不起球的都是什么颜色,买家咨询商品是什么颜色,88
6896,75,你们发货纸箱外面会不会包装一下？,买家咨询商品包装,75
6897,67,您发票开了吗,买家咨询能否开发票及发票类型和寄送时间,67
6898,96,面包送到了,买家咨询是否可以微信支付,96
6899,60,有没有一件是半价的,买家咨询活动规则,60
6900,59,请问换货的单号，亲,买家咨询换货发货时间,59
6901,36,好几条漏气的,买家反馈收到的商品有问题,36
6902,54,今天能发货吗？,买家咨询发货时间,82
6903,82,床单和床笠有什么区别呢？,买家咨询商品区别,82
6904,97,发中通ma,买家咨询是否可以指定快递,97
6905,60,这个买1送1吗,买家咨询活动规则,60
6906,0,亲取点钱吧，这款太贵了,买家抱怨商品涨价了,0
6907,105,亲寄回的运费会报销是吧,买家咨询退换货运费由谁承担,105
6908,67,您好。可以开专票吗,买家咨询能否开发票及发票类型和寄送时间,67
6909,82,你好，床单款和床笠款有什么区别？,买家咨询商品区别,30
6910,36,想买呀，又怕穿不了,买家反馈收到的商品有问题,36
6911,16,那11下单是多少钱,买家表示收件信息不需要修改了,16
6912,21,专区买一送一怎么退款呀,买家表示先买来试试,21
6913,111,已经10天没有更新消息,买家咨询物流信息,111
6914,31,嗨  您好,买家打招呼,31
6915,25,我已经拍了几天了、还没有发货,买家表示已下单付款,25
6916,5,去刷抖音了。不打扰你了,买家表示好的,5
6917,85,第三份一元怎么买,买家咨询商品是否可以单买/单卖,85
6918,79,500克里面有多少个？,买家咨询商品规格数量,79
6919,14,等等,买家表示稍等,14
6920,1,再这样我就要投诉了,买家表达不满/生气,1
6921,79,送几包蓝莓饼干,买家咨询商品规格数量,79
6922,53,到黑龙江哈尔滨几天能到  顺丰,买家咨询到货时间,53
6923,85,可以单独就买一个被套吗？,买家咨询商品是否可以单买/单卖,85
6924,56,怎么没返钱还我？,买家咨询返现方式,56
6925,106,各退一条，总共90.35,买家咨询退换货支持快递,106
6926,82,说好的买一送一呢？？,买家咨询商品区别,82
6927,64,是不是到付就可以了,买家咨询能否到付,64
6928,49,还是没改地址诶？,买家要求修改收件信息,49
6929,82,升级款二种有什么区别,买家咨询商品区别,82
6930,62,买2件怎么买优惠多,买家咨询买多件能否优惠,62
6931,99,啊。有活动吗？,买家咨询是否有活动,99
6932,77,你好，这个卫生间磁砖除霉有效果吗？味道重不重,买家咨询商品的材质/面料,77
6933,111,你给查一下物流,买家咨询物流信息,111
6934,105,什么时候可以退运费呢,买家咨询退换货运费由谁承担,105
6935,21,不是说前两小时 两件五折？,买家表示先买来试试,21
6936,46,那就不退了吧。,买家要求取消退换货退款,46
6937,115,你们退换货有包邮吗,买家咨询赠品何时发货,115
6938,39,哦，原来买的不是你家，不好意思哟,买家向商家表达不好意思,39
6939,34,是皮衣吧？,买家发送开票信息,34
6940,48,看到啦，运费什么退呢？,买家要求退运费,48
6941,60,4个送20小罐，直接备注就行被,买家咨询活动规则,60
6942,97,能指定发申通的话就拍,买家咨询是否可以指定快递,97
6943,62,能说个大概时间吗,买家咨询买多件能否优惠,62
6944,86,谢谢老哥,买家咨询商品是否有赠品,86
6945,67,你好，能麻烦帮我这个收据吗,买家咨询能否开发票及发票类型和寄送时间,67
6946,105,我不会申请退运险费,买家咨询退换货运费由谁承担,105
6947,50,明后天能发嘛??,买家要求延迟发货,50
6948,12,吊牌上写的是蓝色，但衣服是黑色,买家表示商家发错货了,12
6949,57,当时说评价返20是吗,买家咨询返现金额,57
6950,59,和发票一起寄过来就可以了,买家咨询换货发货时间,59
6951,60,买一送一是半价还是买一送一,买家咨询活动规则,79
6952,55,这个发货了怎么看不到物流信息你帮我看下发货了没,买家咨询发什么快递,55
6953,73,那哪里发货,买家咨询商家发货地,73
6954,111,亲，货已发出，请注意查收。,买家咨询物流信息,111
6955,82,你这些款式都什么区别啊,买家咨询商品区别,82
6956,78,车仔面和乌东面有什么区别？？,买家咨询商品的色差问题,78
6957,71,这个有没有优惠券呀？,买家咨询如何领取优惠券,71
6958,99,双十二还有活动吗,买家咨询是否有活动,99
6959,62,我想买6套有优惠嘛,买家咨询买多件能否优惠,62
6960,66,我买两个打底裤和衬衫一个毛衣 全部一块发货的吧,买家咨询能否分开/一起发货,66
6961,78,你好 有色差吗,买家咨询商品的色差问题,78
6962,104,退货有运费，我看有运费险，怎么使用？,买家咨询退换货规则,104
6963,43,我不退  你可以帮我改一下吗,买家要求改商品信息,43
6964,57,那每个订单都反20还是两个订单只反20？,买家咨询返现金额,57
6965,97,其他有些收不到货,买家咨询是否可以指定快递,97
6966,49,亲。你好能改地址吗,买家要求修改收件信息,49
6967,80,我这些最后一共花费多少钱,买家咨询商品价格,80
6968,37,你好！不需要修改地址！,买家确认地址是否修改成功,37
6969,38,在回购有便宜吗？,买家讨价还价,38
6970,94,现在买可以做这个活动?,买家咨询是否可以改价,94
6971,6,好的明天早上去寄,买家表示具体时间寄回去,6
6972,37,那我要的是l为什么你发的是xl,买家确认地址是否修改成功,37
6973,67,发票什么时候能开完,买家咨询能否开发票及发票类型和寄送时间,67
6974,65,能定尺寸吗,买家咨询能否定制,65
6975,82,这就是区别,买家咨询商品区别,82
6976,91,哪个颜色好看些呢 /:^_^,买家咨询什么颜色好看,91
6977,16,但是不是我这个号买的，我换的话需要怎么弄，,买家表示收件信息不需要修改了,16
6978,112,亲这个优惠券可以叠加吗,买家咨询优惠券使用规则,112
6979,112,这个和24.7的有什么区别吗,买家咨询优惠券使用规则,112
6980,49,退货地址发一个。,买家要求修改收件信息,49
6981,97,下单2件可以优惠点么,买家咨询是否可以指定快递,97
6982,111,这个是哪个公司的物流啊，怎么还没收到,买家咨询物流信息,111
6983,105,那我退过去的运费自己出吗？,买家咨询退换货运费由谁承担,105
6984,90,净重约多少？,买家咨询商品重量,90
6985,65,做工太不仔细了，这么明显的，这么大块没缝住,买家咨询能否定制,65
6986,3,你好，这个我不想要了,买家表示不想要了,3
6987,60,哦哦知道了，免最少价位的？,买家咨询活动规则,60
6988,60,送礼哪款,买家咨询活动规则,60
6989,3,我不要了，去别家买去,买家表示不想要了,3
6990,71,好平有奖励？,买家咨询如何领取优惠券,71
6991,20,机械和 遥控，有什么区别,买家表示物流太慢了,20
6992,73,我还以为从杭州发货,买家咨询商家发货地,73
6993,1,我真的不想说你们店了，我买了鞋子 第一天就碰了点水，立马就黄了鞋 然后我刷了，才穿一天它竟然就开胶了？？！！！我真是服气！表示以后不会再在你家买东西了,买家表达不满/生气,1
6994,86,能送一个大肚杯吗？,买家咨询商品是否有赠品,86
6995,13,申请我已经发出了,买家表示商品已经寄回去了,13
6996,99,能多点有优惠吗,买家咨询是否有活动,99
6997,23,你好，我是选退货重拍是吗,买家表示要重拍,23
6998,86,是不是可以送两个布包，不是??49就送一个嘛,买家咨询商品是否有赠品,86
6999,40,货号: A5S3A7001和货号: 2SA7D42有区别吗？,买家需要商品推荐,40
7000,82,那和999元的有啥区别？,买家咨询商品区别,82
7001,78,跟店铺满400减五十可以叠加用吗,买家咨询商品的色差问题,78
7002,60,请问这款裤子有活动价吗,买家咨询活动规则,60
7003,45,这个拍下后可以修改地址吗,买家要求核对订单信息,45
7004,40,昨天已经买别的了，今天好想买这件,买家需要商品推荐,40
7005,24,这个奶茶第二件半价,买家表示已经收到货了,24
7006,100,如果买58件可以便宜一点嘛,买家咨询是否有买家秀,100
7007,1,试穿之后不太喜欢，而且走路也不满意,买家表达不满/生气,1
7008,65,是可以刻字嘛,买家咨询能否定制,65
7009,22,我意思是不用退了 您那里能撤销退款码,买家表示需要退货退款,22
7010,97,亲 云南能发邮政吗,买家咨询是否可以指定快递,97
7011,33,我先买来试试,买家发送结束语,33
7012,99,你好 双十一整段下单返现的活动怎么参与呢,买家咨询是否有活动,99
7013,109,等到12.拍下，收货后退款是支付宝吗,买家咨询退款去向,109
7014,47,我还没微信呢,买家要求添加商家微信,47
7015,22,把我退款吧，不发货,买家表示需要退货退款,22
7016,90,亲，这个味道刺鼻么,买家咨询商品重量,90
7017,92,是双十一后才有折扣吗,买家咨询是否可以打折,92
7018,97,我先买了试下,买家咨询是否可以指定快递,97
7019,114,可以退运费险没？,买家咨询运费险赔付规则,114
7020,74,还有买三免一的一的钱也没给我呢,买家咨询商家是否收到寄回的商品,74
7021,29,突然发现没袋子了，刚刚又是双11，希望能尽快发吧,买家催促发货,29
7022,15,嗯嗯。知道了我是老顾客,买家表示是老顾客,15
7023,94,帮我把110改成100,买家咨询是否可以改价,94
7024,60,9.9元多少包,买家咨询活动规则,60
7025,102,裤子好重的味道,买家咨询是否有味道,102
7026,78,橘色的色差不大吧,买家咨询商品的色差问题,78
7027,3,我就是想要买红色的。,买家表示不想要了,3
7028,83,那什么时候还会上新,买家咨询商品上新时间,83
7029,2,回来好评有红包吗,买家表达赞美/满意,2
7030,58,我昨天申请退货 你们同意了 没有撤销这项,买家咨询返现时间,58
7031,36,漏气的,买家反馈收到的商品有问题,36
7032,102,是所有的都没有味道，还是升级无味的才没有味道？,买家咨询是否有味道,102
7033,52,补货这款，什么时间有货,买家咨询补货/上货时间,52
7034,48,那这次运费怎么退？,买家要求退运费,48
7035,8,嗯嗯好，我现在去下单,买家表示马上下单付款,8
7036,38,不是一件优惠5,买家讨价还价,38
7037,106,色差太大了啊,买家咨询退换货支持快递,106
7038,59,这个啥时候能有绿色,买家咨询换货发货时间,59
7039,14,稍等哈，这就去,买家表示稍等,14
7040,38,上图奖励吗,买家讨价还价,38
7041,67,量完告诉你，能定制就行了。,买家咨询能否开发票及发票类型和寄送时间,67
7042,110,但是我的退款已经收到，运费没有收到咧,买家咨询退款时间,110
7043,103,中六等奖的现金劵是返到支付宝吗,买家咨询退换货地址,103
7044,65,可以定制啥,买家咨询能否定制,65
7045,89,好的，麻烦换质量好，干净的,买家咨询商品质量是否有保障,89
7046,75,好的，看看别的吧,买家咨询商品包装,75
7047,45,已经七天了快发货了？,买家要求核对订单信息,45
7048,56,这个钱不是到我微信里啊？,买家咨询返现方式,56
7049,56,是打到卡里吗？还是微信,买家咨询返现方式,56
7050,38,可以便宜点不 便宜点我就拍了,买家讨价还价,38
7051,99,现在买会有优惠吗？,买家咨询是否有活动,99
7052,90,都是多少重量的,买家咨询商品重量,90
7053,94,现在拍是228，收货后可以退55的意思吗？,买家咨询是否可以改价,94
7054,36,你好，我的换货寄了吗,买家反馈收到的商品有问题,36
7055,65,帮我定制1.36×220,买家咨询能否定制,65
7056,18,现在就是双十二活动了吗,买家表示无法申请退款,18
7057,77,客服，口罩是什么材质的？,买家咨询商品的材质/面料,77
7058,75,他这个收藏送收纳盒吗？,买家咨询商品包装,75
7059,52,你好！浅蓝色什么时候有货,买家咨询补货/上货时间,52
7060,82,我下单500克啊,买家咨询商品区别,82
7061,105,这个退换货是自己出邮费还是,买家咨询退换货运费由谁承担,105
7062,58,加急也得保证质量哈。,买家咨询返现时间,58
7063,88,这款的话是黑色吧,买家咨询商品是什么颜色,88
7064,93,发顺丰是不是要加钱的,买家咨询是否可以发顺丰,93
7065,99,我申请换货了，您那边同意一下吧,买家咨询是否有活动,99
7066,71,这个六个的四种价格的不同在哪里,买家咨询如何领取优惠券,71
7067,12,你好裤子收到了，这个杏色是不是发错了，感觉色差太大，有点咖啡色啊,买家表示商家发错货了,12
7068,53,25日之前可以到吗,买家咨询到货时间,53
7069,92,这个咋不半折呢,买家咨询是否可以打折,92
7070,52,这款衣服黑色的还会有上新吗,买家咨询补货/上货时间,52
7071,82,两种价格什么区别,买家咨询商品区别,82
7072,29,你好，换的货什么时候给我发过来吧,买家催促发货,29
7073,103,我发错地址了,买家咨询退换货地址,103
7074,36,东西好但是快递建议你换一家    东西都压扁了还好没有漏,买家反馈收到的商品有问题,36
7075,24,我的订单收到了,买家表示已经收到货了,24
7076,57,五星好评后返一半的钱是吗,买家咨询返现金额,57
7077,1,不好意思哈，裤子穿着还是不是很满意,买家表达不满/生气,1
7078,82,请问这两种包装不同有什么区别,买家咨询商品区别,82
7079,82,包边款跟立体款有什么区别吗？,买家咨询商品区别,82
7080,53,本来说的30号就到,买家咨询到货时间,53
7081,26,你这个券为什么不能用！,买家表示优惠券无法使用,26
7082,14,安徽几天能到,买家表示稍等,14
7083,104,上次说包邮退换。,买家咨询退换货规则,104
7084,49,我想修改收货地址,买家要求修改收件信息,49
7085,87,亲，有质保吗,买家咨询商品是否有质保，质保多久,87
7086,1,都这么多天了还不退款，真不行我明天联系淘宝客服投诉你们,买家表达不满/生气,1
7087,60,满50元不能优惠5元卷,买家咨询活动规则,60
7088,82,为什么那个标记的材料不一样,买家咨询商品区别,82
7089,28,可以 /:)-( 感谢,买家表示再看看,28
7090,61,货发了，把单号给我发过来,买家咨询快递单号,61
7091,14,昨天已经签收了,买家表示稍等,14
7092,26,不知道有没有优惠券,买家表示优惠券无法使用,26
7093,90,四斤对吗,买家咨询商品重量,90
7094,91,你好，前面一个硒鼓的发票能寄过来吗？,买家咨询什么颜色好看,91
7095,72,定制的尺寸能做110×70的吗,买家咨询如何下单,72
7096,69,你好，内蒙古可以发吗,买家咨询偏远地区是否发货,69
7097,105,退货费用你自己出,买家咨询退换货运费由谁承担,105
7098,79,1kg 大概多少个,买家咨询商品规格数量,79
7099,55,用什么快递发给你啊？,买家咨询发什么快递,55
7100,76,和100克一盒有啥区别？,买家咨询商品产地,76
7101,82,12M8M有什么区别,买家咨询商品区别,82
7102,105,质量怎么样？包运费退吗？,买家咨询退换货运费由谁承担,105
7103,105,你好，我想申请退货，穿着不合适,买家咨询退换货运费由谁承担,105
7104,107,你就是补我2000我也不要，我要的态度和服务，这是原则性问题，不是钱的事,买家咨询退货退款原因选什么,107
7105,49,我想修改一下送货地址可以吗,买家要求修改收件信息,49
7106,93,到底什么时候可以处理好,买家咨询是否可以发顺丰,93
7107,42,这是五斤吗,买家要求发货检查,42
7108,39,不同颜色材质不一样？,买家向商家表达不好意思,39
7109,97,大肚子可不可以多送一个嘛??,买家咨询是否可以指定快递,97
7110,72,你俩昨天说给我打九折,买家咨询如何下单,72
7111,5,说个话呗？,买家表示好的,5
7112,28,好的，我正在看哈,买家表示再看看,28
7113,60,能像双十一一样优惠吗,买家咨询活动规则,60
7114,31,初步计算是两个,买家打招呼,31
7115,68,亲，我提前买会有优惠吗？,买家咨询能否提前享受优惠,68
7116,38,双十一没有优惠价,买家讨价还价,38
7117,20,根233B区别在那？,买家表示物流太慢了,20
7118,92,四件八折专区,买家咨询是否可以打折,92
7119,71,好的哦 怎么领取呀,买家咨询如何领取优惠券,71
7120,87,亲，质保怎么样,买家咨询商品是否有质保，质保多久,87
7121,90,这多重,买家咨询商品重量,90
7122,82,这个和刚才那件布料不一样吧,买家咨询商品区别,82
7123,17,帮我查一下我的快递呗,买家表示送人的,17
7124,99,哦，现在拍有双十一的活动吗？还是就双十一那天有呢,买家咨询是否有活动,99
7125,108,你帮忙看看能返多少,买家咨询退款金额,108
7126,113,我要走最快的快递加多少钱？,买家咨询运费金额,113
7127,20,地址对的呢。,买家表示物流太慢了,20
7128,88,关键是什么颜色,买家咨询商品是什么颜色,88
7129,1,你这有点搞笑呀,买家表达不满/生气,1
7130,1,都要买20了还买什么19搞笑吗。,买家表达不满/生气,1
7131,16,多少公斤,买家表示收件信息不需要修改了,16
7132,1,我还是投诉你们把,买家表达不满/生气,1
7133,56,货已收到，怎么返5元？,买家咨询返现方式,56
7134,2,这款那种好看,买家表达赞美/满意,2
7135,60,还是买5送5的吧,买家咨询活动规则,60
7136,29,亲 现在还没有发货啊,买家催促发货,29
7137,4,嗯，地址正确,买家表示地址正确,4
7138,1,晕了,买家表达不满/生气,1
7139,59,我退货的还没到吗 之前退换的,买家咨询换货发货时间,59
7140,67,纸质发票您邮寄了吗,买家咨询能否开发票及发票类型和寄送时间,67
7141,113,邮政得多少钱啊,买家咨询运费金额,113
7142,104,亲 退了重拍成吗,买家咨询退换货规则,104
7143,25,我下单了，宝,买家表示已下单付款,25
7144,107,我申请退款从新拍,买家咨询退货退款原因选什么,107
7145,7,在不在，,买家表示麻烦卖家，表达感谢,7
7146,92,再没有啥优惠了嘛 /:803,买家咨询是否可以打折,92
7147,71,现在下单有礼品吗？,买家咨询如何领取优惠券,71
7148,60,问题是现在买也是双十一的价么,买家咨询活动规则,60
7149,11,天律分公司开票资料抬头名称：浙江天律工程管理有限公司海盐分公司纳税人识别号：91330424MA28,买家表示商家发错地址,11
7150,90,这是多么斤的？,买家咨询商品重量,90
7151,104,那我买试试吧，如果尺码不合适可以退换吧？,买家咨询退换货规则,104
7152,39,对不起，我要小裤脚的,买家向商家表达不好意思,39
7153,97,寄中通快递能到吧！,买家咨询是否可以指定快递,97
7154,62,啊2件便宜10元,买家咨询买多件能否优惠,62
7155,82,这款黑色和55黑色有什么区别呢,买家咨询商品区别,82
7156,57,改地址吧！,买家咨询返现金额,57
7157,75,独立包装吗？,买家咨询商品包装,75
7158,47,你家的微信怎么加不起,买家要求添加商家微信,47
7159,94,好的那两个一起退换一下可以嘛,买家咨询是否可以改价,94
7160,22,我退款的那件怎么撤回，不想退了,买家表示需要退货退款,22
7161,46,算了，一样都是等，不退了,买家要求取消退换货退款,46
7162,97,请问发邮政吗,买家咨询是否可以指定快递,97
7163,18,那退换邮费包鸭？,买家表示无法申请退款,18
7164,92,我可以打多少折,买家咨询是否可以打折,92
7165,77,有没有包装袋，,买家咨询商品的材质/面料,77
7166,30,别短的过分就好,买家催促回复,30
7167,21,嗯 买来试一试,买家表示先买来试试,21
7168,79,除了冰，虾的重量,买家咨询商品规格数量,79
7169,10,我之前买了一次，然后失望了，,买家表示伤心难过,10
7170,22,你就退20可以吗？看的的服务挺到位的！返回去你也不一定梦卖出去！我们就互相理解！如何！,买家表示需要退货退款,22
7171,54,switch lite 现在下单预计什么时候能发货啊？,买家咨询发货时间,54
7172,78,请问有色差吗？,买家咨询商品的色差问题,78
7173,90,亲，一箱有几个？,买家咨询商品重量,90
7174,12,结果还给我发错了,买家表示商家发错货了,12
7175,29,你们要快点啊,买家催促发货,29
7176,77,你好这个什么材质的,买家咨询商品的材质/面料,77
7177,97,亲。快递能走邮政吗,买家咨询是否可以指定快递,97
7178,86,嗯  下单有收纳箱送的对嘛？,买家咨询商品是否有赠品,86
7179,89,好什么好？你这样是处理问题的态度？,买家咨询商品质量是否有保障,89
7180,7,满200减20为什么不能用店里的优惠券来,买家表示麻烦卖家，表达感谢,7
7181,43,这个颜色能不能改成绿色呢,买家要求改商品信息,43
7182,106,我已经确认收货，还要退20呢？,买家咨询退换货支持快递,106
7183,82,贵的跟便宜的有什区别,买家咨询商品区别,82
7184,38,20个鸡腿，双十一多少钱,买家讨价还价,38
7185,90,请问 每包多重？,买家咨询商品重量,90
7186,30,看见也不说话,买家催促回复,30
7187,47,加你微信把钱给你行不行,买家要求添加商家微信,47
7188,60,帽子皮带这些都可以买三免一吧,买家咨询活动规则,60
7189,71,这款蓝色还会有那,买家咨询如何领取优惠券,71
7190,1,麻烦中通谢谢,买家表达不满/生气,1
7191,1,你懒的和你扯，真是太失望了,买家表达不满/生气,1
7192,110,支付宝也没有呀,买家咨询退款时间,110
7193,47,请问你们这个怎么加微信嘛,买家要求添加商家微信,47
7194,82,材料有区别吗，,买家咨询商品区别,82
7195,12,这个是要送几个收纳箱呢,买家表示商家发错货了,12
7196,90,这个是几斤阿,买家咨询商品重量,90
7197,38,这个要多少片,买家讨价还价,38
7198,25,我刚刚下的订单,买家表示已下单付款,25
7199,66,两个地址分开发货哈,买家咨询能否分开/一起发货,66
7200,97,哈罗,买家咨询是否可以指定快递,97
7201,90,咱们这个虾仁净重大概多少,买家咨询商品重量,90
7202,4,那我再换个地址吧,买家表示地址正确,4
7203,76,亲，请问面料是棉的吗,买家咨询商品产地,76
7204,90,现在一百四十多斤,买家咨询商品重量,90
7205,90,是斤重吗,买家咨询商品重量,90
7206,99,这个衣服买2件就可以享受买一送一吗,买家咨询是否有活动,99
7207,28,直接到支付宝吗？,买家表示再看看,28
7208,52,请问什么时候有呀,买家咨询补货/上货时间,52
7209,67,发票能开吗？随货寄出还是电子发票？,买家咨询能否开发票及发票类型和寄送时间,67
7210,89,好的，帮我心里好的选一件，质量好下次买黑色,买家咨询商品质量是否有保障,89
7211,23,先拍的别发货重拍了，只要一件,买家表示要重拍,23
7212,105,产品因质量问题退换的话，你们包邮吗？,买家咨询退换货运费由谁承担,105
7213,97,这是最低价格了吗亲,买家咨询是否可以指定快递,97
7214,3,怎么价格变得这么贵了？,买家表示不想要了,3
7215,98,请问你这边在那发货,买家咨询是否有好评返现,98
7216,23,不能穿可以退换的吧,买家表示要重拍,23
7217,60,这个账号买的购物津贴不能用,买家咨询活动规则,60
7218,60,请问买两件专区冬装，可以买一送一吗？,买家咨询活动规则,60
7219,90,这里面有几包,买家咨询商品重量,90
7220,97,你好 湖北仙桃可以发么 确定邮政可以到 只要是邮局就OK,买家咨询是否可以指定快递,97
7221,7,我刚刚买了，帮我看看买成了没有谢谢亲,买家表示麻烦卖家，表达感谢,7
7222,76,红薯是哪里产的？,买家咨询商品产地,76
7223,105,服装是你们的问题，寄回邮费由你们支出吧？,买家咨询退换货运费由谁承担,105
7224,112,请问加购10件送1000元券，是怎么用,买家咨询优惠券使用规则,112
7225,116,我要粉色的,买家咨询赠品是否可以自选,116
7226,88,这什么颜色，,买家咨询商品是什么颜色,88
7227,15,我是你回头客了,买家表示是老顾客,15
7228,97,只走百世快递吗？,买家咨询是否可以指定快递,97
7229,29,怎么回事还没发货呀？,买家催促发货,29
7230,48,就是我先垫付邮费，是吗,买家要求退运费,48
7231,29,我不知道你们发货是什么样子的，但是我收到的东西是碎的和压扁的,买家催促发货,29
7232,113,买15包送什么东西啊？,买家咨询运费金额,113
7233,55,发的什么快递哦,买家咨询发什么快递,55
7234,77,多买多送不,买家咨询商品的材质/面料,77
7235,9,不好意思，上衣拍错了，拍了二件,买家表示拍错了,9
7236,50,麻烦亲 早点发货,买家要求延迟发货,50
7237,99,双十二下单有什么优惠吗,买家咨询是否有活动,99
7238,49,gyyzshy，宋小姐收，15915077520，广东省肇庆市，德庆县，悦城镇新街64号,买家要求修改收件信息,49
7239,80,小鱼仔一包多重阿,买家咨询商品价格,80
7240,1,别太贴身，我肚子大，包身不好看还要退,买家表达不满/生气,1
7241,108,钱退到哪的？,买家咨询退款金额,108
7242,24,拿到货了,买家表示已经收到货了,24
7243,23,亲 第一次拍的不要了 我重新拍了,买家表示要重拍,23
7244,115,你看一下  这样  有活动吗,买家咨询赠品何时发货,115
7245,74,啥时候钱能到账啊,买家咨询商家是否收到寄回的商品,74
7246,0,发票和货物一起走是吗,买家抱怨商品涨价了,0
7247,54,真的是有股难闻的味道呀,买家咨询发货时间,54
7248,82,请问89和99款 区别是什么吗？,买家咨询商品区别,82
7249,36,这个每个都是单独包装？,买家反馈收到的商品有问题,36
7250,73,能发不,买家咨询商家发货地,73
7251,48,就是收到货退50元吗,买家要求退运费,48
7252,26,怎么了，电子发票可以开吗,买家表示优惠券无法使用,26
7253,50,我是想你们晚点发货,买家要求延迟发货,50
7254,59,您好，需要开发票,买家咨询换货发货时间,59
7255,104,如果收到不喜欢可以退换吗,买家咨询退换货规则,104
7256,19,加绒买不了 /:018,买家表示无法下单,19
7257,64,你好，清亮版和豪华版有什么区别,买家咨询能否到付,64
7258,23,意思是这款参与五折就不能第二件半价了？,买家表示要重拍,23
7259,54,现在买了，明天就能发么？,买家咨询发货时间,54
7260,67,双十二参加活动嘛？,买家咨询能否开发票及发票类型和寄送时间,67
7261,77,屁股那里什么材质,买家咨询商品的材质/面料,77
7262,28,再看看别家,买家表示再看看,28
7263,60,姐姐这个和上面那件料子是一样的吗,买家咨询活动规则,60
7264,54,确定今天发，马上拍,买家咨询发货时间,54
7265,97,从广东发的货？,买家咨询是否可以指定快递,97
7266,60,买一发四小罐试试,买家咨询活动规则,60
7267,94,你就不能改单吗,买家咨询是否可以改价,94
7268,60,问一下买2斤送1斤吗,买家咨询活动规则,60
7269,82,你好，这款和贵的1000多的那款有什么区别？,买家咨询商品区别,82
7270,99,彩色铅笔有活动吗,买家咨询是否有活动,99
7271,84,这件是预售的嘛，,买家咨询商品是不是预售款,84
7272,5,好滴知道咯,买家表示好的,5
7273,105,是散装一包一小包一小包那种的话我就不要了,买家咨询退换货运费由谁承担,105
7274,93,专票也是电子发票形式还是邮寄呢,买家咨询是否可以发顺丰,93
7275,102,而且打开一股味,买家咨询是否有味道,102
7276,67,请问你们这个能给收据吗,买家咨询能否开发票及发票类型和寄送时间,67
7277,23,我从新拍就好了,买家表示要重拍,23
7278,96,收到返支付宝,买家咨询是否可以微信支付,96
7279,85,你们的钢化膜我也是醉啦,买家咨询商品是否可以单买/单卖,85
7280,37,我的货已经停了两三天了，你帮我查一下那个。,买家确认地址是否修改成功,37
7281,60,买一送一是送一箱吗？,买家咨询活动规则,60
7282,64,运费是到付还是我这边付,买家咨询能否到付,64
7283,97,申通呢,买家咨询是否可以指定快递,97
7284,1,麻烦亲给查查怎么回事？,买家表达不满/生气,1
7285,114,你好！我的运费险退了吗？,买家咨询运费险赔付规则,114
7286,15,买过这个,买家表示是老顾客,15
7287,46,我干脆不退了吧,买家要求取消退换货退款,46
7288,28,别急，想想,买家表示再看看,28
7289,90,半斤,买家咨询商品重量,90
7290,31,在没有,买家打招呼,31
7291,33,希望发货吗？什么快递呢？,买家发送结束语,33
7292,114,运费险什么时候可以得到,买家咨询运费险赔付规则,114
7293,97,怎么发了还是韵达,买家咨询是否可以指定快递,97
7294,83,醉了....,买家咨询商品上新时间,83
7295,54,海南地区的明天能发货吗,买家咨询发货时间,54
7296,82,乌冬面和车仔面有什么区别呢,买家咨询商品区别,82
7297,29,物流可以快点吗,买家催促发货,29
7298,29,下单了  还请尽快发货,买家催促发货,29
7299,32,可我喜欢宽松一点,买家对特定款式/颜色表达喜好,32
7300,3,这颜色怎么差了那么多,买家表示不想要了,3
7301,98,好评三原小奖励？,买家咨询是否有好评返现,98
7302,75,散装是什么意思呢,买家咨询商品包装,75
7303,25,好的，我在看,买家表示已下单付款,25
7304,30,在都不理我?,买家催促回复,30
7305,114,亲亲车仔面和乌冬面一样吗,买家咨询运费险赔付规则,114
7306,71,给我发一下优惠卷,买家咨询如何领取优惠券,71
7307,54,t付款12天才发货吗,买家咨询发货时间,54
7308,1,嗯嗯，就是想听听你们的建议,买家表达不满/生气,1
7309,60,好的，这个有没有夸店满400减50呢？,买家咨询活动规则,60
7310,52,最小号什么时候有啊,买家咨询补货/上货时间,52
7311,57,确定要货返239,买家咨询返现金额,57
7312,82,20双和20双礼盒装的有什么区别？,买家咨询商品区别,82
7313,47,四天了，才有人回复 /:815,买家要求添加商家微信,47
7314,67,别忘了开收据,买家咨询能否开发票及发票类型和寄送时间,67
7315,89,哦质量保证不,买家咨询商品质量是否有保障,89
7316,79,这是多少片。,买家咨询商品规格数量,79
7317,60,买2发3是吗亲,买家咨询活动规则,60
7318,21,双十一有活动嘛这个衣服,买家表示先买来试试,21
7319,52,这个的XL号啥时候有货呀,买家咨询补货/上货时间,52
7320,38,亲，我去给你点燃5个小星星嘛，你给我优惠5元嘛,买家讨价还价,38
7321,97,邮政能发？,买家咨询是否可以指定快递,97
7322,32,定金不退，这是变相骗么,买家对特定款式/颜色表达喜好,32
7323,52,这个xs还能有货吗,买家咨询补货/上货时间,52
7324,59,那我要求换的充电头什么时候发呢,买家咨询换货发货时间,59
7325,55,你们家退货能用百世快递吗,买家咨询发什么快递,55
7326,111,请问一下我的商品到哪了，物流看不到啊，怎么不更新了？,买家咨询物流信息,111
7327,23,那我现在退掉重新下单可以吗,买家表示要重拍,23
7328,46,没洗吊牌也在,买家要求取消退换货退款,46
7329,110,下了单，还不到10分钟就退了,买家咨询退款时间,110
7330,65,你家这款可以定制异形尺寸吗？,买家咨询能否定制,65
7331,0,双十一最低价是多少？,买家抱怨商品涨价了,0
7332,49,可以改一下地址吧,买家要求修改收件信息,49
7333,43,亲可以帮我改下地址吗,买家要求改商品信息,43
7334,18,怎么退不了,买家表示无法申请退款,18
7335,1,你们的物流也太慢了吧，双十一买的东西都到了，就剩你家的了，人家发货比你家晚几天的都到了,买家表达不满/生气,1
7336,41,你说不退，补偿5元是吗,买家要求补偿,41
7337,73,有什么材质,买家咨询商家发货地,73
7338,104,吊牌倒是在的,买家咨询退换货规则,104
7339,110,大概什么时候退款到账呢,买家咨询退款时间,110
7340,106,你好，退货的申通能收到吗？,买家咨询退换货支持快递,106
7341,18,一箱大概多少个呀,买家表示无法申请退款,18
7342,99,买两份可以领两次优惠券吗？,买家咨询是否有活动,99
7343,86,买一支送个同款,买家咨询商品是否有赠品,86
7344,29,已经超过20号了怎么还没发货啊,买家催促发货,29
7345,93,补运费发顺丰不行吗,买家咨询是否可以发顺丰,93
7346,82,特价款和普通的什么区别,买家咨询商品区别,82
7347,73,你们家是从常州发货吗,买家咨询商家发货地,73
7348,74,你好，帮忙开个收据，公司用的，要报销,买家咨询商家是否收到寄回的商品,74
7349,62,双十一的优惠？,买家咨询买多件能否优惠,62
7350,48,亲，运费这么还不给我,买家要求退运费,48
7351,36,这个什么时候有xl的呢？,买家反馈收到的商品有问题,36
7352,92,我买上衣是??，裤子是骑兵为什么不能打折,买家咨询是否可以打折,92
7353,61,补发的单号呢？,买家咨询快递单号,61
7354,46,可不可以撤销重新申请,买家要求取消退换货退款,46
7355,74,我要退货给你寄中通,买家咨询商家是否收到寄回的商品,74
7356,97,麻烦备注中通快递,买家咨询是否可以指定快递,97
7357,99,99活动有哪些,买家咨询是否有活动,99
7358,60,那个109块钱的和59块钱的有什么区别喝,买家咨询活动规则,60
7359,47,我没有微信，不会用微信,买家要求添加商家微信,47
7360,97,好滴哦发圆通,买家咨询是否可以指定快递,97
7361,15,东西已经多少天了,买家表示是老顾客,15
7362,61,换货给我单号哦。,买家咨询快递单号,61
7363,25,睡衣已经拍了,买家表示已下单付款,25
7364,1,衣服有点小缺陷,买家表达不满/生气,1
7365,65,11套定制吗？,买家咨询能否定制,65
7366,105,我给我小孩买。如果穿不了。退换货你们出运费吗,买家咨询退换货运费由谁承担,105
7367,73,你这是从杭州发货不,买家咨询商家发货地,73
7368,49,在原来的地址签收了,买家要求修改收件信息,49
7369,110,我没收到钱啊！！,买家咨询退款时间,110
7370,64,加绒款和厚绒有多大区别,买家咨询能否到付,64
7371,5,啦知道啦,买家表示好的,5
7372,47,二代和普通款的区别是什么,买家要求添加商家微信,47
7373,77,圈是什么材质,买家咨询商品的材质/面料,77
7374,111,你好麻烦帮我看下快递到哪了，我这一直没有物流信息,买家咨询物流信息,111
7375,82,我看到有31IX他们之间有什么不同吗,买家咨询商品区别,82
7376,67,那个桌布可以定制嘛,买家咨询能否开发票及发票类型和寄送时间,67
7377,48,那个运费先补给我吧,买家要求退运费,48
7378,50,可以延迟发货了吗,买家要求延迟发货,50
7379,60,我的订单是不是买一送一,买家咨询活动规则,60
7380,22,那你教我咋拍  我申请退款重拍,买家表示需要退货退款,22
7381,79,几包哇,买家咨询商品规格数量,79
7382,114,我咨询的这个是预售款吗？,买家咨询运费险赔付规则,114
7383,79,请问这个是几包,买家咨询商品规格数量,79
7384,93,要买10套的话可不可以发顺丰,买家咨询是否可以发顺丰,93
7385,60,不是第二分半价吗,买家咨询活动规则,60
7386,82,这两个价钱有点相差，是有什么区别吗,买家咨询商品区别,82
7387,12,你家仓库的人是什么意思，一次买的深蓝发蓝色，换了，发过来还是蓝色，是要怎样?,买家表示商家发错货了,12
7388,47,添加到哪里啊？微信吗？,买家要求添加商家微信,47
7389,29,早一点发货 拜托了亲,买家催促发货,29
7390,30,发票随货一起发哈,买家催促回复,30
7391,53,这个衣服 现在还有没买一送一活动了,买家咨询到货时间,53
7392,22,申请退货了，帮我处理一下,买家表示需要退货退款,112
7393,6,请问你们什么快递,买家表示具体时间寄回去,6
7394,1,滚滚穿的也是s码吗,买家表达不满/生气,1
7395,105,但是如果退换，运费是谁的呢,买家咨询退换货运费由谁承担,105
7396,62,请问这款我要90个，价钱能优惠吗,买家咨询买多件能否优惠,62
7397,77,医用护目镜的镜片材质是什么,买家咨询商品的材质/面料,77
7398,74,哈喽 快递收到了吧?,买家咨询商家是否收到寄回的商品,74
7399,112,只有肉松是单独包装的吗,买家咨询优惠券使用规则,112
7400,91,好发邮政吗,买家咨询什么颜色好看,91
7401,75,是三盒送一盒吗？,买家咨询商品包装,75
7402,47,你好！笠款和床单有什么区别,买家要求添加商家微信,47
7403,56,这个收到货了怎么返呢,买家咨询返现方式,56
7404,1,你们这个也太不负责任了吧,买家表达不满/生气,1
7405,23,请问下全场买三免一限购几组,买家表示要重拍,23
7406,82,这个跟店里买的一样吗？,买家咨询商品区别,82
7407,67,好的，我备注，发票随货,买家咨询能否开发票及发票类型和寄送时间,67
7408,15,哦，好的，我可是你们老顾客,买家表示是老顾客,15
7409,73,你好，请问我的睡袋发货了吗？,买家咨询商家发货地,73
7410,22,我把之前的退了哟,买家表示需要退货退款,22
7411,80,我买这个茶叶是买俩袋赠送一袋吗,买家咨询商品价格,80
7412,40,那几款适合早餐,买家需要商品推荐,40
7413,21,亲，裙子不一起发货吗,买家表示先买来试试,21
7414,6,是不是下单16包送16包,买家表示具体时间寄回去,6
7415,78,颜色差的多吗,买家咨询商品的色差问题,78
7416,40,我想买两件18和一件1号商品,买家需要商品推荐,40
7417,49,早上订了这双鞋，地址写错了,买家要求修改收件信息,49
7418,49,徐海雄18150778062福建省福州市长乐区首占镇福州外语外贸学院,买家要求修改收件信息,49
7419,23,衣服吊牌拽掉了，还能退货吗？,买家表示要重拍,23
7420,39,我点错了不好意思,买家向商家表达不好意思,39
7421,110,那就是收到货后再返现吗？,买家咨询退款时间,110
7422,24,我能收到几瓶？？,买家表示已经收到货了,24
7423,48,我直接申请售后，然后选择退邮费吧,买家要求退运费,48
7424,47,哦对了夏秋款 和春秋款的区别大吗,买家要求添加商家微信,47
7425,54,尽快明天发货好么？,买家咨询发货时间,54
7426,99,双11有优惠吗,买家咨询是否有活动,99
7427,110,什么时候反回的到账,买家咨询退款时间,110
7428,72,你好这钙和另一款氨糖软骨钙有什么区别,买家咨询如何下单,72
7429,106,那就麻烦你们那边到时候签收一下,买家咨询退换货支持快递,106
7430,56,下单怎么返现呢,买家咨询返现方式,56
7431,49,想改电话,买家要求修改收件信息,49
7432,110,好，等我搞下,买家咨询退款时间,110
7433,86,买五袋不是送一袋,买家咨询商品是否有赠品,86
7434,79,208克有几个啊,买家咨询商品规格数量,79
7435,6,不是256吗怎么拍不了,买家表示具体时间寄回去,6
7436,1,我日你妈妈,买家表达不满/生气,1
7437,65,你们小店是自产自销，那可不可以定制吗？我要的是衣服加绒袖子不要加绒，袖子要双层布料，可以吗？,买家咨询能否定制,65
7438,79,这个买2袋送一袋？,买家咨询商品规格数量,79
7439,15,那要几天能收到,买家表示是老顾客,15
7440,57,那反106也行,买家咨询返现金额,57
7441,1,烦死了一直掉,买家表达不满/生气,1
7442,19,在这考虑那,买家表示无法下单,19
7443,47,加微信都没人接受啊,买家要求添加商家微信,47
7444,96,我都老顾客了哦,买家咨询是否可以微信支付,96
7445,59,可以帮我开个收据过来吗,买家咨询换货发货时间,59
7446,81,2公斤的有多少个,买家咨询商品具体尺码尺寸,81
7447,2,我的不是预售款吧,买家表达赞美/满意,2
7448,89,这条裙子的质量好吗？,买家咨询商品质量是否有保障,89
7449,62,我买4件  便宜点呗,买家咨询买多件能否优惠,62
7450,105,寄回去快递费你们承担,买家咨询退换货运费由谁承担,105
7451,79,五百克里面有几个,买家咨询商品规格数量,79
7452,50,那先别发货喔,买家要求延迟发货,50
7453,74,请退下运费 已签收,买家咨询商家是否收到寄回的商品,74
7454,75,混合那个有箱子吗,买家咨询商品包装,75
7455,82,我想问下现在下单跟双十二有什么区别,买家咨询商品区别,82
7456,62,现在能发优惠卷吗,买家咨询买多件能否优惠,62
7457,97,，可以指定快递么,买家咨询是否可以指定快递,97
7458,110,有hp返现吗,买家咨询退款时间,110
7459,89,下一批货质量有保证码？,买家咨询商品质量是否有保障,89
7460,92,纯虾仁多重,买家咨询是否可以打折,92
7461,72,这款新疆发货吗,买家咨询如何下单,72
7462,22,还是我申请退款，在重新拍？,买家表示需要退货退款,22
7463,59,你好，我这个换货发了吗,买家咨询换货发货时间,59
7464,116,什么颜色亲,买家咨询赠品是否可以自选,116
7465,97,可以中通吗,买家咨询是否可以指定快递,97
7466,102,在吗，说话啊,买家咨询是否有味道,102
7467,48,那把邮费给我去了吧,买家要求退运费,48
7468,0,还涨价了呀,买家抱怨商品涨价了,0
7469,1,你们这效率也是可以的啦哎,买家表达不满/生气,1
7470,110,给返现吗,买家咨询退款时间,110
7471,15,行！知道了,买家表示是老顾客,15
7472,44,另外就不能在赠送两个吗,买家要求改运费,44
7473,43,地址错了怎么改呢,买家要求改商品信息,43
7474,61,地址好像发错了,买家咨询快递单号,61
7475,1,如果补费用补多少呢,买家表达不满/生气,1
7476,28,老铁~,买家表示再看看,28
7477,25,我刚刚买的,买家表示已下单付款,25
7478,67,跟以前一样 送货单发票随货,买家咨询能否开发票及发票类型和寄送时间,67
7479,46,希望可以早点发货啊,买家要求取消退换货退款,46
7480,49,亲  地址我添错了  帮忙改一下,买家要求修改收件信息,49
7481,69,今年能发货吗？,买家咨询偏远地区是否发货,69
7482,114,我看了换货没有说明运费险怎么给呀,买家咨询运费险赔付规则,114
7483,74,我发回去的卫衣收到了吗？,买家咨询商家是否收到寄回的商品,74
7484,22,那我是现在申请退款嘛,买家表示需要退货退款,22
7485,105,那退那个我就得付运费 /:811,买家咨询退换货运费由谁承担,105
7486,15,退换是需要我出运费吗,买家表示是老顾客,15
7487,102,10个。嗯嗯,买家咨询是否有味道,102
7488,102,你们这个衣服怎么那么大味道。。。。,买家咨询是否有味道,102
7489,97,送收纳箱的减肥效果好点？,买家咨询是否可以指定快递,97
7490,90,整箱700克吗,买家咨询商品重量,90
7491,7,能加快。就早点发货,买家表示麻烦卖家，表达感谢,7
7492,110,返现没返？,买家咨询退款时间,110
7493,60,这个专区买一送一,买家咨询活动规则,60
7494,60,贵店是双十一零点到一点搞活动吗？,买家咨询活动规则,60
7495,90,顺丰不能发吗,买家咨询商品重量,90
7496,79,350克几包,买家咨询商品规格数量,79
7497,105,线下还能换颜色么？,买家咨询退换货运费由谁承担,105
7498,60,买的多，有什么大优惠,买家咨询活动规则,60
7499,74,你好退回去了吗,买家咨询商家是否收到寄回的商品,74
7500,79,有几代,买家咨询商品规格数量,79
7501,65,可以订做吗,买家咨询能否定制,65
7502,89,地址对的，保证质量，尽快发货吧,买家咨询商品质量是否有保障,89
7503,110,您好，衣服退回去了没呀,买家咨询退款时间,110
7504,38,这个买两箱有什么优惠,买家讨价还价,38
7505,54,卖完了那我的这个还会发货吧,买家咨询发货时间,54
7506,82,羊羔绒的外边的料子是一样的吗,买家咨询商品区别,82
7507,86,有多送一袋吗,买家咨询商品是否有赠品,86
7508,110,但是我没收到钱啊？,买家咨询退款时间,110
7509,46,亲爱的你看下我是不是撤销退款了,买家要求取消退换货退款,46
7510,49,可以定制照片是吗,买家要求修改收件信息,49
7511,88,好的谢谢了，急用 感谢,买家咨询商品是什么颜色,88
7512,23,退掉重新买,买家表示要重拍,23
7513,2,晒图好评 有红包吗 /:813,买家表达赞美/满意,2
7514,2,蓝色套装140改成150,买家表达赞美/满意,2
7515,29,怎么一个星期了还没发货呢？,买家催促发货,29
7516,1,我也是醉了，下完单了，有人了,买家表达不满/生气,1
7517,75,赠品还有的对吧/:815,买家咨询商品包装,75
7518,49,我先垫付是？,买家要求修改收件信息,49
7519,111,你查查我的裤子到哪里了，都一个星期了，怎么还没到,买家咨询物流信息,111
7520,1,弹力的腰围显大，裤腿喜欢贴在腿上不满意,买家表达不满/生气,1
7521,60,买三免一还有么,买家咨询活动规则,60
7522,82,植绒和贴标是有什么区别,买家咨询商品区别,82
7523,77,外衣是真皮的吗,买家咨询商品的材质/面料,77
7524,37,买三免一是咋那个的啊,买家确认地址是否修改成功,37
7525,9,这个是三斤的么,买家表示拍错了,9
7526,38,不满100没优惠,买家讨价还价,38
7527,2,你好我想问我的第一条裤子质量很好,买家表达赞美/满意,2
7528,2,好评有奖励没？,买家表达赞美/满意,2
7529,110,不是说买一代送同款吗,买家咨询退款时间,110
7530,35,刚去弄孩子了。不好意思，我还是比较纠结这个大抱枕的颜色,买家发送支付宝账号,35
7531,79,2斤多少个,买家咨询商品规格数量,79
7532,62,那我现在把它退了，我再重新买过吧,买家咨询买多件能否优惠,62
7533,82,是5G有区别吗,买家咨询商品区别,82
7534,20,我的这个件都五天了，还没开始派送呢，怎么回事啊，也太慢了吧,买家表示物流太慢了,20
7535,22,你好，我可以申请退款吗,买家表示需要退货退款,22
7536,89,这蛋糕品质保证吧,买家咨询商品质量是否有保障,89
7537,5,好的，清楚了,买家表示好的,5
7538,43,颜色帮我改成深灰色,买家要求改商品信息,43
7539,49,我在香港，深圳手机号打不通。,买家要求修改收件信息,49
7540,3,没有快递，不买，勿扰,买家表示不想要了,3
7541,15,又买了好多次了,买家表示是老顾客,15
7542,60,现在活动是任意买2件，免一件吗？,买家咨询活动规则,60
7543,2,我去年买的，挺好的,买家表达赞美/满意,2
7544,35,我买的这两款都是买一送一的吗？,买家发送支付宝账号,35
7545,94,我再来一个。我拍你改价,买家咨询是否可以改价,94
7546,78,不是价格的问题，就怕颜色差别太大。,买家咨询商品的色差问题,78
7547,80,老顾客了价钱便宜点吧,买家咨询商品价格,80
7548,97,申通么？,买家咨询是否可以指定快递,97
7549,29,请给我发快点谢谢,买家催促发货,29
7550,82,我的意思是长款和短款有啥区别,买家咨询商品区别,82
7551,41,试了一下，有点大，不想退了，你申请补偿吧,买家要求补偿,41
7552,97,广州可以指定快递吗,买家咨询是否可以指定快递,97
7553,79,我数了，67只，上次68,买家咨询商品规格数量,79
7554,79,你好，这是一斤对吧,买家咨询商品规格数量,79
7555,86,有没有赠品送,买家咨询商品是否有赠品,86
7556,110,需要延迟发货,买家咨询退款时间,110
7557,104,赔偿5元呢,买家咨询退换货规则,104
7558,44,亲 看一下能改邮费了吗,买家要求改运费,44
7559,105,尺码选的不合适可以退换货吗，运费谁负责呢,买家咨询退换货运费由谁承担,105
7560,111,你看快递在哪呢，就催,买家咨询物流信息,111
7561,54,现在加入购物车明天会发货么,买家咨询发货时间,54
7562,19,老板给是没有货在不发货我就退货了！,买家表示无法下单,19
7563,66,一件发给你了,买家咨询能否分开/一起发货,66
7564,26,这个券不能用的么？,买家表示优惠券无法使用,26
7565,46,那现在不退了可以吗,买家要求取消退换货退款,46
7566,43,其他当天买的都已经到货了 就你们到现在还没发货,买家要求改商品信息,43
7567,65,有没有企业文化定制款的,买家咨询能否定制,65
7568,65,7*10厘米绿色的可以定制吗,买家咨询能否定制,65
7569,111,你那边发货就给我单号,买家咨询物流信息,111
7570,79,9个吗,买家咨询商品规格数量,79
7571,110,可是我这里都没收到啊,买家咨询退款时间,110
7572,117,嗯，那我直接延长收货吗,买家咨询自己的旺旺昵称,117
7573,1,/:065 /:065 其实我也是老客户了,买家表达不满/生气,1
7574,27,我刚下班有点懵,买家表示有疑问/不理解,27
7575,59,在不 我的衣服换货发回来了吗,买家咨询换货发货时间,59
7576,4,那我要点申请退款吗？,买家表示地址正确,4
7577,111,亲问一下为什么我的物流不更新了,买家咨询物流信息,111
7578,46,这个订单可以帮我取消吗？我重新拍....,买家要求取消退换货退款,46
7579,105,请问积分兑换的面膜包邮吗？,买家咨询退换货运费由谁承担,105
7580,58,已收到货请及时返现,买家咨询返现时间,58
7581,33,之前拍的100太小了 想退货 重新拍大码,买家发送结束语,33
7582,24,收到后，感觉特别次,买家表示已经收到货了,24
7583,86,核实过直接退回吧,买家咨询商品是否有赠品,86
7584,73,从哪里发过,买家咨询商家发货地,73
7585,111,在催快递了,买家咨询物流信息,111
7586,8,不要百世蜗牛速度,买家表示马上下单付款,8
7587,82,九分的升级版和普通的有什么区别吗,买家咨询商品区别,82
7588,31,。    你好,买家打招呼,31
7589,37,我的地址你改了没,买家确认地址是否修改成功,37
7590,70,谢谢  裤子真是好啊太喜欢了,买家咨询如何加入会员,70
7591,55,哦哪算了我这收不到其他快递,买家咨询发什么快递,55
7592,73,我说从哪里发货,买家咨询商家发货地,73
7593,22,我昨天的换货申请，你同意一下,买家表示需要退货退款,22
7594,66,为什么我申请不了退款,买家咨询能否分开/一起发货,66
7595,60,哦！送发带,买家咨询活动规则,60
7596,60,发我两款一样吗,买家咨询活动规则,60
7597,65,十字绣可以自发图片定制吗,买家咨询能否定制,65
7598,60,以前都是三送一是,买家咨询活动规则,60
7599,90,这个是多重的呢,买家咨询商品重量,90
7600,60,可以送几条围裙吗？,买家咨询活动规则,60
7601,110,那个返现和补贴什么时候到账,买家咨询退款时间,110
7602,55,独立包装吧,买家咨询发什么快递,55
7603,33,这个有多少斤,买家发送结束语,33
7604,60,请问这个买一送一是要同一件衣服吗,买家咨询活动规则,60
7605,80,这个怎么买第二份半价呢？,买家咨询商品价格,80
7606,1,看清楚问题，换货也是运费自理吗,买家表达不满/生气,1
7607,54,九码我提交的订单对不,买家咨询发货时间,54
7608,78,帮别人买的，不能有色差呀,买家咨询商品的色差问题,78
7609,110,是现在返给我么？,买家咨询退款时间,110
7610,14,等我问一下。,买家表示稍等,14
7611,99,这个裤子是买一送一吗,买家咨询是否有活动,99
7612,60,下面的两款和第一款现在是买一送一吗？,买家咨询活动规则,60
7613,102,送的麻薯没有,买家咨询是否有味道,102
7614,1,一着急拍错码了,买家表达不满/生气,1
7615,82,亲  这个升级有什么差别,买家咨询商品区别,82
7616,53,您好 在吗，,买家咨询到货时间,53
7617,60,不是说前一小时买一送一吗,买家咨询活动规则,60
7618,60,这个买一送一的活动，然后我再买一件可以用优惠劵吗,买家咨询活动规则,60
7619,1,亲，好评返现吗？,买家表达不满/生气,1
7620,81,你不是说收货返我2元吗,买家咨询商品具体尺码尺寸,81
7621,14,亲亲  这条裤子 参与慢四百减五十的活动吗,买家表示稍等,14
7622,53,亲，可以延长下收货时间嘛,买家咨询到货时间,53
7623,90,你好，19.6元买二减5的蛋糕，一份的重量多少？,买家咨询商品重量,90
7624,90,亲，一袋是多少克,买家咨询商品重量,90
7625,74,收到了吧  我这边显示签收了,买家咨询商家是否收到寄回的商品,74
7626,117,还要多久，已经三天了,买家咨询自己的旺旺昵称,117
7627,57,你好，我已付款，确认一下收到货后返现多少,买家咨询返现金额,57
7628,72,可以买单个的吗？,买家咨询如何下单,72
7629,71,为啥我的3元不能领券,买家咨询如何领取优惠券,71
7630,96,淘宝可以微信支付吗？,买家咨询是否可以微信支付,96
7631,109,为啥没有退回我的银行卡里？,买家咨询退款去向,109
7632,103,给个退货地址，我要退货，衣服大了，裤子小了,买家咨询退换货地址,103
7633,87,买四免一是确认收货后返现吗,买家咨询商品是否有质保，质保多久,87
7634,1,不看清楚瞎发货，退也麻烦,买家表达不满/生气,1
7635,82,石英和卤素区别,买家咨询商品区别,82
7636,71,开票的话上面写“办公用品”可以吗？,买家咨询如何领取优惠券,71
7637,26,发票是寄给我吗,买家表示优惠券无法使用,26
7638,20,买6瓶可以寄中通快递吗,买家表示物流太慢了,20
7639,19,双十一怎么拍都拍不到,买家表示无法下单,19
7640,95,效果不错，就是有点刺鼻的味道,买家咨询是否可以拒收,95
7641,38,我要不买了让我妈试试吧,买家讨价还价,38
7642,37,地址改好了吗,买家确认地址是否修改成功,37
7643,70,大概还要几天呢,买家咨询如何加入会员,70
7644,88,搞不懂什么意思,买家咨询商品是什么颜色,88
7645,55,你好，请问亲发什么快递？,买家咨询发什么快递,55
7646,60,毛衣现在是买一送一吗,买家咨询活动规则,60
7647,53,到北京顺风几天,买家咨询到货时间,53
7648,12,我的订单按错了,买家表示商家发错货了,12
7649,54,你好。 今天拍下  今天能不能发货吗？,买家咨询发货时间,54
7650,117,在吗 能否给我物流单号,买家咨询自己的旺旺昵称,117
7651,43,为什么问的没回答发一些乱七八糟的,买家要求改商品信息,43
7652,48,不换了，你出运费我就退,买家要求退运费,48
7653,27,我就是不太懂,买家表示有疑问/不理解,27
7654,61,你好，麻烦帮我开个收据呀,买家咨询快递单号,61
7655,16,地址完全正确！,买家表示收件信息不需要修改了,16
7656,92,这件不参与双11的打折吗？,买家咨询是否可以打折,92
7657,86,有没有箱子送,买家咨询商品是否有赠品,86
7658,57,谢谢你们啊,买家咨询返现金额,57
7659,22,我不是申请退货退款了呢,买家表示需要退货退款,22
7660,89,你们这个效率也太差了吧 既然没有现货 为什么显示库存还有那么多,买家咨询商品质量是否有保障,89
7661,105,邮费必须我先垫付嘛,买家咨询退换货运费由谁承担,105
7662,16,地址不改了 /:815,买家表示收件信息不需要修改了,16
7663,14,好的，等一下哦,买家表示稍等,14
7664,97,请帮我发中通快递,买家咨询是否可以指定快递,103
7665,43,你好请问能定做吗,买家要求改商品信息,43
7666,86,这个赠品小了的话可以退换不,买家咨询商品是否有赠品,86
7667,73,你这是从哪发货的,买家咨询商家发货地,73
7668,111,吊牌摘了还可以吗？,买家咨询物流信息,111
7669,23,退款原因，看聊天记录,买家表示要重拍,23
7670,32,我已经退货了，不能退款吗,买家对特定款式/颜色表达喜好,32
7671,54,好的我现在拍下什么时候发货呀,买家咨询发货时间,54
7672,110,发到东莞要多久啊,买家咨询退款时间,110
7673,1,乱他妈的推荐尺码,买家表达不满/生气,1
7674,23,不是不要，我想重新拍，,买家表示要重拍,23
7675,82,电源线加不加粗有什么区别吗,买家咨询商品区别,82
7676,90,多少克啊这个,买家咨询商品重量,90
7677,14,v好等下去买。,买家表示稍等,14
7678,74,你好，咱们发什么快递，今天可以发货吗,买家咨询商家是否收到寄回的商品,74
7679,22,好，东西我不换了,买家表示需要退货退款,22
7680,79,那我直接选一个拍 到手多少片？,买家咨询商品规格数量,79
7681,83,我看一下再回复您,买家咨询商品上新时间,83
7682,5,亲，我添加微信了,买家表示好的,5
7683,99,可以定做，1.5m，50厘米的吗,买家咨询是否有活动,99
7684,29,两天了快递还不送货吗,买家催促发货,29
7685,86,能不能给我赠送120g的,买家咨询商品是否有赠品,86
7686,90,你好这个多少斤呢,买家咨询商品重量,90
7687,82,加绒和厚绒有啥区别呢,买家咨询商品区别,82
7688,79,500克几个装,买家咨询商品规格数量,79
7689,30,那你包邮换吧,买家催促回复,30
7690,111,这一件只显示揽收，没有物流,买家咨询物流信息,111
7691,40,现在拍和双十一的优惠一样吗,买家需要商品推荐,40
7692,3,那衣服涨价了么？？,买家表示不想要了,3
7693,76,你好，衣服已经给你们发过去了,买家咨询商品产地,76
7694,22,我直接申请退货就行了吧,买家表示需要退货退款,22
7695,7,好的，谢谢哈,买家表示麻烦卖家，表达感谢,7
7696,41,这个裤子买两件便宜一点行吗,买家要求补偿,41
7697,49,新疆发哪家快递？,买家要求修改收件信息,49
7698,44,对了  买三免一,买家要求改运费,44
7699,36,帮我早点发货呀,买家反馈收到的商品有问题,36
7700,97,快递麻烦帮我备注下发邮政,买家咨询是否可以指定快递,105
7701,67,亲 你们能开电子发票吗,买家咨询能否开发票及发票类型和寄送时间,67
7702,1,漏了很多回来,买家表达不满/生气,1
7703,88,而且色差很大呢,买家咨询商品是什么颜色,88
7704,60,这个不能价保双十一吗,买家咨询活动规则,60
7705,99,今天买还买一送一嘛,买家咨询是否有活动,99
7706,93,车身是合金的还是硬塑的,买家咨询是否可以发顺丰,93
7707,80,12.9元多少片,买家咨询商品价格,80
7708,22,忘记用优惠券了，已申请退款，重新拍啊,买家表示需要退货退款,22
7709,82,和89的有什么区别呢？,买家咨询商品区别,82
7710,41,你那边能给补偿多少钱？,买家要求补偿,41
7711,0,电池今天能发货吗？,买家抱怨商品涨价了,0
7712,71,不好意思啊，等下去好评,买家咨询如何领取优惠券,71
7713,38,我买过了想再买一件，怎么涨价了？,买家讨价还价,38
7714,67,我真没拆过。,买家咨询能否开发票及发票类型和寄送时间,67
7715,54,啥时候能发货，亲,买家咨询发货时间,54
7716,61,我加入购物车到双十一买有优惠吗,买家咨询快递单号,61
7717,1,可是买家秀骗不了我鸭,买家表达不满/生气,1
7718,65,这个选那个接头后还能不能定制？,买家咨询能否定制,65
7719,99,第二份半价对吧,买家咨询是否有活动,99
7720,55,那是发什么快递的,买家咨询发什么快递,55
7721,17,不是我买哦，我给别人带买的,买家表示送人的,17
7722,29,我这单子都四天了还没发,买家催促发货,29
7723,36,肉松饼漏气了/:018,买家反馈收到的商品有问题,36
7724,12,我要定制一款,买家表示商家发错货了,12
7725,94,直接就能帮我改了吗？,买家咨询是否可以改价,94
7726,57,已收货，请帮忙开具发票,买家咨询返现金额,57
7727,104,那个衣服我收到了 怎么样返现呢,买家咨询退换货规则,104
7728,87,亲，刚才说三年质保？,买家咨询商品是否有质保，质保多久,87
7729,3,衣服太宽松，不喜欢,买家表示不想要了,3
7730,7,好的，我看一下，谢谢啊,买家表示麻烦卖家，表达感谢,7
7731,74,衣服今天已经寄回了，请注意查收,买家咨询商家是否收到寄回的商品,74
7732,73,衣服从哪里发过来的,买家咨询商家发货地,73
7733,105,还有就是退换货运费怎么算啊,买家咨询退换货运费由谁承担,105
7734,82,亲，T57黑和809黑有什么区别,买家咨询商品区别,82
7735,27,对，谢谢您/:803,买家表示有疑问/不理解,27
7736,59,我的换货发了吗？,买家咨询换货发货时间,59
7737,105,运费险包换货运费包,买家咨询退换货运费由谁承担,105
7738,12,怎么发来是m的啊,买家表示商家发错货了,12
7739,79,单个包装吗,买家咨询商品规格数量,79
7740,22,看见回我，我申请退款,买家表示需要退货退款,22
7741,77,这个衣服是皮面吧？,买家咨询商品的材质/面料,77
7742,106,邮中通快递退货可以吗?,买家咨询退换货支持快递,106
7743,10,可以给我快点发吗 哭哭,买家表示伤心难过,10
7744,82,特价款和正价有什么区别,买家咨询商品区别,82
7745,1,这些您就更有理有力不用承担责任了,买家表达不满/生气,1
7746,75,想问一下如果裙子不合适退回去换包邮吗,买家咨询商品包装,75
7747,90,含冰和不含冰不含大虾里面的重量吧,买家咨询商品重量,90
7748,79,我定购的是买2送1茶叶2019新茶 怎么收到的只有1包仅半斤,买家咨询商品规格数量,79
7749,61,毛领明天给你寄哈,买家咨询快递单号,61
7750,62,这个衣服双11会搞活动吗,买家咨询买多件能否优惠,62
7751,60,买三免一是先付款然后后面在退吗,买家咨询活动规则,60
7752,64,我给你们寄到付吗,买家咨询能否到付,64
7753,60,再重拍可以吧,买家咨询活动规则,60
7754,47,看，我这里那么冷可以早点发货吗,买家要求添加商家微信,47
7755,64,运费险几天能到账,买家咨询能否到付,64
7756,105,运费险是怎么处理,买家咨询退换货运费由谁承担,105
7757,67,两件一起拍可以分开发货吗,买家咨询能否开发票及发票类型和寄送时间,67
7758,92,这个地址没错。我回老家了,买家咨询是否可以打折,92
7759,66,我一下拍两份可以发两个地址吗,买家咨询能否分开/一起发货,66
7760,77,宽可以定制110的吗？ /:^_^,买家咨询商品的材质/面料,77
7761,49,刚才我下单一双鞋，地址错了,买家要求修改收件信息,49
7762,30,还有一个问题你没回答我,买家催促回复,30
7763,24,你好 请问1992和1718有什么区别,买家表示已经收到货了,24
7764,12,你好，我拍下的裤子是灰色的，但是我收到的是咖啡色的,买家表示商家发错货了,12
7765,82,这两款区别在哪儿,买家咨询商品区别,82
7766,84,这款可以送保温杯吗,买家咨询商品是不是预售款,84
7767,73,发货地是哪里,买家咨询商家发货地,73
7768,66,我可以用微信付款吗,买家咨询能否分开/一起发货,66
7769,20,你的快递真的慢啊,买家表示物流太慢了,20
7770,34,跨店满四百还可以减,买家发送开票信息,34
7771,65,你们店可以定制吗？,买家咨询能否定制,65
7772,60,这是几g,买家咨询活动规则,60
7773,62,问题是买一件优惠五元，买六件也优惠五元吗？,买家咨询买多件能否优惠,62
7774,94,我直接拍还是你改价,买家咨询是否可以改价,94
7775,90,请问一袋有多重,买家咨询商品重量,90
7776,3,这两样我不要了,买家表示不想要了,3
7777,54,你好，发票这边什么时候能开好呢,买家咨询发货时间,54
7778,90,那个k171和k189有什么区别吗,买家咨询商品重量,90
7779,0,你们可以定制我们的图案吗,买家抱怨商品涨价了,0
7780,82,这个和刚才那个有什么区别呢,买家咨询商品区别,82
7781,1,谢谢，给你舔麻烦了,买家表达不满/生气,1
7782,52,这个蓝色的什么时候有s码呀,买家咨询补货/上货时间,52
7783,1,你们的物流我真的醉了,买家表达不满/生气,1
7784,82,29.9跟19.9有什么区别啊,买家咨询商品区别,82
7785,97,你这个图片不是一袋送杯子加5袋吗,买家咨询是否可以指定快递,97
7786,45,每提多少克？,买家要求核对订单信息,45
7787,9,这几件号码拍错了，我想退了重新拍亲,买家表示拍错了,9
7788,7,好的，谢谢你啦，因为是运动会要求穿有点急,买家表示麻烦卖家，表达感谢,7
7789,97,可以发邮政和韵达吗,买家咨询是否可以指定快递,97
7790,22,可不可以先申请退款,买家表示需要退货退款,22
7791,47,亲，你直接加我的微信13659860185,买家要求添加商家微信,47
7792,29,那我查看物流已经发货了哦,买家催促发货,29
7793,12,我拍的裤子颜色发错了,买家表示商家发错货了,12
7794,103,那个退货地址呢,买家咨询退换货地址,103
7795,21,不是的，我要等孩子下周回来试过了才知道要不要退,买家表示先买来试试,21
7796,75,大约多少包,买家咨询商品包装,75
7797,99,双11有没有优惠啊,买家咨询是否有活动,99
7798,25,结果下单之下了一个,买家表示已下单付款,25
7799,29,进量快点,买家催促发货,29
7800,73,你不觉得很搞笑吗，你看一下时间，自己操作的吧,买家咨询商家发货地,73
7801,49,我比较喜欢深色一点的灰色,买家要求修改收件信息,49
7802,24,?? 刚收到今天,买家表示已经收到货了,24
7803,42,这次别发错货就行,买家要求发货检查,42
7804,30,你们怎么不说话了,买家催促回复,30
7805,14,之前的睡觉了,买家表示稍等,14
7806,23,没有，先帮我退了，我要重新买,买家表示要重拍,23
7807,19,你好  我尺码拍小了  然后想退了 重新拍,买家表示无法下单,19
7808,28,谢谢！亲，你家的衣服穿着很舒服,买家表示再看看,28
7809,111,我这个怎么这么久没有物流信息的,买家咨询物流信息,111
7810,0,不懂什么意思。,买家抱怨商品涨价了,0
7811,111,那你查一下快递到哪里了,买家咨询物流信息,111
7812,23,那我先退了，再从新下单,买家表示要重拍,23
7813,60,亲，怎么修改收货地址,买家咨询活动规则,60
7814,90,这一片几克呢,买家咨询商品重量,90
7815,22,我一件已经申请退款了,买家表示需要退货退款,22
7816,73,那个裤子能退八十？,买家咨询商家发货地,73
7817,0,嗨！！！有人在吗！！！,买家抱怨商品涨价了,0
7818,84,带冰3斤还是净重3斤,买家咨询商品是不是预售款,84
7819,29,您好，货品为什么还不发货,买家催促发货,29
7820,60,满400减50可以跨店消费吗？,买家咨询活动规则,60
7821,71,亲，这款棉服走什么活动没？,买家咨询如何领取优惠券,71
7822,29,你好，我不退了，要撤回退货申请,买家催促发货,29
7823,65,查也查不到,买家咨询能否定制,65
7824,104,衣服不合适可以退换的是吧,买家咨询退换货规则,104
7825,94,我买一斤送一斤吗,买家咨询是否可以改价,94
7826,75,9.9多少袋？,买家咨询商品包装,75
7827,65,袋子可以定制吗？,买家咨询能否定制,49
7828,36,青色的色差大吗,买家反馈收到的商品有问题,36
7829,81,或者说一个大概有多少克嘛,买家咨询商品具体尺码尺寸,81
7830,99,双十一你们竟然没有优惠,买家咨询是否有活动,99
7831,5,所以要考虑考虑,买家表示好的,5
7832,81,店铺满299减10优惠券  和签到优惠券能叠加吗,买家咨询商品具体尺码尺寸,81
7833,67,我换的鞋发货了吗,买家咨询能否开发票及发票类型和寄送时间,67
7834,1,你们也太不负责任了吧,买家表达不满/生气,1
7835,71,可以走邮政或顺丰吗,买家咨询如何领取优惠券,71
7836,104,我是吊牌,买家咨询退换货规则,104
7837,3,我是领红包买的花了371，我若是退了再买这个价就买不了了,买家表示不想要了,3
7838,65,这一款衣服饰真皮的吗,买家咨询能否定制,65
7839,61,给开发票，包邮是吧,买家咨询快递单号,61
7840,33,哪个加微信的呢,买家发送结束语,33
7841,60,你们跨店满减吗？,买家咨询活动规则,60
7842,94,是下单然后你改价么？,买家咨询是否可以改价,94
7843,50,九天了！怎么还没发货啊？,买家要求延迟发货,50
7844,65,亲，一个也可以定制名字么？,买家咨询能否定制,65
7845,65,我想定制圆形的,买家咨询能否定制,65
7846,52,现在下单最快什么时候可以发出,买家咨询补货/上货时间,52
7847,97,我买了这个手表它会送专属礼盒是不是,买家咨询是否可以指定快递,97
7848,36,那订单编号？,买家反馈收到的商品有问题,36
7849,67,普票即可,买家咨询能否开发票及发票类型和寄送时间,67
7850,12,你们是不是把我衣服发错了,买家表示商家发错货了,12
7851,67,货已收到，还可以。发票也可以开了的,买家咨询能否开发票及发票类型和寄送时间,67
7852,50,我的快递怎么没更新，发货了没,买家要求延迟发货,50
7853,0,涨价了。。,买家抱怨商品涨价了,0
7854,72,长袖怎么拍？,买家咨询如何下单,72
7855,102,有点刺鼻味道！,买家咨询是否有味道,102
7856,114,说退运费的,买家咨询运费险赔付规则,114
7857,45,我的地址改了吗,买家要求核对订单信息,45
7858,67,上次买的，要开发票怎么开呢？,买家咨询能否开发票及发票类型和寄送时间,67
7859,65,这个能定制吗,买家咨询能否定制,65
7860,60,这套汉服双十一有优惠吗,买家咨询活动规则,60
7861,1,你们这店铺就骗人,买家表达不满/生气,1
7862,43,回头客来,买家要求改商品信息,43
7863,78,感觉这个裤子有点色差啊,买家咨询商品的色差问题,78
7864,60,买一送一20个吗,买家咨询活动规则,86
7865,65,你好，请问你们有定制的尺寸吗？,买家咨询能否定制,65
7866,59,我换货的发出了吗,买家咨询换货发货时间,59
7867,81,这一小包里面有多少克,买家咨询商品具体尺码尺寸,81
7868,22,你好，我重拍了，你帮我同意下一下退款申请,买家表示需要退货退款,22
7869,7,货我不退了，你补偿我5元。,买家表示麻烦卖家，表达感谢,7
7870,111,涨价了  奶粉,买家咨询物流信息,111
7871,65,我是四川的，可以指定发韵达快递吗,买家咨询能否定制,65
7872,0,你们运费险可太贵了吧,买家抱怨商品涨价了,0
7873,41,那你们对我就没有赔偿吗？,买家要求补偿,41
7874,43,你家最好的的是吗,买家要求改商品信息,43
7875,98,亲  你们家好评返现吗,买家咨询是否有好评返现,98
7876,74,亲亲 我的裙子已经签收了哦,买家咨询商家是否收到寄回的商品,74
7877,82,跟黑麦的啥区别,买家咨询商品区别,82
7878,78,我怕有色差太大了。,买家咨询商品的色差问题,78
7879,82,49.9元的和59.9元的什么区别,买家咨询商品区别,82
7880,29,亲，地址对，请尽快发货吧！前几天刚买一条穿的挺好，这次再次购买，请尽快发货,买家催促发货,29
7881,13,注意收一下,买家表示商品已经寄回去了,13
7882,82,这个的区别呢,买家咨询商品区别,82
7883,41,不是净重4斤呀,买家要求补偿,41
7884,86,亲，我拍一瓶，你们发两瓶？,买家咨询商品是否有赠品,86
7885,43,能不能把我这件衣服改成M码,买家要求改商品信息,43
7886,114,运费没给我退吗,买家咨询运费险赔付规则,114
7887,112,还没有推荐呢,买家咨询优惠券使用规则,112
7888,114,重新拍了一条厚的,买家咨询运费险赔付规则,114
7889,25,我拍好了啊,买家表示已下单付款,25
7890,82,和现在买的一样吗,买家咨询商品区别,82
7891,63,是买7个送7个吗？,买家咨询哪款更好,63
7892,76,你们原产地在哪里啊,买家咨询商品产地,76
7893,105,重新换一个？那运费呢,买家咨询退换货运费由谁承担,105
7894,59,亲我换的货发出了吗？给个运单号,买家咨询换货发货时间,59
7895,86,买一个也送收纳箱吗,买家咨询商品是否有赠品,86
7896,16,可以帮我改加大码的吗？,买家表示收件信息不需要修改了,16
7897,80,这款有买一送一吧,买家咨询商品价格,80
7898,5,等一会,买家表示好的,5
7899,3,一袋是1千克吗,买家表示不想要了,3
7900,97,汕头 中通吗,买家咨询是否可以指定快递,97
7901,65,70宽的门定制75吗？,买家咨询能否定制,65
7902,90,一起77.9,买家咨询商品重量,90
7903,24,拍一箱发两箱,买家表示已经收到货了,24
7904,82,三种角有什么区别？,买家咨询商品区别,82
7905,7,麻烦你给他们说下，谢谢，,买家表示麻烦卖家，表达感谢,7
7906,79,一斤软面包大概多少个么,买家咨询商品规格数量,79
7907,111,你这化了冰有多重,买家咨询物流信息,111
7908,54,亲，什么时候发货？,买家咨询发货时间,54
7909,82,两个版本有啥区别,买家咨询商品区别,82
7910,4,嗯，地址对的,买家表示地址正确,4
7911,60,好的，这些都是买二送一吗,买家咨询活动规则,60
7912,97,发邮政要补钱算了不买了,买家咨询是否可以指定快递,97
7913,60,送个勺子吧??,买家咨询活动规则,60
7914,82,亲有扣和无扣布料是一样的吗,买家咨询商品区别,82
7915,109,为什么退款没到银行卡里？,买家咨询退款去向,109
7916,58,客户都在投诉以后不买了,买家咨询返现时间,58
7917,89,保证质量谢谢啦,买家咨询商品质量是否有保障,89
7918,60,买 2 送一，是吧,买家咨询活动规则,60
7919,19,买不了两件就不要了,买家表示无法下单,19
7920,54,不用改 尽快发货,买家咨询发货时间,54
7921,31,亲 亲亲,买家打招呼,31
7922,105,公仔面送两碗行吗,买家咨询退换货运费由谁承担,105
7923,90,700克小面包2箱，,买家咨询商品重量,90
7924,49,修改地址怎么能修改了,买家要求修改收件信息,49
7925,49,709879265121027147地址改成河南省滑县人民路与黄河路交叉口环保局段恬恬15837272569,买家要求修改收件信息,49
7926,30,到时候返多少钱啊,买家催促回复,30
7927,55,我只能寄中通哦,买家咨询发什么快递,55
7928,2,您好这个还有优惠卷的吗,买家表达赞美/满意,2
7929,98,亲好评有活动吗？,买家咨询是否有好评返现,98
7930,80,一斤是多少g,买家咨询商品价格,80
7931,0,真涨价,买家抱怨商品涨价了,0
7932,22,直接退掉重新拍吧,买家表示需要退货退款,22
7933,75,是不是独立包装的？,买家咨询商品包装,75
7934,49,我拍错地址,买家要求修改收件信息,49
7935,108,但是我女士的不用退啊,买家咨询退款金额,108
7936,108,收货后退现金？,买家咨询退款金额,108
7937,105,寄的运费怎么办,买家咨询退换货运费由谁承担,105
7938,55,今天拍下内蒙发什么快递,买家咨询发什么快递,55
7939,67,已收货，发票什么时候开,买家咨询能否开发票及发票类型和寄送时间,67
7940,68,直接耽误时间，你们这样，买卖还怎么做,买家咨询能否提前享受优惠,68
7941,99,前两天买还便宜啊怎么又涨价,买家咨询是否有活动,99
7942,117,这个小号120颗和169有啥区别？,买家咨询自己的旺旺昵称,117
7943,82,加绒的，绒的料子都一样吧,买家咨询商品区别,82
7944,49,地址错了可以改地址吗,买家要求修改收件信息,49
7945,23,已退重新购买了,买家表示要重拍,23
7946,6,那如果两件132，是不是收到货给我退回来66元？,买家表示具体时间寄回去,6
7947,36,这次这包装太随便了吧,买家反馈收到的商品有问题,36
7948,48,那什么时候赔运费呢,买家要求退运费,48
7949,3,你好，可以催一下快递公司吗？,买家表示不想要了,3
7950,60,这不是说买一送一的吗,买家咨询活动规则,60
7951,35,这回都给我发错了,买家发送支付宝账号,35
7952,60,我看双十一可以便宜点,买家咨询活动规则,60
7953,71,三件衣服优惠多少,买家咨询如何领取优惠券,71
7954,43,那好吧我提交订单你改下价喔,买家要求改商品信息,43
7955,7,意思是全装一个盒里了，是吧,买家表示麻烦卖家，表达感谢,7
7956,36,挑质量好点，看仔细别发错货哦,买家反馈收到的商品有问题,36
7957,76,把柄是什么材质?,买家咨询商品产地,76
7958,97,亲亲，麻烦帮我备注，不要发申通,买家咨询是否可以指定快递,97
7959,90,我找不到我不想要了,买家咨询商品重量,90
7960,87,加钱送碗吗,买家咨询商品是否有质保，质保多久,87
7961,93,可以发顺丰嘛？我补运费,买家咨询是否可以发顺丰,93
7962,37,电话名字改了吗,买家确认地址是否修改成功,37
7963,114,你好，运险费怎么退的,买家咨询运费险赔付规则,114
7964,12,我买的颜色发错了,买家表示商家发错货了,12
7965,41,给我补款吧,买家要求补偿,41
7966,78,红烧肉颜色正吗,买家咨询商品的色差问题,78
7967,65,请开具增值税专用发票，谢谢,买家咨询能否定制,65
7968,71,这件有优惠券,买家咨询如何领取优惠券,71
7969,22,你好，有一件需要退货，发什么快递,买家表示需要退货退款,22
7970,74,你好裤子前天已经寄回去了收到了吗？,买家咨询商家是否收到寄回的商品,74
7971,86,买一送一的怎么返现？,买家咨询商品是否有赠品,86
7972,90,多少克？,买家咨询商品重量,90
7973,16,就问还要几天,买家表示收件信息不需要修改了,16
7974,88,怎么撤回那个退款呀,买家咨询商品是什么颜色,88
7975,60,我买的200g送200g，我买了俩箱,买家咨询活动规则,60
7976,65,底座是啥材质的呢,买家咨询能否定制,65
7977,49,这个衣服想换个小一码的，怎么换？,买家要求修改收件信息,49
7978,75,你这个肉松饼是不是独立包装的,买家咨询商品包装,75
7979,55,你们的快递真搞笑,买家咨询发什么快递,55
7980,73,不是说杭州发货吗,买家咨询商家发货地,73
7981,82,床笠和床单是什么区别啊？,买家咨询商品区别,82
7982,93,这顺丰也不快呀,买家咨询是否可以发顺丰,93
7983,33,被骗服输吧,买家发送结束语,33
7984,110,收到货返是吗？,买家咨询退款时间,110
7985,23,还有一件没拍，可以退款重拍吗,买家表示要重拍,23
7986,111,你快帮我查查,买家咨询物流信息,111
7987,83,小姐姐，双十二会上新吗,买家咨询商品上新时间,83
7988,97,备注发的是中通,买家咨询是否可以指定快递,97
7989,86,买1箱送收纳盒吗,买家咨询商品是否有赠品,86
7990,86,买一箱送吗,买家咨询商品是否有赠品,86
7991,52,这件货什么时候有货,买家咨询补货/上货时间,52
7992,29,亲 这可以尽量发货吗？,买家催促发货,29
7993,97,湖南可以发邮政不,买家咨询是否可以指定快递,97
7994,32,很喜欢蓝色！！,买家对特定款式/颜色表达喜好,32
7995,1,这个人的态度不好,买家表达不满/生气,1
7996,4,速度发货地址正确,买家表示地址正确,4
7997,24,你好，我退的那个你们已经收到了,买家表示已经收到货了,24
7998,97,嗯，打算拍几件，可以优惠点吗,买家咨询是否可以指定快递,97
7999,102,这味道也太大了吧,买家咨询是否有味道,102
8000,48,退款收到了，运费什么时候能退么,买家要求退运费,48
8001,94,昨天快递耽误了就没来，所以今天才寄,买家咨询是否可以改价,94
8002,88,小姐姐这是什么颜色,买家咨询商品是什么颜色,88
8003,76,啊，是什么材质的啊？,买家咨询商品产地,76
8004,40,运费你们出承担？,买家需要商品推荐,40
8005,85,你好，这个瓶子的盖子有单独卖吗,买家咨询商品是否可以单买/单卖,85
8006,77,是羊皮毛的么？,买家咨询商品的材质/面料,77
8007,0,那我就不要了喔,买家抱怨商品涨价了,0
8008,88,夏季的新款后面会上新吗,买家咨询商品是什么颜色,88
8009,82,l号和xl号有啥子区别呢,买家咨询商品区别,82
8010,52,这款什么时候有码数,买家咨询补货/上货时间,52
8011,48,已经确认！收货了，是不可以退运费了？,买家要求退运费,48
8012,43,我想订做尺寸,买家要求改商品信息,43
8013,105,你好，我的退回邮费陪付了吗？,买家咨询退换货运费由谁承担,105
8014,90,这一款有多重,买家咨询商品重量,90
8015,84,我买的这件是现货还是预售呢,买家咨询商品是不是预售款,84
8016,25,我刚才已付款，打算再买一件可不可以少10元钱,买家表示已下单付款,25
8017,56,旺旺名是，支付宝吗,买家咨询返现方式,56
8018,17,我是买来送人的，不知道买多大的码子好。,买家表示送人的,17
8019,71,这个明天还有活动吗,买家咨询如何领取优惠券,71
8020,87,能不能帮忙打个折,买家咨询商品是否有质保，质保多久,87
8021,55,这个新疆发什么快递,买家咨询发什么快递,55
8022,91,米白色大衣配什么颜色好看,买家咨询什么颜色好看,91
8023,72,第二份第三份多少钱，怎么买,买家咨询如何下单,72
8024,95,亲，这个不退了，可以改地址吗,买家咨询是否可以拒收,95
8025,16,客服在的嘛,买家表示收件信息不需要修改了,16
8026,31,麻烦帮我开一张发票或收据，谢谢！,买家打招呼,31
8027,80,买四件免一吗,买家咨询商品价格,80
8028,71,1元优惠券在哪里领,买家咨询如何领取优惠券,71
8029,55,我用普通快递,买家咨询发什么快递,55
8030,73,怎么还没从上海发出？,买家咨询商家发货地,73
8031,61,请问订单号是写寄过去的订单号还是原来的的订单号？,买家咨询快递单号,61
8032,90,2片有多少克,买家咨询商品重量,90
8033,5,啊好嘞我知道了,买家表示好的,5
8034,5,五星载图好评有红包？,买家表示好的,5
8035,99,这个是每2件第二件半价吗,买家咨询是否有活动,99
8036,112,这个尼龙脚和铝合金的有什么区别啊,买家咨询优惠券使用规则,112
8037,106,亲，那个退货给你们发圆通快递可以不,买家咨询退换货支持快递,106
8038,17,但是这衣服是给我爸买的,买家表示送人的,17
8039,105,质量问题退换谁出运费,买家咨询退换货运费由谁承担,105
8040,5,这个是两斤？,买家表示好的,5
8041,93,你们客服这态度怎么这么不认真？,买家咨询是否可以发顺丰,93
8042,50,双十二多少钱0,买家要求延迟发货,50
8043,65,80×140的可以定制吗,买家咨询能否定制,65
8044,82,買一箱送一箱？,买家咨询商品区别,82
8045,49,还有那个地址也是对的,买家要求修改收件信息,49
8046,24,多久能到？,买家表示已经收到货了,24
8047,29,快点发货吖,买家催促发货,50
8048,60,质量好会再回购的。,买家咨询活动规则,60
8049,82,44.9和22.9的有什么区别,买家咨询商品区别,82
8050,1,我没必要骗人的 找麻烦,买家表达不满/生气,1
8051,97,没有邮政或是圆通吗,买家咨询是否可以指定快递,97
8052,47,。。还没通过好友申请,买家要求添加商家微信,47
8053,69,这不是骗人么。。,买家咨询偏远地区是否发货,69
8054,1,真的不是我想生气,买家表达不满/生气,1
8055,110,等到什么时候？,买家咨询退款时间,110
8056,54,你们不是4天内发货吗,买家咨询发货时间,54
8057,32,喜欢这个款/:^O^,买家对特定款式/颜色表达喜好,32
8058,99,双11啥活动哦,买家咨询是否有活动,99
8059,114,亲，能质保多长时间呀？用几天坏了怎么办？,买家咨询运费险赔付规则,114
8060,3,你好亲，上次买了好多，基本满意,买家表示不想要了,3
8061,90,1.5kg的,买家咨询商品重量,90
8062,58,双十一那个订单延长收货时间,买家咨询返现时间,58
8063,29,已经两天了麻烦你们快点发货,买家催促发货,29
8064,52,您好这款红色什么时候有货？,买家咨询补货/上货时间,52
8065,3,你们的做工太失望了,买家表示不想要了,3
8066,77,这款刷子多大尺寸,买家咨询商品的材质/面料,77
8067,108,再买一件返15元吗,买家咨询退款金额,108
8068,96,这一箱多少啊？,买家咨询是否可以微信支付,96
8069,5,嗯我拍多了,买家表示好的,5
8070,48,换退包邮,买家要求退运费,48
8071,106,不要圆通行不行,买家咨询退换货支持快递,106
8072,22,现在要申请退款嘛,买家表示需要退货退款,22
8073,82,有啥区别吗,买家咨询商品区别,26
8074,108,要是已经退回去了，就退款吧！,买家咨询退款金额,108
8075,60,亲拍了我拍的这个就是一箱的2斤吧？,买家咨询活动规则,60
8076,110,能不能现在退款,买家咨询退款时间,110
8077,20,这款双11有活动吗亲,买家表示物流太慢了,20
8078,54,想问下这个参加双十二吗,买家咨询发货时间,54
8079,99,又12有什么活动,买家咨询是否有活动,99
8080,53,亲，你要不要改下延迟收货,买家咨询到货时间,53
8081,54,今天能不能发货？,买家咨询发货时间,54
8082,65,你好，这个可以订尺寸吗？？,买家咨询能否定制,65
8083,1,你们这个快递太气人，到现在还没收到货,买家表达不满/生气,1
8084,30,额。这个回答一下就行了啊,买家催促回复,30
8085,97,不要忘记发申通啊,买家咨询是否可以指定快递,97
8086,62,你们店铺的三块优惠券,买家咨询买多件能否优惠,62
8087,74,我买的发箍我想退了重新下单,买家咨询商家是否收到寄回的商品,74
8088,6,好的，今天寄出,买家表示具体时间寄回去,6
8089,16,发货的时候不要发错啊 有一次买东西都发错了,买家表示收件信息不需要修改了,16
8090,82,规格有啥差别？,买家咨询商品区别,82
8091,33,那不打扰老板了。祝你生意兴隆！,买家发送结束语,33
8092,11,这个是发货4斤吗,买家表示商家发错地址,11
8093,65,不能定制事吧,买家咨询能否定制,65
8094,47,我现在可以加嘛？那天忘记加了,买家要求添加商家微信,47
8095,52,这是黑色吗？？,买家咨询补货/上货时间,52
8096,12,这款两个有啥不同,买家表示商家发错货了,12
8097,60,现在拍满200还不能减20是吗,买家咨询活动规则,60
8098,82,和之前一样,买家咨询商品区别,82
8099,74,哇，这个裤子大的过分。,买家咨询商家是否收到寄回的商品,74
8100,97,OK 不发申通就行,买家咨询是否可以指定快递,97
8101,0,不是买二送一嘛,买家抱怨商品涨价了,0
8102,88,退换货的运费是你们付么？,买家咨询商品是什么颜色,88
8103,64,而且没有涨袋,买家咨询能否到付,64
8104,53,都已经3天了怎么还在待收揽,买家咨询到货时间,53
8105,82,粉色和橙色一样的价格   东西有什么区别,买家咨询商品区别,82
8106,98,我给完好评是不是有红包,买家咨询是否有好评返现,98
8107,67,您好，我没有见到哪里可以开发票,买家咨询能否开发票及发票类型和寄送时间,67
8108,5,噢   好,买家表示好的,5
8109,97,不能指定邮政快递吗？,买家咨询是否可以指定快递,97
8110,110,返现什么时候能到帐？,买家咨询退款时间,110
8111,97,好吧，中通,买家咨询是否可以指定快递,97
8112,7,哦哦，谢谢,买家表示麻烦卖家，表达感谢,7
8113,65,可以订做一套吗？,买家咨询能否定制,65
8114,97,可以不发申通吗,买家咨询是否可以指定快递,97
8115,54,现拍现发货吗,买家咨询发货时间,54
8116,36,我觉得质量都不一样呢,买家反馈收到的商品有问题,36
8117,97,有中通嘛,买家咨询是否可以指定快递,97
8118,17,我再买一件没有优惠了？,买家表示送人的,17
8119,48,我的快递费怎么退,买家要求退运费,48
8120,40,有没有不甜的。,买家需要商品推荐,40
8121,54,这个蓝光的跟不是蓝光的有啥区别吗？,买家咨询发货时间,54
8122,20,老板你家能发邮政快递吗？,买家表示物流太慢了,20
8123,51,没有独立包装袋？,买家要求延长收货时间,51
8124,1,那你们是骗我的了,买家表达不满/生气,1
8125,105,我是担心，万一要是不合适，我退换的话要付邮费,买家咨询退换货运费由谁承担,105
8126,80,第二件咋半价啊,买家咨询商品价格,80
8127,78,那个颜色和照片一样正,买家咨询商品的色差问题,78
8128,22,你们同意一下我的退货申请,买家表示需要退货退款,22
8129,79,你好2500g是多少包？,买家咨询商品规格数量,79
8130,22,说了退我五元钱的，我直接申请退款？,买家表示需要退货退款,22
8131,93,顺丰可以收吧,买家咨询是否可以发顺丰,93
8132,24,两单都收到了,买家表示已经收到货了,24
8133,38,下单两件，优惠,买家讨价还价,38
8134,47,昂~ 谢谢啦,买家要求添加商家微信,47
8135,71,200减20的券在哪里领呀？,买家咨询如何领取优惠券,71
8136,75,亲，有包装盒子吗？,买家咨询商品包装,75
8137,80,是一箱？,买家咨询商品价格,80
8138,82,车仔面跟乌冬面有啥区别,买家咨询商品区别,82
8139,0,你家衣服涨价了,买家抱怨商品涨价了,0
8140,108,就是439减199，退240元？页面是134元哦！亲爱的,买家咨询退款金额,108
8141,20,这个还参与买四送一吗？,买家表示物流太慢了,20
8142,97,圆通可以到武汉的,买家咨询是否可以指定快递,97
8143,86,你这款双十一能用购物津贴吗,买家咨询商品是否有赠品,86
8144,8,那个我在买一条这个裤子,买家表示马上下单付款,8
8145,36,有神经病？,买家反馈收到的商品有问题,36
8146,74,我换货的衣服你们收到了吧,买家咨询商家是否收到寄回的商品,74
8147,93,我一小时内下单，寄到广州，发顺丰,买家咨询是否可以发顺丰,93
8148,78,颜色差太多了！,买家咨询商品的色差问题,78
8149,80,咖啡买一包送五条吗,买家咨询商品价格,80
8150,65,自封袋，能不能印字,买家咨询能否定制,65
8151,57,收到衣服返多少,买家咨询返现金额,57
8152,112,那个分享20的卷双11可以叠加？,买家咨询优惠券使用规则,112
8153,49,能帮改一下地址吗？,买家要求修改收件信息,49
8154,73,一次买两份可以发两个地址吗,买家咨询商家发货地,73
8155,12,衣服又给发错了,买家表示商家发错货了,12
8156,18,双十二店铺红包和优惠券可以叠加吗,买家表示无法申请退款,18
8157,105,就是假如退换货邮费谁付,买家咨询退换货运费由谁承担,105
8158,86,双十二送什么样的帽子,买家咨询商品是否有赠品,86
8159,30,那不能问一下，半天也不说话,买家催促回复,30
8160,49,地址没错啊，一直用这地址呢。没换呀,买家要求修改收件信息,49
8161,48,亲退货的快递费怎么没退呢,买家要求退运费,48
8162,12,不是要申请退款吗,买家表示商家发错货了,12
8163,54,今天买可以今天发么,买家咨询发货时间,54
8164,101,600多克是多少个,买家咨询是否有实体店,101
8165,3,亲，衣服收到了，裤子太胖了，不太喜欢,买家表示不想要了,3
8166,97,你好，请问能发邮政快递吗,买家咨询是否可以指定快递,97
8167,92,没合龙打折了哦,买家咨询是否可以打折,92
8168,103,裤子我不喜欢要退货给我退货地址,买家咨询退换货地址,103
8169,1,你们这预估的也太搞笑，谁会一下买3件同样的 /:^O^,买家表达不满/生气,1
8170,49,改地址：齐齐哈尔市龙沙区劳卫路东正瘦身会馆，赵明阳，18846332360,买家要求修改收件信息,49
8171,82,这三样什么区别,买家咨询商品区别,91
8172,94,赶紧的改价,买家咨询是否可以改价,94
8173,9,这边我尺码选错了,买家表示拍错了,9
8174,112,我170~150的穿着都大。怎么换货？,买家咨询优惠券使用规则,112
8175,86,也可以送点东西哇,买家咨询商品是否有赠品,86
8176,65,你好，我买了件衬衣，需要重新拍过,买家咨询能否定制,65
8177,74,衣服都已经签收了,买家咨询商家是否收到寄回的商品,74
8178,97,其他快递远，可以指定韵达或者中通吗？,买家咨询是否可以指定快递,65
8179,55,发圆通吧，我住的楼下有圆通,买家咨询发什么快递,55
8180,86,送杯子和糖包吗,买家咨询商品是否有赠品,86
8181,114,怎么退我运费,买家咨询运费险赔付规则,114
8182,33,帮我催一催揽收快点,买家发送结束语,33
8183,105,麻烦帮我备注一下发邮政,买家咨询退换货运费由谁承担,105
8184,82,特价款丝光和免拆洗丝光有啥区别,买家咨询商品区别,82
8185,40,好吧主要是我怕人多抢了我想买的号 /:^_^,买家需要商品推荐,40
8186,114,就是没有那个运费险退的吗？,买家咨询运费险赔付规则,114
8187,79,我下单这个有多少包,买家咨询商品规格数量,79
8188,77,要多久反过来呢？,买家咨询商品的材质/面料,77
8189,86,你们有送皮带吗,买家咨询商品是否有赠品,86
8190,86,你好我想问一下，之前买过两盒送了杯子，这次再买还送杯子吗,买家咨询商品是否有赠品,86
8191,67,发票什么时候开具,买家咨询能否开发票及发票类型和寄送时间,67
8192,50,先别发货哈,买家要求延迟发货,50
8193,81,一袋多少千克,买家咨询商品具体尺码尺寸,81
8194,15,作为你家的老客户,买家表示是老顾客,15
8195,53,我问这两种解锁器的区别,买家咨询到货时间,53
8196,29,你家到底好久给我发货,买家催促发货,29
8197,47,79和99区别在哪,买家要求添加商家微信,47
8198,62,上新价不是49吗？当时说每件返20还有好评返3元,买家咨询买多件能否优惠,62
8199,104,我洗都没有洗过,买家咨询退换货规则,104
8200,107,换你妈的逼,买家咨询退货退款原因选什么,107
8201,3,你们家的客服真心醉了，真有这么忙啊，每次都不回复,买家表示不想要了,3
8202,12,你好：我这里衣服颜色发错了,买家表示商家发错货了,12
8203,114,运费险咋没退,买家咨询运费险赔付规则,114
8204,56,直接返现行了,买家咨询返现方式,56
8205,5,解决问题态度,买家表示好的,5
8206,55,用什么快递发货？,买家咨询发什么快递,55
8207,1,别人店铺都卖的没货了，你们还在预售，真是醉了,买家表达不满/生气,1
8208,62,买二十条最低什么价,买家咨询买多件能否优惠,62
8209,60,这款是买一送一的吗,买家咨询活动规则,0
8210,9,购买错了,买家表示拍错了,9
8211,2,参与跨店满四百减五十嘛,买家表达赞美/满意,2
8212,2,满意o~,买家表达赞美/满意,2
8213,60,是卖一送一吗,买家咨询活动规则,60
8214,111,亲帮我查一下我这单到那了吧,买家咨询物流信息,111
8215,54,那我现在下单，什么时候能发货呢,买家咨询发货时间,54
8216,110,我这个怎么没收到呢,买家咨询退款时间,110
8217,31,hihi,买家打招呼,31
8218,92,私人折扣是几折？,买家咨询是否可以打折,92
8219,12,我拍的黄色，怎么发了姜黄色,买家表示商家发错货了,12
8220,110,那退货退款什么时候到啊,买家咨询退款时间,110
8221,52,什么时候有XL呢,买家咨询补货/上货时间,52
8222,3,这不是涨价了吗,买家表示不想要了,3
8223,94,拍2件，改价格吗,买家咨询是否可以改价,94
8224,104,不喜欢的话退货谁出运费,买家咨询退换货规则,104
8225,90,不是两斤吗,买家咨询商品重量,90
8226,7,我是说你给我添麻烦,买家表示麻烦卖家，表达感谢,7
8227,99,亲，五一有活动吗？,买家咨询是否有活动,99
8228,102,感觉鞋子有点味道,买家咨询是否有味道,102
8229,79,你好，现在买衣服有什么优惠吗？,买家咨询商品规格数量,79
8230,97,我要中通的,买家咨询是否可以指定快递,97
8231,97,你好。可以指定快递？,买家咨询是否可以指定快递,97
8232,22,申请退货请审核，买错了，买了两件。,买家表示需要退货退款,22
8233,89,冲一杯弄多少克,买家咨询商品质量是否有保障,89
8234,60,买3减1 的活动还有吗,买家咨询活动规则,60
8235,61,嗯，发出来单号给我下吧,买家咨询快递单号,61
8236,67,不能直接开好发票一起货品一起寄来吗？,买家咨询能否开发票及发票类型和寄送时间,67
8237,104,你这有退运费险吗？,买家咨询退换货规则,104
8238,46,感觉网上买的吃的包装都太差了,买家要求取消退换货退款,46
8239,12,为什么给我发的是XL,买家表示商家发错货了,12
8240,86,买几包送杯子,买家咨询商品是否有赠品,86
8241,29,三天过去了已经，没有任何动静,买家催促发货,29
8242,29,可以快点发货呢,买家催促发货,29
8243,71,之前我领了五元优惠卷,买家咨询如何领取优惠券,71
8244,89,两套58，质量有保证吗？,买家咨询商品质量是否有保障,89
8245,19,为啥我买不了东西啊,买家表示无法下单,19
8246,23,亲，我拍下一件,买家表示要重拍,23
8247,65,要怎么换呢！,买家咨询能否定制,65
8248,51,请问帮我延长到几号了？,买家要求延长收货时间,51
8249,110,对了，你返钱给我，是返回支付宝吗？,买家咨询退款时间,110
8250,79,重量？,买家咨询商品规格数量,79
8251,38,真毛的最低多少钱,买家讨价还价,38
8252,54,你好 今天能发货吗？,买家咨询发货时间,54
8253,74,退到哪里啊,买家咨询商家是否收到寄回的商品,74
8254,4,重庆市渝北区龙溪镇松石支路51号幢单元8-1 徐中华 187021780642,买家表示地址正确,4
8255,20,咱们这是什么快递,买家表示物流太慢了,20
8256,71,亲，发票寄出了没？,买家咨询如何领取优惠券,71
8257,85,哦哦哦，,买家咨询商品是否可以单买/单卖,85
8258,13,我今天退了两件衣服，你们注意查收,买家表示商品已经寄回去了,13
8259,60,如果买两件这个毛呢大衣能买一送一吗,买家咨询活动规则,60
8260,114,你好我的运费险还没退啊,买家咨询运费险赔付规则,114
8261,97,到贵州贵阳能指定快递不！,买家咨询是否可以指定快递,97
8262,12,衣服有一个太小了，发错了,买家表示商家发错货了,12
8263,66,你就开个收据拍照给我就行,买家咨询能否分开/一起发货,66
8264,33,之前卖的没执行标准就退了哦,买家发送结束语,33
8265,47,你们M跟L没有啥区别呀,买家要求添加商家微信,47
8266,38,再便宜点儿的时候就买,买家讨价还价,38
8267,93,发顺丰快递要加邮费吗,买家咨询是否可以发顺丰,93
8268,94,帮忙把运费改掉吧,买家咨询是否可以改价,94
8269,50,能不能延迟发货？,买家要求延迟发货,50
8270,73,这个我很急 今天早上能发货吗,买家咨询商家发货地,73
8271,45,妈的啊,买家要求核对订单信息,45
8272,7,可以啊！麻烦你啦！,买家表示麻烦卖家，表达感谢,7
8273,1,你是不是在跟我搞笑哦,买家表达不满/生气,1
8274,106,可以备注的话麻烦发中通,买家咨询退换货支持快递,106
8275,82,床笠的和床单款有什么不一样,买家咨询商品区别,47
8276,110,已经在家您回购三次了,买家咨询退款时间,110
8277,1,你们这快递寄的，确定不是搞笑么？,买家表达不满/生气,1
8278,97,我河北省张家口市。,买家咨询是否可以指定快递,97
8279,12,是不是发错了,买家表示商家发错货了,12
8280,13,200克有多少个？,买家表示商品已经寄回去了,13
8281,7,好的，沒关系，谢谢,买家表示麻烦卖家，表达感谢,7
8282,93,怎么发顺丰还要补运费,买家咨询是否可以发顺丰,93
8283,60,这个送箱子吧,买家咨询活动规则,60
8284,111,快递没有更新呀,买家咨询物流信息,111
8285,49,我的那个地址错了,买家要求修改收件信息,49
8286,29,你好 这个毛衣 我不退了,买家催促发货,29
8287,79,那一共多重呢,买家咨询商品规格数量,79
8288,74,快递已寄回，有收到了吗,买家咨询商家是否收到寄回的商品,74
8289,107,改好售后原因了,买家咨询退货退款原因选什么,107
8290,48,你帮我查一下运费退了没有,买家要求退运费,48
8291,49,你好，请把我的订单修改一下地址       广东省肇庆四会市大沙镇南江工业园广东高登铝业有限公司,买家要求修改收件信息,49
8292,37,帮我修改成功了吗,买家确认地址是否修改成功,37
8293,53,请问我寄过来的裤子你们收到了嘛,买家咨询到货时间,53
8294,75,看评论说的袋子会漏气,买家咨询商品包装,75
8295,98,已经确实收货好评了，半价返现什么时候返？,买家咨询是否有好评返现,98
8296,113,可否现在就补运费,买家咨询运费金额,113
8297,6,升级加粗款的管筒是什么材质的？,买家表示具体时间寄回去,6
8298,113,换你们也不给出运费,买家咨询运费金额,113
8299,62,两件可能优惠一点,买家咨询买多件能否优惠,62
8300,107,400减50可以叠加吗,买家咨询退货退款原因选什么,107
8301,54,我想问一下我的快递发货了吗,买家咨询发货时间,54
8302,9,我刚刚拍的这个码数拍错了,买家表示拍错了,9
8303,51,什么时候有发票,买家要求延长收货时间,51
8304,56,收到返支付宝吗,买家咨询返现方式,56
8305,104,吊牌没摘，没穿过,买家咨询退换货规则,104
8306,69,西藏发货？,买家咨询偏远地区是否发货,69
8307,84,你好 请问这个组合的有什么区别吗？,买家咨询商品是不是预售款,84
8308,92,四件为啥没打折？,买家咨询是否可以打折,92
8309,43,请问还没发货可以换颜色吗？,买家要求改商品信息,43
8310,97,请发韵达快递或者中通快递！,买家咨询是否可以指定快递,97
8311,47,就是能不能加微信,买家要求添加商家微信,47
8312,87,好叭我知道了,买家咨询商品是否有质保，质保多久,87
8313,35,到时候记得退运费险哦,买家发送支付宝账号,35
8314,60,你好，我已经拍下了你说买二送一,买家咨询活动规则,60
8315,60,99也是买一送2吗,买家咨询活动规则,60
8316,75,500克散装也是纸箱包装吗,买家咨询商品包装,75
8317,114,这个裤子运费险是怎么用的,买家咨询运费险赔付规则,114
8318,76,主要是百世快递我们这拿不到,买家咨询商品产地,76
8319,77,亲，质保是多久,买家咨询商品的材质/面料,77
8320,97,能发我邮政ma,买家咨询是否可以指定快递,97
8321,1,没办法，我只能投诉你们了,买家表达不满/生气,1
8322,25,我已拍下了，钱已付,买家表示已下单付款,25
8323,92,那可以按双十一最低折扣给我吧,买家咨询是否可以打折,92
8324,82,这个跟49.9的有什么区别,买家咨询商品区别,101
8325,97,什么快递都可以最好接收、最好不要安排百世快递,买家咨询是否可以指定快递,97
8326,61,什么时候有s号,买家咨询快递单号,61
8327,29,已经48小时了。昨天三点之前下的单。,买家催促发货,29
8328,109,货款发哪里？支付宝还是卡里？,买家咨询退款去向,109
8329,80,我买的这个也是买2送1吗,买家咨询商品价格,80
8330,112,150元的券怎么用啊,买家咨询优惠券使用规则,112
8331,72,杆轨还要单独买么,买家咨询如何下单,72
8332,20,催一下物流揽收哦,买家表示物流太慢了,20
8333,36,尽快哈，发质量好的哦,买家反馈收到的商品有问题,36
8334,26,为什么用不了这个券,买家表示优惠券无法使用,26
8335,1,那就不需要了,买家表达不满/生气,1
8336,78,嗯哼，在吗？,买家咨询商品的色差问题,78
8337,84,你这L是预售的？,买家咨询商品是不是预售款,84
8338,99,我已经下单备注好了 不要发错了,买家咨询是否有活动,99
8339,67,我说发票没有收到,买家咨询能否开发票及发票类型和寄送时间,67
8340,80,78包???多重,买家咨询商品价格,80
8341,31,被单就是跟床单不一样,买家打招呼,31
8342,24,我的调换货到了吗,买家表示已经收到货了,24
8343,72,整套怎么买,买家咨询如何下单,72
8344,62,2件没有优惠,买家咨询买多件能否优惠,62
8345,79,675克是13袋左右吗,买家咨询商品规格数量,79
8346,97,能拿图定制吗？,买家咨询是否可以指定快递,97
8347,110,好了，买完了,买家咨询退款时间,110
8348,1,太失望啦,买家表达不满/生气,1
8349,54,裤子今天可以发货吗,买家咨询发货时间,54
8350,24,后天下单九号可以到吗,买家表示已经收到货了,24
8351,43,/:044 地址错了 能改吗,买家要求改商品信息,43
8352,98,然后晒图返现吗,买家咨询是否有好评返现,98
8353,7,那就只能让你们赔我损失了,买家表示麻烦卖家，表达感谢,7
8354,74,亲，裤子退回去了吗,买家咨询商家是否收到寄回的商品,74
8355,71,3十几元没有优惠券吧,买家咨询如何领取优惠券,71
8356,37,在么，我电话号码填错了，能给我改一下么，15729408996改成这个，谢谢 /:^_^,买家确认地址是否修改成功,37
8357,88,老板，你发错货了,买家咨询商品是什么颜色,88
8358,21,一盒多少克,买家表示先买来试试,21
8359,59,你好，我换的货，什么时候可以发货,买家咨询换货发货时间,59
8360,72,那钱我怎么付,买家咨询如何下单,72
8361,42,花样颜色别发错了,买家要求发货检查,42
8362,113,这款面霜现在低价是多少钱,买家咨询运费金额,113
8363,97,指定邮政快递哦,买家咨询是否可以指定快递,97
8364,29,那可以快点发货吗,买家催促发货,29
8365,65,尺寸可以定做吗？,买家咨询能否定制,65
8366,97,送碗的吗,买家咨询是否可以指定快递,97
8367,22,他那边说退货回来了,买家表示需要退货退款,22
8368,12,还有我要的米色，发的像是黄色,买家表示商家发错货了,12
8369,97,我只有邮政快递能收到,买家咨询是否可以指定快递,97
8370,22,没有 吊牌什么都没动,买家表示需要退货退款,22
8371,66,我买了三样没有一起发么？,买家咨询能否分开/一起发货,66
8372,41,"问下明天能到不，能到就不改了 /:'"""" 真累",买家要求补偿,41
8373,82,两种撒区别,买家咨询商品区别,82
8374,79,散装的1KG是多少个,买家咨询商品规格数量,79
8375,21,有好评有礼的活动吗,买家表示先买来试试,21
8376,42,小姐姐，尺寸不要弄错了哦,买家要求发货检查,42
8377,83,这款可以订150*160的吗？,买家咨询商品上新时间,83
8378,106,我要退货，发什么快递呢？,买家咨询退换货支持快递,106
8379,57,我收到货后 返现给我多少钱,买家咨询返现金额,57
8380,53,现在下单，江苏南通物流什么时候能到？,买家咨询到货时间,53
8381,37,活动可以连续参加么,买家确认地址是否修改成功,37
8382,82,别的区别呢，,买家咨询商品区别,82
8383,90,你好，是带箱五斤还是净重五斤,买家咨询商品重量,90
8384,110,可不可晚点发货吧,买家咨询退款时间,110
8385,79,七块九有多少个,买家咨询商品规格数量,79
8386,37,广东地址改成刚刚我发给你那个,买家确认地址是否修改成功,37
8387,7,不发货就给我退了吧,买家表示麻烦卖家，表达感谢,7
8388,67,那你给我开发票吧,买家咨询能否开发票及发票类型和寄送时间,67
8389,0,这是怎么的买一送一，是不是我需要拍两套颜色,买家抱怨商品涨价了,0
8390,60,买二送一会分开包装吧？,买家咨询活动规则,60
8391,5,哦，好的[emoji],买家表示好的,5
8392,86,我买两包是不是有赠品,买家咨询商品是否有赠品,86
8393,56,这边已经收到货了，怎么返现呀！,买家咨询返现方式,56
8394,31,你好你好,买家打招呼,31
8395,32,好的我喜欢宽松的,买家对特定款式/颜色表达喜好,32
8396,10,90袋有多重,买家表示伤心难过,10
8397,103,美女，你们的退货地址发给我,买家咨询退换货地址,103
8398,23,那可以改价格么？,买家表示要重拍,23
8399,81,这个防水圈坏了，现在不知道尺寸，你帮我看下是多大的,买家咨询商品具体尺码尺寸,81
8400,46,产品我有收到了,买家要求取消退换货退款,46
8401,9,这个呢有活动嘛,买家表示拍错了,9
8402,53,江苏泰州几天到,买家咨询到货时间,53
8403,97,邮政也行！！,买家咨询是否可以指定快递,97
8404,38,有三盒优惠卷吗,买家讨价还价,38
8405,57,那我返多少钱帮我算一下,买家咨询返现金额,57
8406,81,袖子太宽了，不喜欢。,买家咨询商品具体尺码尺寸,81
8407,42,我的衣服你们发错了吧,买家要求发货检查,42
8408,15,问一下呦,买家表示是老顾客,15
8409,23,裙子太小了，想退了重新拍下,买家表示要重拍,23
8410,87,能定制么,买家咨询商品是否有质保，质保多久,87
8411,82,这个和那个有什么区别呢？,买家咨询商品区别,82
8412,65,你好，请问这种能在袋子后面定制文字吗？,买家咨询能否定制,65
8413,21,这个 买回来我试试,买家表示先买来试试,21
8414,46,地址对呀,买家要求取消退换货退款,46
8415,49,你好，我地址错了，改下，别的不变,买家要求修改收件信息,49
8416,57,不是说好的返我20吗,买家咨询返现金额,57
8417,100,买一箱可以送两个香辣的吗,买家咨询是否有买家秀,100
8418,109,老板 运动去哪里了？,买家咨询退款去向,109
8419,48,一般运费多少了,买家要求退运费,48
8420,75,不是很懂我看着来吧,买家咨询商品包装,75
8421,82,这个床单款和床笠款有什么不同？,买家咨询商品区别,82
8422,1,你这快递简直了,买家表达不满/生气,1
8423,1,我是醉了,买家表达不满/生气,1
8424,3,对呗，颜色也不太喜欢,买家表示不想要了,3
8425,60,错了，买二送一啊？,买家咨询活动规则,60
8426,60,双十一有没有再便宜点,买家咨询活动规则,60
8427,61,发出给我快递单号,买家咨询快递单号,61
8428,106,退货中通收不收,买家咨询退换货支持快递,106
8429,99,11号才有优惠吗,买家咨询是否有活动,99
8430,3,东西我不要了,买家表示不想要了,3
8431,25,我怎么也是老顾客了,买家表示已下单付款,25
8432,52,安徽阜阳几天能到,买家咨询补货/上货时间,52
8433,111,都收到啦！,买家咨询物流信息,111
8434,54,多久发货？,买家咨询发货时间,54
8435,31,可能需要改地址,买家打招呼,31
8436,56,怎样办理返还呢,买家咨询返现方式,56
8437,86,1680元，20盒，送4个盖杯,买家咨询商品是否有赠品,86
8438,79,多少克是一斤的,买家咨询商品规格数量,79
8439,5,我也是湖南的。,买家表示好的,5
8440,38,买2箱有60个是吗,买家讨价还价,38
8441,49,改电话号,买家要求修改收件信息,49
8442,50,叫你先不要发货,买家要求延迟发货,50
8443,79,两箱66个？是多少克的？,买家咨询商品规格数量,79
8444,22,老扳货昨天退给你了，钱什么时候退给我。,买家表示需要退货退款,22
8445,9,哎呀，我拍错码了,买家表示拍错了,9
8446,49,亲地址错啦,买家要求修改收件信息,49
8447,93,月饼12个多重,买家咨询是否可以发顺丰,93
8448,96,收到，好的,买家咨询是否可以微信支付,96
8449,79,红豆手撕面包1kg送1kg(合发4斤)是送一样的吗,买家咨询商品规格数量,79
8450,49,可不可以改一下地址  真的不好意思,买家要求修改收件信息,49
8451,54,明天能发货吗,买家咨询发货时间,72
8452,74,你好，这2条牛仔裤收到了吗,买家咨询商家是否收到寄回的商品,74
8453,86,能多赠送一个不,买家咨询商品是否有赠品,86
8454,32,不是改地址是改名字和手机号,买家对特定款式/颜色表达喜好,32
8455,69,西藏这边能发不,买家咨询偏远地区是否发货,69
8456,62,那算了，我看看别的吧,买家咨询买多件能否优惠,62
8457,103,咱家退货地址是哪儿啊,买家咨询退换货地址,103
8458,74,上周的这个时候你们就收到货了,买家咨询商家是否收到寄回的商品,74
8459,97,咱家用什么快递啊,买家咨询是否可以指定快递,97
8460,60,这款是买一送一的吗？,买家咨询活动规则,60
8461,60,双十二可以优惠5元啊,买家咨询活动规则,60
8462,97,不发邮政就可以了,买家咨询是否可以指定快递,97
8463,54,那这件呢？明天能不能发货,买家咨询发货时间,54
8464,36,我刚才都给你发了啊    你们不是一个人吗   真是醉了,买家反馈收到的商品有问题,36
8465,0,以前我都在你们家买，现在你们不做活动就比旗舰店还贵了,买家抱怨商品涨价了,0
8466,21,一件大概还有多少个,买家表示先买来试试,21
8467,105,我这个换货包邮嘛？,买家咨询退换货运费由谁承担,105
8468,106,亲 中通快递寄回可以吗,买家咨询退换货支持快递,106
8469,49,修改地址了,买家要求修改收件信息,49
8470,48,我上次寄回去换货运费你还没退给我啊,买家要求退运费,48
8471,15,以后就都是老顾客了亲我那天双十一在你家拍了好多,买家表示是老顾客,15
8472,24,饼干收到了,买家表示已经收到货了,24
8473,15,我去年就买到今年了，老顾客了,买家表示是老顾客,15
8474,78,刚发的43一米的区别在哪里呀！,买家咨询商品的色差问题,78
8475,82,这每个款式有什么区别吗？,买家咨询商品区别,82
8476,1,好哦，收到货后打到支付宝吗,买家表达不满/生气,1
8477,74,那我寄过去的裤子你们收到了吗,买家咨询商家是否收到寄回的商品,74
8478,43,可以把灰色改成黑色吗,买家要求改商品信息,43
8479,7,谢谢宝贝,买家表示麻烦卖家，表达感谢,7
8480,66,我的两条裤子可以一起发货吗？,买家咨询能否分开/一起发货,66
8481,28,怎样返,买家表示再看看,28
8482,111,拍一份发两罐对吗,买家咨询物流信息,111
8483,1,你妈死了？,买家表达不满/生气,1
8484,17,这件其它颜色还有补货吗,买家表示送人的,17
8485,27,奥。知道了,买家表示有疑问/不理解,27
8486,31,店主，在么？,买家打招呼,31
8487,86,买二送一，送的是什么？,买家咨询商品是否有赠品,86
8488,30,有没有人说句话,买家催促回复,30
8489,47,怎么添加宝贝呢,买家要求添加商家微信,47
8490,60,这个参加买三减一吗,买家咨询活动规则,60
8491,12,亲  这衣服你是不是发错了呢  我买的XL的怎么还那么小呢,买家表示商家发错货了,12
8492,86,瓶子送一个么,买家咨询商品是否有赠品,86
8493,20,可不可以催下物流喽,买家表示物流太慢了,20
8494,60,这款双十一可以用购物津贴吗？,买家咨询活动规则,60
8495,80,请问你500克有几包？,买家咨询商品价格,80
8496,82,是跟超市一样的吧,买家咨询商品区别,82
8497,79,480克有多少包？,买家咨询商品规格数量,79
8498,64,我寄出去是你到付吗,买家咨询能否到付,64
8499,60,现在拍没有满减活动吧,买家咨询活动规则,60
8500,108,你的发票是电子 发票,买家咨询退款金额,108
8501,79,想问下你们买一送一是什么,买家咨询商品规格数量,79
8502,97,帮我备注一下，我只要圆通快递,买家咨询是否可以指定快递,97
8503,106,请问裤子已经下单三天了,买家咨询退换货支持快递,106
8504,37,买完之后你能把我的地址改了吗,买家确认地址是否修改成功,37
8505,19,你好怎么买的,买家表示无法下单,19
8506,11,好的，我以为我拍错了哟！,买家表示商家发错地址,11
8507,62,双十一有活动不,买家咨询买多件能否优惠,62
8508,67,你好，我收到货了，申请了开发票，你们是邮过来吗？,买家咨询能否开发票及发票类型和寄送时间,67
8509,7,好的，谢谢。麻烦你了。,买家表示麻烦卖家，表达感谢,7
8510,24,我的刚快递刚到,买家表示已经收到货了,24
8511,73,哪里发货的的,买家咨询商家发货地,73
8512,36,亲 白色花边床罩有单独卖的吗？？,买家反馈收到的商品有问题,36
8513,88,牛仔裤颜色是浅蓝色妈,买家咨询商品是什么颜色,88
8514,7,就S了，麻烦你了哈,买家表示麻烦卖家，表达感谢,7
8515,97,请帮我发中通快递可以吗,买家咨询是否可以指定快递,97
8516,88,想问你一下这个气筒是什么材质的,买家咨询商品是什么颜色,88
8517,103,这个包装是多少克的,买家咨询退换货地址,103
8518,59,发票什么时候发给我呢,买家咨询换货发货时间,59
8519,49,地址改成 湖南省长沙市岳麓区岳麓街道桃花岭山竹艺校,买家要求修改收件信息,49
8520,28,好的 /:^_^ 谢谢！ /:^_^,买家表示再看看,28
8521,28,好的，我再考虑考虑下,买家表示再看看,28
8522,1,谢谢(?ω?)hiahiahia,买家表达不满/生气,1
8523,55,新疆发什么快递呢，,买家咨询发什么快递,55
8524,12,但是你们发错号码了啊？,买家表示商家发错货了,12
8525,89,孩子喜欢粉色，麻烦发货的时候说一下。,买家咨询商品质量是否有保障,89
8526,106,亲，退货发的韵达快递可以吗？,买家咨询退换货支持快递,106
8527,12,您好，我购买的裤子选的是m码的，寄过来是xl的,买家表示商家发错货了,12
8528,97,请发邮政快递,买家咨询是否可以指定快递,97
8529,65,友臣肉松饼1250g原味和1250g(原味)整箱有什么区别,买家咨询能否定制,65
8530,75,查不到物流信息,买家咨询商品包装,75
8531,97,其他的快递为什么可以送到家,买家咨询是否可以指定快递,97
8532,65,发票请寄给我,买家咨询能否定制,65
8533,0,三斤有多少个虾仁？净重多少,买家抱怨商品涨价了,0
8534,65,我想订做一个50*180,买家咨询能否定制,65
8535,22,是我退了重买,买家表示需要退货退款,22
8536,49,谢谢 我还需要改下地址,买家要求修改收件信息,49
8537,60,买200送200是独立包装吗,买家咨询活动规则,60
8538,22,现在可以给我申请退款吗,买家表示需要退货退款,22
8539,61,你发一下快递单号,买家咨询快递单号,61
8540,49,你好地址错了可以改吗,买家要求修改收件信息,49
8541,25,前付过了,买家表示已下单付款,25
8542,3,到时候到付吗？,买家表示不想要了,3
8543,18,请帮我查一下，怎么还没到啊。,买家表示无法申请退款,18
8544,56,分别是多重的啊,买家咨询返现方式,56
8545,60,是买什么都是买一送一么？,买家咨询活动规则,60
8546,104,半价商品可以退换吗,买家咨询退换货规则,104
8547,60,下单，第一个是买一送一吗？,买家咨询活动规则,0
8548,60,一起买两个就送,买家咨询活动规则,60
8549,60,买一送一第二件还是半价？,买家咨询活动规则,60
8550,110,能帮忙查下吗,买家咨询退款时间,110
8551,105,我回去洗试试，不行的话退回去换，运费你们出，是这样子吗。,买家咨询退换货运费由谁承担,105
8552,38,我还要买一件能不能便宜一点,买家讨价还价,38
8553,60,不是满35减5吗？我先拍了一次，再次拍就没有满35减5了,买家咨询活动规则,60
8554,4,哪个地址对呀,买家表示地址正确,4
8555,67,专用发票呢？,买家咨询能否开发票及发票类型和寄送时间,67
8556,0,这么快就涨价啦,买家抱怨商品涨价了,0
8557,60,你好，现在能享受双十一优惠吗,买家咨询活动规则,60
8558,82,400克有多少小包,买家咨询商品区别,82
8559,4,这些选项有啥区别吗,买家表示地址正确,4
8560,115,这个一箱有多少个,买家咨询赠品何时发货,115
8561,60,老顾客有什么优惠没,买家咨询活动规则,60
8562,65,你好，这个可以定做长度吗,买家咨询能否定制,65
8563,65,请问，可以定做沙发的套子吗,买家咨询能否定制,65
8564,60,之前那第二份半价活动没了？,买家咨询活动规则,60
8565,47,这个和100粒一瓶的有什么区别？,买家要求添加商家微信,47
8566,12,老客户了别搞错颜色亲,买家表示商家发错货了,12
8567,73,五天内发货对吗,买家咨询商家发货地,73
8568,67,亲，放一张收据在里面,买家咨询能否开发票及发票类型和寄送时间,67
8569,55,走邮政吗,买家咨询发什么快递,55
8570,21,老板，你的什么垃圾快递？慢得要死,买家表示先买来试试,21
8571,82,店家k1双十一什么价？k1和x4s有什么区别？,买家咨询商品区别,82
8572,89,回一下大佬,买家咨询商品质量是否有保障,89
8573,40,怎么返现 /:^_^,买家需要商品推荐,40
8574,74,我这显示我退回去的快递你们已经签收了,买家咨询商家是否收到寄回的商品,74
8575,79,28个对吧,买家咨询商品规格数量,79
8576,98,现在可以做双十一活动嘛,买家咨询是否有好评返现,98
8577,87,我把这个给你退回去你给我退钱吗,买家咨询商品是否有质保，质保多久,87
8578,22,我能不能退货退款,买家表示需要退货退款,22
8579,29,那你尽快明天发,买家催促发货,29
8580,6,点退货退款是吧,买家表示具体时间寄回去,6
8581,24,我一块下单的衣服已经收到了,买家表示已经收到货了,24
8582,99,不是有优惠吗,买家咨询是否有活动,99
8583,70,哦好的[emoji],买家咨询如何加入会员,70
8584,103,新款和老款的区别是啥,买家咨询退换货地址,103
8585,110,你好：3条裤子收到了吗？换的2条裤子什么时候能收到？,买家咨询退款时间,110
8586,17,1650克是净重吗,买家表示送人的,17
8587,82,亲，你们家夏天的破洞款跟常规款布料厚度是一样的嘛,买家咨询商品区别,82
8588,60,您好，这个衣服买一送一？,买家咨询活动规则,60
8589,8,我在买点,买家表示马上下单付款,8
8590,82,我有点不明白，40x4十赠品40x4与40x8有啥区别，难道赠品药成分不一样,买家咨询商品区别,82
8591,55,亲，这塑料是什么材质的？,买家咨询发什么快递,55
8592,35,支付宝是369472658@QQ.com,买家发送支付宝账号,35
8593,60,意思就是我再买一件是吧？,买家咨询活动规则,60
8594,102,会不会味道很重,买家咨询是否有味道,102
8595,60,满39不是减吗,买家咨询活动规则,60
8596,111,请问下我补发的衬衣到哪里了？,买家咨询物流信息,111
8597,86,这款奶粉有送保温杯吗,买家咨询商品是否有赠品,86
8598,66,麻烦你帮我看一下我的地址对沒有,买家咨询能否分开/一起发货,66
8599,93,我要发顺丰补多少钱,买家咨询是否可以发顺丰,93
8600,0,我觉得可能运费会比裤子还贵...,买家抱怨商品涨价了,0
8601,1,还有其他快递吗,买家表达不满/生气,1
8602,72,除了品牌不一样，功能有什么不一样呢？,买家咨询如何下单,72
8603,40,请问退回的衣服收到没有啊,买家需要商品推荐,40
8604,96,我买四套有没有优惠啊 /:065,买家咨询是否可以微信支付,96
8605,30,不理我,买家催促回复,30
8606,90,请问买一罐送一罐，是多少克的,买家咨询商品重量,90
8607,105,老板！今天给我发货哦,买家咨询退换货运费由谁承担,105
8608,84,这件不是预售款吧,买家咨询商品是不是预售款,84
8609,89,食品保证哦,买家咨询商品质量是否有保障,89
8610,96,微信支付可以??,买家咨询是否可以微信支付,96
8611,90,试用装奶粉一条多少克?,买家咨询商品重量,90
8612,99,双11都市有什么活动？,买家咨询是否有活动,99
8613,13,还在吗亲,买家表示商品已经寄回去了,13
8614,114,退货的运费险怎么退？,买家咨询运费险赔付规则,65
8615,111,毛衣你们收到了吧,买家咨询物流信息,111
8616,5,嗯 那就好,买家表示好的,5
8617,82,什么意思呢？,买家咨询商品区别,82
8618,55,那我寄圆通可以吗,买家咨询发什么快递,55
8619,36,我一去取就是破的,买家反馈收到的商品有问题,36
8620,64,你好，能帮我把裙子改成白色吗,买家咨询能否到付,64
8621,83,就好烦,买家咨询商品上新时间,83
8622,59,要求换的尺码发出了么？,买家咨询换货发货时间,59
8623,92,不能再打个折？,买家咨询是否可以打折,92
8624,105,是不是可以免费退货？,买家咨询退换货运费由谁承担,105
8625,68,可以破例送一个吗,买家咨询能否提前享受优惠,68
8626,23,能退款再重拍吗,买家表示要重拍,23
8627,14,900只都是黑色吗,买家表示稍等,14
8628,91,买一斤送一斤？9.9元2斤？,买家咨询什么颜色好看,91
8629,41,你好！好评返现吗,买家要求补偿,41
8630,7,嗯嗯 谢啦,买家表示麻烦卖家，表达感谢,7
8631,82,脚有什么区别吗,买家咨询商品区别,82
8632,49,可以把地址改一下吗,买家要求修改收件信息,49
8633,60,这款是不是买一送一,买家咨询活动规则,60
8634,48,好的，我之前多付了个运费可以现在转给我嘛,买家要求退运费,48
8635,72,希望可以早点发货,买家咨询如何下单,72
8636,9,我这个拍多了一件,买家表示拍错了,9
8637,4,这个不合适退还包运费吗？？,买家表示地址正确,4
8638,79,一共有多少,买家咨询商品规格数量,79
8639,110,我下福建三明沙县什么时候会到货,买家咨询退款时间,110
8640,38,明天最低是多少？,买家讨价还价,38
8641,27,看不明白,买家表示有疑问/不理解,27
8642,1,我买的是藏青色给我发的黑色,买家表达不满/生气,1
8643,39,对，所以抱歉,买家向商家表达不好意思,39
8644,52,我买错了可以退了重买嘛,买家咨询补货/上货时间,52
8645,97,你好在吗东西送到了不用改地址了谢谢,买家咨询是否可以指定快递,97
8646,59,换的货发了吗?,买家咨询换货发货时间,59
8647,27,我都还不是很懂,买家表示有疑问/不理解,27
8648,6,宝贝今天已寄出,买家表示具体时间寄回去,6
8649,48,这俩参与买一送一行不行,买家要求退运费,48
8650,102,加绒和厚绒都是一样的吗？,买家咨询是否有味道,102
8651,52,东西收到，就是颜色有色差,买家咨询补货/上货时间,52
8652,62,买两条有什么优惠码,买家咨询买多件能否优惠,62
8653,93,发顺丰怎么补差价？,买家咨询是否可以发顺丰,93
8654,50,能不能加急发货？,买家要求延迟发货,50
8655,67,申请了电子发票，什么时候开出来,买家咨询能否开发票及发票类型和寄送时间,67
8656,29,我明天就冷死了可以先发货吗,买家催促发货,29
8657,90,400克是几包啊,买家咨询商品重量,90
8658,89,保证质量么？,买家咨询商品质量是否有保障,92
8659,91,退款原因我选哪个？,买家咨询什么颜色好看,91
8660,113,嗯呢  麻烦了亲,买家咨询运费金额,113
8661,65,帮我刻字。     小（3）班张曦予,买家咨询能否定制,65
8662,65,的窗帘可以定做么,买家咨询能否定制,65
8663,33,不打扰你休息,买家发送结束语,33
8664,2,好评有活动啊,买家表达赞美/满意,2
8665,26,59-20的券我怎么用不了呢,买家表示优惠券无法使用,26
8666,88,都是黑色的么,买家咨询商品是什么颜色,88
8667,0,普通款有点小贵,买家抱怨商品涨价了,0
8668,99,算了那么贵h,买家咨询是否有活动,99
8669,89,拍了早点发货哦，保证质量哈谢谢,买家咨询商品质量是否有保障,89
8670,90,一箱两斤吗,买家咨询商品重量,90
8671,97,发中通快递谢谢,买家咨询是否可以指定快递,97
8672,78,新品有区别啊？,买家咨询商品的色差问题,78
8673,5,嗯！,买家表示好的,5
8674,112,这个500和800克有什么区别,买家咨询优惠券使用规则,112
8675,114,我这个运费险怎么用不了呀,买家咨询运费险赔付规则,114
8676,65,对  可以定做么,买家咨询能否定制,65
8677,47,这个官v在哪里添加啊,买家要求添加商家微信,47
8678,99,店里不参与双十一活动吗？,买家咨询是否有活动,99
8679,79,有大箱吗,买家咨询商品规格数量,79
8680,29,好的，尽量发早点吧,买家催促发货,29
8681,46,早知道就不退了啊,买家要求取消退换货退款,46
8682,67,您好，发票什么时候邮到呢？,买家咨询能否开发票及发票类型和寄送时间,67
8683,15,下午邮给你,买家表示是老顾客,15
8684,50,亲，那个格子裙大概什么时候发货,买家要求延迟发货,50
8685,78,x不想要了,买家咨询商品的色差问题,78
8686,28,暂时没了，谢谢了,买家表示再看看,28
8687,48,亲，运费怎么不退呢？,买家要求退运费,48
8688,54,你好 紫色双十二会上吗,买家咨询发货时间,54
8689,71,明天还会有五元券吗,买家咨询如何领取优惠券,71
8690,49,我忘记在地址上注明是地质调查院宿舍，现在麻烦加上 /:P,买家要求修改收件信息,49
8691,86,我已经付款了，有赠品送也好啊,买家咨询商品是否有赠品,86
8692,19,为什么有些商品付不了款,买家表示无法下单,19
8693,71,亲两件有优惠券吗,买家咨询如何领取优惠券,71
8694,22,那现在要申请退款吗,买家表示需要退货退款,22
8695,94,先买个L试下,买家咨询是否可以改价,94
8696,98,亲，宝贝收到了好评有红包吗,买家咨询是否有好评返现,98
8697,47,你们运费是返回多少，不要搞的我自己出运费了,买家要求添加商家微信,47
8698,74,中通快递寄回？,买家咨询商家是否收到寄回的商品,74
8699,5,你那边找个人比比就知道了,买家表示好的,5
8700,74,收到了，才这么一点吗,买家咨询商家是否收到寄回的商品,74
8701,90,几斤装的？,买家咨询商品重量,90
8702,49,地址换成：湖北省荆州市沙市区南湖路亚华宝塔湾8栋705,买家要求修改收件信息,49
8703,3,衣服失望透顶,买家表示不想要了,3
8704,49,改下收货电话,买家要求修改收件信息,49
8705,23,我要退货重新拍过,买家表示要重拍,23
8706,5,嗯。。,买家表示好的,5
8707,104,怎么给我换,买家咨询退换货规则,104
8708,103,把地址和联系方式给我,买家咨询退换货地址,103
8709,73,什么时候发货从哪里发,买家咨询商家发货地,73
8710,85,这个还得单独拍杆子是吗,买家咨询商品是否可以单买/单卖,85
8711,71,我买两袋能发两个地址吗？,买家咨询如何领取优惠券,71
8712,49,河南省驻马店市韦四路信合学府春天，B62单元1405,买家要求修改收件信息,49
8713,52,请问一下，发票大概什么时候开,买家咨询补货/上货时间,52
8714,82,北欧款和普通款有啥区别啊,买家咨询商品区别,82
8715,86,有送点东西吗,买家咨询商品是否有赠品,86
8716,25,已经付完款了啊,买家表示已下单付款,25
8717,52,M码要多久有货,买家咨询补货/上货时间,52
8718,99,嗯，第二份半价呗？,买家咨询是否有活动,99
8719,22,因质量问题，货未收，已退回，请退款,买家表示需要退货退款,22
8720,60,双11才有活动价,买家咨询活动规则,60
8721,72,换码也包邮,买家咨询如何下单,72
8722,79,你们是哪里,买家咨询商品规格数量,79
8723,110,我退货的话，现在就退款吗,买家咨询退款时间,110
8724,29,好的、谢谢、麻烦您了,买家催促发货,29
8725,48,那你说寄回的运费我承担,买家要求退运费,48
8726,60,这个第二条半价吧,买家咨询活动规则,60
8727,39,这个没有返现,买家向商家表达不好意思,39
8728,6,我晚上寄过来,买家表示具体时间寄回去,6
8729,26,已经领券了怎么就不能用呢？,买家表示优惠券无法使用,26
8730,1,你家裤子就这么让我失望吗,买家表达不满/生气,1
8731,91,颜色有色差吗？,买家咨询什么颜色好看,91
8732,98,没有好评返现活动蛮？,买家咨询是否有好评返现,98
8733,3,我已经拍了九十八付款了,买家表示不想要了,3
8734,79,你好，一箱多少个面包,买家咨询商品规格数量,79
8735,108,那就是到货你退我118？,买家咨询退款金额,108
8736,48,写的15天内退货包运费啊,买家要求退运费,48
8737,60,150克送150克,买家咨询活动规则,60
8738,56,没支付宝。微信行吗。,买家咨询返现方式,56
8739,71,你送我的优惠券呢,买家咨询如何领取优惠券,71
8740,1,这是骗人的？,买家表达不满/生气,1
8741,99,国庆有活动没有呢？,买家咨询是否有活动,99
8742,84,新旧款有何区别,买家咨询商品是不是预售款,84
8743,30,好的，不用回复了,买家催促回复,30
8744,69,你好，请问新疆喀什发货不,买家咨询偏远地区是否发货,69
8745,82,跟平常的西裤料子一样是吗,买家咨询商品区别,82
8746,95,天天我这不到,买家咨询是否可以拒收,95
8747,82,这款是一样的吗？,买家咨询商品区别,82
8748,97,指定中通，邮政不行吗,买家咨询是否可以指定快递,86
8749,48,麻烦快点啊,买家要求退运费,48
8750,49,算了不换了太麻烦了,买家要求修改收件信息,49
8751,85,我之前买了这个 后面的粘胶掉了  可以单独买吗,买家咨询商品是否可以单买/单卖,85
8752,61,拍两份发四箱？,买家咨询快递单号,61
8753,60,这个买一送一是现在就有吗,买家咨询活动规则,60
8754,56,发支付宝么,买家咨询返现方式,56
8755,22,亲帮我改个地址，改成：福建省福清市港头镇百墓街自取,买家表示需要退货退款,22
8756,7,你好！我退款什么时候才到账？,买家表示麻烦卖家，表达感谢,7
8757,82,顶装和侧装的区别是？,买家咨询商品区别,82
8758,77,其他的是散装。？,买家咨询商品的材质/面料,77
8759,5,嗯嗯，明白了,买家表示好的,5
8760,23,那我起重拍啊,买家表示要重拍,23
8761,5,我等下下班回去看看再联系你,买家表示好的,5
8762,54,能发货吗,买家咨询发货时间,54
8763,99,现在就有这个活动了是吧,买家咨询是否有活动,99
8764,106,亲 发中通或者百世不,买家咨询退换货支持快递,106
8765,97,不要送百世快递,买家咨询是否可以指定快递,97
8766,74,今天早上收到的货，下午已退回,买家咨询商家是否收到寄回的商品,74
8767,34,麻烦帮我催下都几天了还不发货,买家发送开票信息,34
8768,76,请问这个面粉生产地是什么地方？,买家咨询商品产地,76
8769,106,尼龙 合金 钢制 有什么不同,买家咨询退换货支持快递,106
8770,54,现在拍下可以发货吗,买家咨询发货时间,54
8771,66,今天还是没有发,买家咨询能否分开/一起发货,66
8772,89,真他妈狗,买家咨询商品质量是否有保障,89
8773,96,店家在嘛？,买家咨询是否可以微信支付,96
8774,61,黑金限量和那个限定有区别吗？,买家咨询快递单号,61
8775,22,我要退货回去，不要了，什么申请退款退货,买家表示需要退货退款,22
8776,105,那东西不在我这里，我怎么用运费险呢,买家咨询退换货运费由谁承担,105
8777,29,今天不发退吧,买家催促发货,29
8778,110,这个退款退哪里去了,买家咨询退款时间,110
8779,60,请问这款买一送一吗,买家咨询活动规则,60
8780,31,你好，亲,买家打招呼,31
8781,26,可以叠加使用500券么,买家表示优惠券无法使用,26
8782,5,模特身上的杏色感觉也不错,买家表示好的,5
8783,50,双十一下单的，还没有发货,买家要求延迟发货,50
8784,5,噢。好的,买家表示好的,5
8785,22,我已经寄出了，麻烦点一下同意换货,买家表示需要退货退款,22
8786,22,那我退款？,买家表示需要退货退款,22
8787,31,是真皮的嘛？,买家打招呼,31
8788,71,这个参加津贴吗？,买家咨询如何领取优惠券,71
8789,29,那就是说今天不能保证发货,买家催促发货,29
8790,67,能开专票呢？,买家咨询能否开发票及发票类型和寄送时间,67
8791,71,怎么没有显示领卷出来呀,买家咨询如何领取优惠券,71
8792,60,10包送碗吗,买家咨询活动规则,60
8793,78,绿色颜色正吗？,买家咨询商品的色差问题,78
8794,36,饼干的包装袋都湿了，快递也太不负责任啦,买家反馈收到的商品有问题,36
8795,40,有无糖吗,买家需要商品推荐,40
8796,60,买一根会送两根吗,买家咨询活动规则,60
8797,16,挖斗是合金么,买家表示收件信息不需要修改了,16
8798,104,可是我已经摘了那个吊牌。,买家咨询退换货规则,104
8799,114,请问我的运费险什么时候退,买家咨询运费险赔付规则,114
8800,73,请问一下发的是什么快递公司呀,买家咨询商家发货地,73
8801,60,双十二才35,买家咨询活动规则,60
8802,36,拆开纸箱都坏的,买家反馈收到的商品有问题,36
8803,77,最好今天发顺丰,买家咨询商品的材质/面料,77
8804,57,你好，不是我收到货给我返50元吗,买家咨询返现金额,57
8805,7,就这样吧，谢谢你了！,买家表示麻烦卖家，表达感谢,7
8806,82,车仔和乌冬面有什么区别,买家咨询商品区别,82
8807,77,不是穿过的味道，牛仔那种味道,买家咨询商品的材质/面料,77
8808,90,是有多少斤,买家咨询商品重量,90
8809,5,噢，好的，谢谢了,买家表示好的,5
8810,79,这个多少斤,买家咨询商品规格数量,79
8811,79,买多少送一箱,买家咨询商品规格数量,79
8812,90,22+22总重量是多少？？,买家咨询商品重量,90
8813,60,是不是买4免1,买家咨询活动规则,60
8814,82,我想问一下床单和床笠的区别？,买家咨询商品区别,82
8815,35,18709255756余睿琳,买家发送支付宝账号,35
8816,104,换货的寄来了吗,买家咨询退换货规则,104
8817,20,快递超慢,买家表示物流太慢了,20
8818,1,还到你这买的是傻瓜，效率太慢太慢了,买家表达不满/生气,1
8819,22,我的裤子尺码不合适，我退货了,买家表示需要退货退款,22
8820,71,怎么我200多！怎么领不了优惠券,买家咨询如何领取优惠券,71
8821,60,要是能发今天帮我发顺丰可以吗,买家咨询活动规则,60
8822,95,有三个漏气了。,买家咨询是否可以拒收,95
8823,60,我一会下单，能享受买1送1吗,买家咨询活动规则,60
8824,79,500克有多少个手撕面包？,买家咨询商品规格数量,79
8825,43,差价款怎么还没到帐,买家要求改商品信息,43
8826,38,还能优惠不,买家讨价还价,38
8827,103,请速给我地址，把裤子退还给你们,买家咨询退换货地址,103
8828,29,你好，明天不发货，我要退货,买家催促发货,29
8829,26,啊 那四十元卷怎么领,买家表示优惠券无法使用,26
8830,29,我的鞋二十几天了还不到,买家催促发货,29
8831,23,买回来不合适能退换吧,买家表示要重拍,23
8832,67,那我干脆申请退款，重新拍一件,买家咨询能否开发票及发票类型和寄送时间,67
8833,86,我买了两条裤子送袜子？,买家咨询商品是否有赠品,86
8834,99,哦，有什么活动吗,买家咨询是否有活动,99
8835,92,店里衣服任意两款9折是吗,买家咨询是否可以打折,92
8836,60,不是拍的两件吗？,买家咨询活动规则,60
8837,31,嗯那，我知道了,买家打招呼,31
8838,114,就是盒子跟吊牌不见了,买家咨询运费险赔付规则,114
8839,52,说实话  更喜欢白的   什么时候有货,买家咨询补货/上货时间,52
8840,43,你好，我想定制一个70cm乘两米长的桌布,买家要求改商品信息,43
8841,57,两件128的秋装会反款128吗？,买家咨询返现金额,57
8842,24,这快递也太慢了，路远的都到了,买家表示已经收到货了,24
8843,115,你们是哪里发货吗,买家咨询赠品何时发货,115
8844,44,有个包邮，请改下运费,买家要求改运费,44
8845,60,可以给满四百减五十的嘛,买家咨询活动规则,60
8846,6,现在已经交给快递员了,买家表示具体时间寄回去,6
8847,79,一斤几个？？,买家咨询商品规格数量,79
8848,82,白色和黑色为什么差了30元呢？有什么区别？,买家咨询商品区别,82
8849,29,你这还没发货呢啊,买家催促发货,29
8850,60,你好 这款是买一送一同款吗,买家咨询活动规则,60
8851,81,能不能订制1米的,买家咨询商品具体尺码尺寸,81
8852,29,就快点发货就行,买家催促发货,29
8853,98,好评有红包么？返现跟好评的红包分开的吧,买家咨询是否有好评返现,98
8854,49,付款后地址错了怎么改,买家要求修改收件信息,49
8855,43,山西省尖草坪区柴村街道金桥西街万科太原小镇s3幢，马小文收，15333641897,买家要求改商品信息,43
8856,41,发错衣服，说赔偿也没赔？？,买家要求补偿,41
8857,60,买一送一吗？,买家咨询活动规则,60
8858,109,你们催催快递公司能快点吗,买家咨询退款去向,109
8859,82,59的跟68的有区别吗,买家咨询商品区别,82
8860,36,今天收到货箱子都烂了,买家反馈收到的商品有问题,36
8861,22,我的裤子可以申请退款?,买家表示需要退货退款,22
8862,86,你好，请问这个送杯子？,买家咨询商品是否有赠品,86
8863,86,一份也送收纳箱吧,买家咨询商品是否有赠品,86
8864,82,加棉款一样嘛,买家咨询商品区别,82
8865,89,质量好吧，会不会洗过几水就倒绒了,买家咨询商品质量是否有保障,89
8866,90,这个可以减30嘛,买家咨询商品重量,90
8867,94,退了一件价格的钱,买家咨询是否可以改价,94
8868,11,这个是三盒还送一个嘛？,买家表示商家发错地址,11
8869,55,有什么发货快的快递吗,买家咨询发什么快递,55
8870,1,我也很心烦！！！！！！！！！！！！！！！！！！！！！！！！！！,买家表达不满/生气,1
8871,15,买2送1，是多少斤呢,买家表示是老顾客,15
8872,50,这个和第二代的那个有什么区别,买家要求延迟发货,50
8873,73,上海发货啊,买家咨询商家发货地,73
8874,90,请问一般是有多重，净重的,买家咨询商品重量,90
8875,86,我买的那个买一送一的退款需要怎么退？,买家咨询商品是否有赠品,86
8876,55,衣服快递太慢了，我都不在那里了，没法收快递,买家咨询发什么快递,55
8877,110,顺丰时候能到,买家咨询退款时间,110
8878,96,那这个店铺优惠券也不能叠加5元红包是吧,买家咨询是否可以微信支付,96
8879,80,一盒净重多少,买家咨询商品价格,80
8880,59,是多大尺寸的？,买家咨询换货发货时间,59
8881,29,我再买两条能不能快点发？,买家催促发货,29
8882,4,现在这包装太省事了吧，箱子都坏了,买家表示地址正确,4
8883,39,亲 货已经收到了 什么时候可以返十元,买家向商家表达不好意思,39
8884,75,每一片是不是单独包装的,买家咨询商品包装,75
8885,9,有的衣服不满意,买家表示拍错了,9
8886,82,打孔款和挂钩款有什么区别？,买家咨询商品区别,82
8887,7,好的，谢谢呦,买家表示麻烦卖家，表达感谢,7
8888,3,但是已经付款,买家表示不想要了,3
8889,2,发的什么快递呢？单号给我下，谢谢。,买家表达赞美/满意,2
8890,82,超亲跟蓝光有啥区别,买家咨询商品区别,82
8891,110,原路返回没收到钱,买家咨询退款时间,110
8892,37,地址信息改了吧~,买家确认地址是否修改成功,37
8893,1,尽你妈，快退，妈的，,买家表达不满/生气,1
8894,74,亲，我换的货寄出来了吗,买家咨询商家是否收到寄回的商品,74
8895,15,有买过了老客户,买家表示是老顾客,15
8896,54,你好，今天订，明天能发货吗？,买家咨询发货时间,54
8897,3,买给我姐姐的，找不到配套的麻烦,买家表示不想要了,3
8898,15,谢谢 /:^$^ 老老顾客啦,买家表示是老顾客,15
8899,60,这个裤子在双十一多少钱啊,买家咨询活动规则,60
8900,69,你们店的发货地是杭州么,买家咨询偏远地区是否发货,69
8901,1,拖这么多天你给我说没货了，你们也太不负责任了吧,买家表达不满/生气,1
8902,53,在吗在吗 大哥,买家咨询到货时间,53
8903,82,149那型跟169有什么区别阿,买家咨询商品区别,82
8904,82,这个跟68的有什么区别啊,买家咨询商品区别,82
8905,49,姐姐，能帮我修改下电话号吗,买家要求修改收件信息,49
8906,99,这个参加满300-30？,买家咨询是否有活动,99
8907,86,34元一箱？买一箱送一箱？,买家咨询商品是否有赠品,86
8908,59,好，麻烦快点，谢谢,买家咨询换货发货时间,59
8909,0,今天都涨价了吗,买家抱怨商品涨价了,0
8910,22,我的货是正在退货中吗,买家表示需要退货退款,22
8911,88,你好，我看快递签收了，,买家咨询商品是什么颜色,88
8912,92,邮费咋算啊,买家咨询是否可以打折,92
8913,65,问一下发票开了吗,买家咨询能否定制,65
8914,91,平时喜欢穿宽松点的,买家咨询什么颜色好看,91
8915,74,我申请退款，重新拍吧,买家咨询商家是否收到寄回的商品,74
8916,20,你们店所有衣服买一送一吗？,买家表示物流太慢了,20
8917,13,字都是一样吗,买家表示商品已经寄回去了,13
8918,56,不用微信，用支付宝,买家咨询返现方式,56
8919,0,满499不是减50吗,买家抱怨商品涨价了,0
8920,8,还是直接给券了我再拍吧,买家表示马上下单付款,8
8921,86,说的一罐送勺子,买家咨询商品是否有赠品,86
8922,5,我知道呢之前有买过,买家表示好的,5
8923,39,你好，不好意思因为假期出国了今天才收到试了一下太少了，想换大一点可以吗？,买家向商家表达不好意思,39
8924,38,你没给我优惠十块钱呢,买家讨价还价,38
8925,31,在的 亲爱的,买家打招呼,31
8926,55,能走邮政或者中通吗，申通收不了,买家咨询发什么快递,55
8927,93,为啥不发顺丰呢？,买家咨询是否可以发顺丰,93
8928,111,会发到哪里呢,买家咨询物流信息,111
8929,106,我这里可以收到百世 韵达 圆通 中通 ems和顺丰,买家咨询退换货支持快递,106
8930,97,中通和邮电局我不喜欢别的快递可以,买家咨询是否可以指定快递,97
8931,22,定做只能做这个色是吗？,买家表示需要退货退款,22
8932,65,你给我补发那种什么材质的，,买家咨询能否定制,65
8933,105,和牛仔料子是一样的嘛,买家咨询退换货运费由谁承担,105
8934,36,我的快递怎么一直没动过,买家反馈收到的商品有问题,36
8935,105,是商家自付？邮费,买家咨询退换货运费由谁承担,105
8936,22,我那弄不到延迟收货时呢,买家表示需要退货退款,22
8937,1,麻烦和仓库说声快点发货，我送给爷爷生日礼物，还有5天就生日了，阴历10.24,买家表达不满/生气,1
8938,31,我说问问你,买家打招呼,31
8939,1,不觉得搞笑啊,买家表达不满/生气,1
8940,73,白色裤子不太喜欢,买家咨询商家发货地,73
8941,65,你好，我想问下定制长110宽70的桌布有多大,买家咨询能否定制,65
8942,88,请问是什么材质？,买家咨询商品是什么颜色,88
8943,75,一盒是多少克呢,买家咨询商品包装,75
8944,88,本来想退货的 但还挺喜欢这件就不想退了,买家咨询商品是什么颜色,88
8945,110,请问，退款什么时间到,买家咨询退款时间,110
8946,85,防拦是单独买吗,买家咨询商品是否可以单买/单卖,85
8947,86,不送吧,买家咨询商品是否有赠品,86
8948,65,可以定制画吗,买家咨询能否定制,65
8949,102,亲，韵达能收到吗,买家咨询是否有味道,102
8950,77,你好 我问气缸是啥材质,买家咨询商品的材质/面料,77
8951,42,这几个一共多少个,买家要求发货检查,42
8952,47,有微信吗？,买家要求添加商家微信,47
8953,86,亲 改一下地址,买家咨询商品是否有赠品,86
8954,13,你好我已经去寄了,买家表示商品已经寄回去了,13
8955,82,那几个价格有什么区别,买家咨询商品区别,82
8956,27,您的尺寸，真心看不懂,买家表示有疑问/不理解,27
8957,36,对了，我想问问你们家的包装都这样的吗？瘪瘪的像漏气了一样/:?,买家反馈收到的商品有问题,36
8958,80,单拍一件又能拍了，给我去掉邮费，一起发过来吧,买家咨询商品价格,80
8959,54,现在拍下。今天还可以发货吗？,买家咨询发货时间,54
8960,76,这款燕麦的产地是哪里的？,买家咨询商品产地,76
8961,30,揭阳哪里发货？,买家催促回复,30
8962,70,麻烦老板帮我改下,买家咨询如何加入会员,70
8963,105,第一次换货包邮,买家咨询退换货运费由谁承担,105
8964,4,现在比双十一贵3块,买家表示地址正确,4
8965,115,卡其色，颜色正吗,买家咨询赠品何时发货,115
8966,105,我是说退换的运费,买家咨询退换货运费由谁承担,105
8967,24,你好，内衣收到货了,买家表示已经收到货了,24
8968,97,可以指定发圆通快递嘛？,买家咨询是否可以指定快递,97
8969,54,亲 我要买个发票,买家咨询发货时间,54
8970,44,改下邮费哦??亲亲,买家要求改运费,44
8971,30,明天   后天能发吗,买家催促回复,30
8972,12,请问我买的打底裤是不是货发错了？,买家表示商家发错货了,12
8973,66,一次拍下的一起发货吧？,买家咨询能否分开/一起发货,66
8974,90,亲面包是多少克,买家咨询商品重量,90
8975,49,我改了下地址重新拍了～,买家要求修改收件信息,49
8976,60,双十一能使用购物津贴吗,买家咨询活动规则,60
8977,15,原来买的都有70个，,买家表示是老顾客,15
8978,60,买500g送500g和买500g送同款500g有什么区别,买家咨询活动规则,60
8979,22,退款快点哦,买家表示需要退货退款,22
8980,44,小姐姐，漏拍了一件，可以改运费吗 /:018,买家要求改运费,44
8981,21,好的先买一条试试看,买家表示先买来试试,21
8982,67,你们可以开专票，是吗？,买家咨询能否开发票及发票类型和寄送时间,67
8983,110,退款之后多长时间到账,买家咨询退款时间,110
8984,28,嗯??麻烦了,买家表示再看看,28
8985,114,上面不是写着有退运费险？,买家咨询运费险赔付规则,114
8986,31,那给我做个吧。,买家打招呼,31
8987,57,收货返现？,买家咨询返现金额,57
8988,30,亲，这个几斤的？,买家催促回复,30
8989,107,退货原因选哪个啊,买家咨询退货退款原因选什么,107
8990,1,你今晚就给我处理退款，不然我要投诉你们虚假发货，根本没发货！还假装发出……,买家表达不满/生气,1
8991,102,挺刺鼻的味道,买家咨询是否有味道,102
8992,29,能不能快点呀,买家催促发货,29
8993,97,麻烦发中通哦,买家咨询是否可以指定快递,97
8994,55,退货发韵达快递了哦,买家咨询发什么快递,55
8995,60,亲，这个是买二送一吗,买家咨询活动规则,92
8996,67,发票可以给我开了,买家咨询能否开发票及发票类型和寄送时间,67
8997,49,广东省佛山市南海区大沥镇黄岐泌冲工业区一铭公司，张东光，18929916022,买家要求修改收件信息,49
8998,18,微信老顾客五折,买家表示无法申请退款,18
8999,38,我能不能日常价买秒杀款 我自己补差价 然后这样参加买三免一,买家讨价还价,38
9000,86,对了亲有什么赠品吗,买家咨询商品是否有赠品,86
9001,53,我急穿，到山东日照发顺丰，周六能到吗,买家咨询到货时间,53
9002,60,花茶买一送一，怎么没送呢？,买家咨询活动规则,60
9003,55,我给单位采购，请问您这可以开增值税专用发票吗 ？,买家咨询发什么快递,55
9004,75,东西刚收到，包装怎么这么简陋,买家咨询商品包装,75
9005,29,不好意思，亲，麻烦了,买家催促发货,29
9006,20,叫快递派送一下吧,买家表示物流太慢了,20
9007,21,等晚上带回去试试,买家表示先买来试试,21
9008,95,但就是新疆发不发货,买家咨询是否可以拒收,95
9009,65,请问尺寸可以定制不,买家咨询能否定制,81
9010,3,您好   这件衣服我不想要了,买家表示不想要了,3
9011,87,没色差嘛？,买家咨询商品是否有质保，质保多久,87
9012,99,我发的这个活动,买家咨询是否有活动,99
9013,92,新款有打折吗,买家咨询是否可以打折,92
9014,54,亲，早点发,买家咨询发货时间,54
9015,54,我还想再买三个，还有活动吗？,买家咨询发货时间,54
9016,110,过年前能收到吧,买家咨询退款时间,110
9017,46,发了不嘛，发了，就不退了，,买家要求取消退换货退款,46
9018,114,如不合穿包退运费险吗,买家咨询运费险赔付规则,114
9019,79,对啊，不是买一送一吗？,买家咨询商品规格数量,79
9020,98,在吗忙不,买家咨询是否有好评返现,98
9021,106,我寄圆通可以的吧？,买家咨询退换货支持快递,106
9022,90,老板，虾净重有多重？,买家咨询商品重量,90
9023,15,100拍了美女江苏老顾客了,买家表示是老顾客,15
9024,94,那应该给我改价呀,买家咨询是否可以改价,94
9025,23,不用退，上次买的是大码小了，现在想重新买一件,买家表示要重拍,23
9026,98,麻烦退款,买家咨询是否有好评返现,98
9027,105,不合适的话退换还要自己出运费啊,买家咨询退换货运费由谁承担,105
9028,1,行，你这样的态度,买家表达不满/生气,1
9029,82,床单款跟床笠款有什么区别,买家咨询商品区别,82
9030,85,那个贴的粘贴有吗单独买,买家咨询商品是否可以单买/单卖,85
9031,58,升级款有啥子区别,买家咨询返现时间,58
9032,90,每份净重只有4.5斤？,买家咨询商品重量,90
9033,49,亲，要改地址,买家要求修改收件信息,49
9034,51,怎么延期收货呢,买家要求延长收货时间,51
9035,29,稍等一下哈,买家催促发货,29
9036,12,你好，请问蓝色还补货吗？,买家表示商家发错货了,12
9037,76,是买一赠一么这个？,买家咨询商品产地,76
9038,65,能定制不,买家咨询能否定制,65
9039,31,还没回答我的问题哦,买家打招呼,31
9040,114,这邮费怎么退,买家咨询运费险赔付规则,114
9041,46,没申请的不退,买家要求取消退换货退款,46
9042,9,好了，麻烦快点。,买家表示拍错了,9
9043,59,在吗。那个退换的衣服发货了嘛,买家咨询换货发货时间,59
9044,99,双十二，毛衣有啥活动呀,买家咨询是否有活动,99
9045,97,尽量顺风和韵达或者百世快递,买家咨询是否可以指定快递,97
9046,106,只能寄中通,买家咨询退换货支持快递,106
9047,3,我的东西现在是到哪里了,买家表示不想要了,3
9048,99,压根就不便宜呢,买家咨询是否有活动,99
9049,82,无，跟有背胶，有什么区别,买家咨询商品区别,82
9050,56,我没支付宝那退到哪里了,买家咨询返现方式,56
9051,32,支付宝帐号931388429@qq、com,买家对特定款式/颜色表达喜好,32
9052,40,哪一款好些啊，推荐一下,买家需要商品推荐,40
9053,112,黑色1和2有什么区别！,买家咨询优惠券使用规则,112
9054,94,您那边不是可以改价格吗,买家咨询是否可以改价,94
9055,97,用圆通吧,买家咨询是否可以指定快递,97
9056,100,这个两套八折，是只有其中一套八折吗,买家咨询是否有买家秀,100
9057,109,啊？返到哪里呀,买家咨询退款去向,109
9058,57,忘记了你家不是说我收到货返10元钱吗？,买家咨询返现金额,57
9059,61,寄回来得单号发我吧,买家咨询快递单号,61
9060,78,毛衣外套色差大吗,买家咨询商品的色差问题,78
9061,60,亲 这个是买2发3包吗,买家咨询活动规则,60
9062,65,可以订做是吗,买家咨询能否定制,65
9063,46,我不退了，裤子在我这，我点了送货退款怎么取消退货,买家要求取消退换货退款,46
9064,31,姐妹  在吗,买家打招呼,31
9065,82,上面请刻云 /:Y 潇谢谢,买家咨询商品区别,82
9066,111,家里人不适合 所以退款了,买家咨询物流信息,111
9067,46,好的，我这边申请退,买家要求取消退换货退款,46
9068,15,你们家衣服我也买了好几件了,买家表示是老顾客,15
9069,50,新疆不发货了吗？,买家要求延迟发货,50
9070,54,现在发不来  晚点发货吧,买家咨询发货时间,54
9071,66,之前已经拍过了,买家咨询能否分开/一起发货,66
9072,78,那这也色差也太大了吧,买家咨询商品的色差问题,78
9073,97,帮我备注一下邮政,买家咨询是否可以指定快递,97
9074,71,你们这款现在没做活动吗？,买家咨询如何领取优惠券,71
9075,7,好的谢谢你呀,买家表示麻烦卖家，表达感谢,7
9076,82,这款跟59的有什么区别,买家咨询商品区别,82
9077,49,能否改地址,买家要求修改收件信息,49
9078,71,大概什么时候会发,买家咨询如何领取优惠券,71
9079,64,这个我是让你们到付,买家咨询能否到付,64
9080,58,已追评 如何返现呢,买家咨询返现时间,58
9081,15,行，我在想想,买家表示是老顾客,15
9082,75,肤色打底裤颜色正吗,买家咨询商品包装,75
9083,22,已经退了哦，注意查收,买家表示需要退货退款,22
9084,9,亲，图片是什么颜色？,买家表示拍错了,9
9085,81,19.8元，多少斤？,买家咨询商品具体尺码尺寸,81
9086,67,今天发票能寄出吗,买家咨询能否开发票及发票类型和寄送时间,67
9087,90,就是没有2斤是吗？,买家咨询商品重量,90
9088,49,我刚刚咨询的那问题，地址能改吗,买家要求修改收件信息,49
9089,100,返回的邮费怎么给我,买家咨询是否有买家秀,100
9090,86,还送一箱吗,买家咨询商品是否有赠品,86
9091,60,是不是买1送4？,买家咨询活动规则,60
9092,29,嗯嗯，好的。谢谢。,买家催促发货,29
9093,75,喜欢宽松的呢,买家咨询商品包装,75
9094,58,麻烦你延长一下收货时间,买家咨询返现时间,58
9095,71,领卷可以领5块。用却用不了,买家咨询如何领取优惠券,71
9096,1,你这也太坑了,买家表达不满/生气,1
9097,71,我领不了啊？,买家咨询如何领取优惠券,71
9098,19,71怎么付不了款？,买家表示无法下单,19
9099,54,我就问今天能不能发货,买家咨询发货时间,54
9100,67,可以开个收据吧,买家咨询能否开发票及发票类型和寄送时间,67
9101,60,现在还买一送一？,买家咨询活动规则,60
9102,109,给我发支付宝了吗,买家咨询退款去向,109
9103,2,亲，皮裤质量挺好,买家表达赞美/满意,2
9104,2,就是好评返现，加微信返现的,买家表达赞美/满意,2
9105,69,新疆不发货吗？？,买家咨询偏远地区是否发货,69
9106,104,这个我妈妈喝了一瓶还是不解大便还可以退货吗,买家咨询退换货规则,104
9107,50,这个今天先别发货可以嘛,买家要求延迟发货,50
9108,111,帮我查到了吗,买家咨询物流信息,111
9109,20,韵达很快呀，中通有点慢,买家表示物流太慢了,20
9110,103,你好。能改个地址吗,买家咨询退换货地址,103
9111,48,不好意思，我想问一下，我退的物品，运费险是以什么样的形式退还的呢？,买家要求退运费,48
9112,99,你这款怎么双十一还涨价了呢,买家咨询是否有活动,99
9113,104,亲，现在可以退换吗,买家咨询退换货规则,104
9114,28,我在想想吧！,买家表示再看看,28
9115,60,关注了怎么没优惠呢,买家咨询活动规则,60
9116,90,这个不是一罐送5小罐吗？到了5件货，大罐6罐，小罐只有20罐,买家咨询商品重量,90
9117,82,有什么区区别,买家咨询商品区别,78
9118,20,亲 啊催一下物流,买家表示物流太慢了,20
9119,74,现在下单，收到货还有反现吗,买家咨询商家是否收到寄回的商品,74
9120,22,裤子有点肥，我还是申请退货,买家表示需要退货退款,22
9121,25,我这次要下单了,买家表示已下单付款,25
9122,20,帮我催一下快递，等着穿着,买家表示物流太慢了,20
9123,83,冬装什么时候上新呀,买家咨询商品上新时间,83
9124,65,发货是从哪里发的呀？你这,买家咨询能否定制,65
9125,88,这个衣服不是米白色吧,买家咨询商品是什么颜色,88
9126,42,你好现在买明天能发货吗,买家要求发货检查,42
9127,49,刚才我下单了  忘了更改地址了,买家要求修改收件信息,49
9128,111,物流是怎么了,买家咨询物流信息,111
9129,66,买两箱分别发两个地址可以吗,买家咨询能否分开/一起发货,66
9130,77,一份也送收纳盒的吧？,买家咨询商品的材质/面料,77
9131,62,需要提供支付宝不,买家咨询买多件能否优惠,62
9132,60,买一送一一共几个,买家咨询活动规则,60
9133,97,哦！好的，谢谢,买家咨询是否可以指定快递,97
9134,67,今天我给你邮过去,买家咨询能否开发票及发票类型和寄送时间,67
9135,38,返价格最低的原价是吧,买家讨价还价,38
9136,62,嗯嗯，两件能优惠多少,买家咨询买多件能否优惠,62
9137,82,粉霜有两款，怎么区别,买家咨询商品区别,82
9138,58,退货地址是申请退货显示那个呗,买家咨询返现时间,58
9139,6,好的，我明天一早就去寄,买家表示具体时间寄回去,6
9140,54,我一天买了5件货，别的昨天都到货了，这个还没发，怎么回事？,买家咨询发货时间,54
9141,38,双11好像贵了,买家讨价还价,38
9142,82,女款跟男款是不是不一样大,买家咨询商品区别,82
9143,71,嗯。双十一是不是有优惠？,买家咨询如何领取优惠券,71
9144,105,那个寄回去的快递费用怎么说？,买家咨询退换货运费由谁承担,105
9145,41,我都忘记是怎么加到你得了,买家要求补偿,41
9146,99,现在不直接优惠？,买家咨询是否有活动,99
9147,79,这两个,买家咨询商品规格数量,79
9148,60,双十有优惠力度吗,买家咨询活动规则,60
9149,22,那那个就别退回了,买家表示需要退货退款,22
9150,54,如果我现在买了，啥时候可以发货啊,买家咨询发货时间,54
9151,79,我是申请退款吗？,买家咨询商品规格数量,79
9152,59,你是说哪里是塑料？,买家咨询换货发货时间,59
9153,60,一个箱还是两个,买家咨询活动规则,60
9154,29,我如果现在下单几天能发货,买家催促发货,29
9155,2,快递费我先付了,买家表达赞美/满意,2
9156,14,等一下我还要一双,买家表示稍等,14
9157,99,滚滚滚，别打扰我。,买家咨询是否有活动,99
9158,90,請問買2送1是多少克一包的,买家咨询商品重量,90
9159,117,这个今天下单可以发嘛？,买家咨询自己的旺旺昵称,117
9160,22,处理一下退款吧谢谢,买家表示需要退货退款,22
9161,77,9.8的是什么材质的,买家咨询商品的材质/面料,77
9162,90,有一斤吗？,买家咨询商品重量,90
9163,43,刚才两件可以帮改成110码,买家要求改商品信息,43
9164,56,这买返红包怎样返？,买家咨询返现方式,56
9165,104,这个优惠券我怎么用不了,买家咨询退换货规则,104
9166,97,我要申通谢谢，,买家咨询是否可以指定快递,97
9167,23,物流几天没更新了,买家表示要重拍,23
9168,28,好的，我看看凑够三件,买家表示再看看,28
9169,97,别给我发圆通快递好吗,买家咨询是否可以指定快递,97
9170,66,亲，还可以一起发货？,买家咨询能否分开/一起发货,66
9171,90,净重多少啊,买家咨询商品重量,90
9172,106,哦，新疆发什么快递,买家咨询退换货支持快递,106
9173,60,买一送一是拍一份还是两份,买家咨询活动规则,99
9174,83,今年过年前还会上新吗,买家咨询商品上新时间,83
9175,60,袄 那还买三免一了吗,买家咨询活动规则,60
9176,82,我拍错尺码了,买家咨询商品区别,82
9177,12,杏色的s号会补货吗？,买家表示商家发错货了,12
9178,73,请问你们哪里发货,买家咨询商家发货地,73
9179,95,货物寄回去，运费需要我先垫付嘛,买家咨询是否可以拒收,95
9180,104,买一送一是返现么？,买家咨询退换货规则,104
9181,79,9.9元那个   里面多少个,买家咨询商品规格数量,79
9182,74,亲 快递已经退回去了啊,买家咨询商家是否收到寄回的商品,74
9183,55,亲！新疆发货吗,买家咨询发什么快递,55
9184,57,700克小面包是什么,买家咨询返现金额,57
9185,81,您好，这件买一送一的,买家咨询商品具体尺码尺寸,81
9186,7,这款羽绒服是什么时候上新的啊,买家表示麻烦卖家，表达感谢,7
9187,74,收到了吧  衣服,买家咨询商家是否收到寄回的商品,74
9188,62,您好！双十一有优惠吗,买家咨询买多件能否优惠,62
9189,46,哦⊙?⊙！，谢谢哈,买家要求取消退换货退款,46
9190,105,等个鞋子要好几天。醉了,买家咨询退换货运费由谁承担,105
9191,109,圣诞老人什么时候有货,买家咨询退款去向,109
9192,104,如何调换呢,买家咨询退换货规则,104
9193,1,亲，在你家买的裤子怎么感觉腿上不满意,买家表达不满/生气,1
9194,27,上次一起退回的羽绒衣我这里还没声请退款,买家表示有疑问/不理解,27
9195,88,/:811 不懂……,买家咨询商品是什么颜色,88
9196,24,请问一袋多少克,买家表示已经收到货了,24
9197,93,请一定咱今天发货，发顺风谢谢。,买家咨询是否可以发顺丰,93
9198,70,买三件能给多点优惠吗,买家咨询如何加入会员,70
9199,55,你们这个新疆发什么快递,买家咨询发什么快递,55
9200,104,好的，如果码数不合适可以退换吗？,买家咨询退换货规则,104
9201,72,上次说，下次买多送一个,买家咨询如何下单,72
9202,109,这两双??什么区别,买家咨询退款去向,109
9203,49,河南省平顶山市叶县,买家要求修改收件信息,49
9204,105,换货的话，我寄过去运费我出，寄回来的运费你们出是吗？,买家咨询退换货运费由谁承担,105
9205,39,你们那个客服没有人说话,买家向商家表达不好意思,39
9206,38,你好！我要7套衣服，能优惠点吗？,买家讨价还价,38
9207,19,那我这个裤子退掉在重新拍下,买家表示无法下单,19
9208,106,退货寄百世快递可以吗,买家咨询退换货支持快递,106
9209,79,500克大概几个,买家咨询商品规格数量,79
9210,54,好今天发货我就下单,买家咨询发货时间,54
9211,92,那我拍那个吧,买家咨询是否可以打折,92
9212,62,亲，看下我的优惠了没呢,买家咨询买多件能否优惠,62
9213,111,我想问一下，我的这个件是发的什么快递,买家咨询物流信息,111
9214,29,拜托拜托，快点发吧,买家催促发货,29
9215,14,中蓝色差大不,买家表示稍等,14
9216,46,不换过,买家要求取消退换货退款,46
9217,83,请问我的退货你们收到了吗,买家咨询商品上新时间,83
9218,77,都是什么材质啊？,买家咨询商品的材质/面料,77
9219,85,买了三斤虾，但是有一包漏气了,买家咨询商品是否可以单买/单卖,85
9220,60,还是买二送一吗,买家咨询活动规则,60
9221,38,老顾客了，能优惠吗,买家讨价还价,38
9222,49,电话改一下吧    我换手机号了,买家要求修改收件信息,49
9223,74,你好。亲。退货的那件你们收到了吗,买家咨询商家是否收到寄回的商品,74
9224,14,thankyou,买家表示稍等,14
9225,86,送点东西吧,买家咨询商品是否有赠品,86
9226,61,麻烦发出后把快递单号发给我,买家咨询快递单号,61
9227,71,亲，这款还有优惠券嘛,买家咨询如何领取优惠券,71
9228,60,海苔买两份送一盒？,买家咨询活动规则,60
9229,49,我双十二买的裤子能帮我改下地址吗？,买家要求修改收件信息,49
9230,110,云南昆明寻甸县,买家咨询退款时间,110
9231,86,还可以多送一盒,买家咨询商品是否有赠品,86
9232,67,发票什么时候可以开出？,买家咨询能否开发票及发票类型和寄送时间,67
9233,109,产地是加拿大的？,买家咨询退款去向,109
9234,3,码数可以，就是料子不满意啦。,买家表示不想要了,3
9235,10,回复个屁,买家表示伤心难过,10
9236,49,你好，能改地址吗,买家要求修改收件信息,49
9237,33,在哪领呀,买家发送结束语,33
9238,99,这件衣服没有任何活动嘛,买家咨询是否有活动,99
9239,29,今天是第15天了，咋还没发货,买家催促发货,29
9240,110,不可能到货了不派送吧？,买家咨询退款时间,110
9241,111,那运费险你怎么给我啊,买家咨询物流信息,111
9242,2,实话实说   确实不错,买家表达赞美/满意,2
9243,22,我发什么物流退回去呢,买家表示需要退货退款,22
9244,96,可以微信购买吗？,买家咨询是否可以微信支付,96
9245,67,开发票！,买家咨询能否开发票及发票类型和寄送时间,59
9246,103,衣服不合适 发一下退货地址,买家咨询退换货地址,103
9247,105,那我退换邮费要自己出吗,买家咨询退换货运费由谁承担,105
9248,66,发的时候帮我发140可以吗,买家咨询能否分开/一起发货,66
9249,82,钢制和尼龙什么区别,买家咨询商品区别,82
9250,1,好麻烦算了不退了,买家表达不满/生气,1
9251,7,现在是买一送一？,买家表示麻烦卖家，表达感谢,7
9252,74,衣服退出了喔,买家咨询商家是否收到寄回的商品,74
9253,86,我买两个送一袋是吗,买家咨询商品是否有赠品,86
9254,10,我看评论有说色差较大,买家表示伤心难过,10
9255,106,如果给你退货，我发什么快递都可以吗,买家咨询退换货支持快递,106
9256,60,你好什么时候上新秒杀呢,买家咨询活动规则,60
9257,70,好多5折的吗,买家咨询如何加入会员,70
9258,82,和3801有什么不同,买家咨询商品区别,82
9259,102,为啥衣服有很重的味道,买家咨询是否有味道,102
9260,60,那也没有活动价优惠啊,买家咨询活动规则,60
9261,67,亲，发票已寄过去。,买家咨询能否开发票及发票类型和寄送时间,67
9262,93,今天可以发顺丰寄付吗,买家咨询是否可以发顺丰,93
9263,82,价格高低是什么区别,买家咨询商品区别,82
9264,97,韵达哈,买家咨询是否可以指定快递,97
9265,86,你好老板在吗？？,买家咨询商品是否有赠品,86
9266,92,前几名打几折,买家咨询是否可以打折,92
9267,60,这个买一箱送一箱什么意思？,买家咨询活动规则,60
9268,79,9.9发多少,买家咨询商品规格数量,79
9269,82,二型和一型有什么区别,买家咨询商品区别,82
9270,65,刻字那个可以吧,买家咨询能否定制,65
9271,86,你好支持津贴么,买家咨询商品是否有赠品,86
9272,97,亲亲你怎么发邮政啊,买家咨询是否可以指定快递,97
9273,86,哦??送纯棉袜子吗,买家咨询商品是否有赠品,86
9274,60,我满400为啥没减50呀,买家咨询活动规则,60
9275,81,拖把头多大尺寸,买家咨询商品具体尺码尺寸,81
9276,94,这个，帮我改一下价格，然后我付款,买家咨询是否可以改价,94
9277,7,没事没事，冬天了反正，麻烦你了,买家表示麻烦卖家，表达感谢,7
9278,60,买250送250？,买家咨询活动规则,60
9279,69,我下单，和发票一起寄过来,买家咨询偏远地区是否发货,69
9280,29,几天到/:^$^,买家催促发货,29
9281,97,那就发中通吧,买家咨询是否可以指定快递,97
9282,61,怎么回事儿这物流信息怎么不更新呢。。现在到哪儿。我也不知道。你那能差到吗？,买家咨询快递单号,61
9283,109,你这个店在哪里,买家咨询退款去向,109
9284,23,是不是应该退款……然后重拍,买家表示要重拍,23
9285,55,亲 改一下运费哦,买家咨询发什么快递,55
9286,46,就不退,买家要求取消退换货退款,46
9287,82,跟图片上一样吗,买家咨询商品区别,82
9288,21,你们是全场满5百减1百吗？,买家表示先买来试试,21
9289,15,出了这次上新，过年前还会上新吗,买家表示是老顾客,15
9290,1,网购最不满意的一次。,买家表达不满/生气,1
9291,74,亲我已经退了，你们收到货没有,买家咨询商家是否收到寄回的商品,74
9292,52,你好请问 米拼绿 这个颜色还会补货吗,买家咨询补货/上货时间,52
9293,71,这次有什么劵吗？,买家咨询如何领取优惠券,71
9294,88,这件裤子有没色差,买家咨询商品是什么颜色,88
9295,25,您好 订单拍下,买家表示已下单付款,25
9296,52,那就这样吧，补五元吧,买家咨询补货/上货时间,52
9297,90,面条是几斤的,买家咨询商品重量,90
9298,1,真是醉了  不会是一次性的吧,买家表达不满/生气,1
9299,97,我再拍两包，你多送个杯子吧,买家咨询是否可以指定快递,97
9300,43,还是帮我改m码吧,买家要求改商品信息,43
9301,78,亲货收到了。有9包漏气,买家咨询商品的色差问题,78
9302,106,中通哒,买家咨询退换货支持快递,106
9303,89,好吧，那我再等一下。,买家咨询商品质量是否有保障,89
9304,97,邮政快递？,买家咨询是否可以指定快递,97
9305,89,嗯！质量好！,买家咨询商品质量是否有保障,89
9306,110,可以申请退款是么,买家咨询退款时间,110
9307,0,涨价这么多,买家抱怨商品涨价了,0
9308,86,应该是送两个杯子阿,买家咨询商品是否有赠品,86
9309,97,可以指定发邮政吗？,买家咨询是否可以指定快递,97
9310,12,体桖颜色发错了,买家表示商家发错货了,12
9311,82,普通和抗菌有啥区别？,买家咨询商品区别,82
9312,60,有跨店满400减50吗？,买家咨询活动规则,60
9313,99,你知道你家这个没有毛的款什么时候上新的嘛,买家咨询是否有活动,99
9314,9,这就有点过分了,买家表示拍错了,9
9315,67,发票，邮箱没收到 /:018,买家咨询能否开发票及发票类型和寄送时间,67
9316,2,多少钱十支,买家表达赞美/满意,2
9317,60,买三免一是免哪一件的,买家咨询活动规则,60
9318,102,有木有刺鼻的味儿,买家咨询是否有味道,102
9319,71,为什么领不上5块的卷呢？,买家咨询如何领取优惠券,71
9320,102,多少克的1包,买家咨询是否有味道,102
9321,22,请问一下，我退货的钱什么时候退回来？,买家表示需要退货退款,22
9322,53,多久可以,买家咨询到货时间,53
9323,101,你们济南有实体店么,买家咨询是否有实体店,101
9324,29,只想早点发货,买家催促发货,29
9325,7,跟刚才一起能少三元？,买家表示麻烦卖家，表达感谢,7
9326,60,我的问题是拍两份250g送250g的,买家咨询活动规则,60
9327,72,这个贴可以单独买吗,买家咨询如何下单,72
9328,85,如果退换运费呢,买家咨询商品是否可以单买/单卖,85
9329,29,可以帮我安排一下，尽早发货吗？,买家催促发货,29
9330,90,我拍的是m嗎,买家咨询商品重量,90
9331,96,有没有微信支付的,买家咨询是否可以微信支付,96
9332,104,衣服我想调换一下怎么调,买家咨询退换货规则,104
9333,90,你核实的重量是多少,买家咨询商品重量,90
9334,68,你好，请别忙发货，我怕错了，想重拍，谢谢,买家咨询能否提前享受优惠,68
9335,97,发什么快递  不要发百世,买家咨询是否可以指定快递,97
9336,1,发百世快递哈,买家表达不满/生气,1
9337,29,早点发货哈,买家催促发货,29
9338,27,亲，退换的衣服收到了没？,买家表示有疑问/不理解,27
9339,53,货发到哪里了哦,买家咨询到货时间,53
9340,60,这两款衣服布料是一样的吗？,买家咨询活动规则,60
9341,80,我以前也这样买过呀，多少钱买的就退我多少钱呗？,买家咨询商品价格,80
9342,74,寄回来的衣服收到了吗,买家咨询商家是否收到寄回的商品,74
9343,3,那我不要了咋整,买家表示不想要了,3
9344,71,买3件优惠30嘛,买家咨询如何领取优惠券,71
9345,112,优惠券和跨店满减是可以叠加使用的吗,买家咨询优惠券使用规则,112
9346,14,已经是连续买了两件了哦,买家表示稍等,14
9347,60,确定这两款都是买一赠一吧,买家咨询活动规则,60
9348,112,怎么优惠券用不了呢,买家咨询优惠券使用规则,112
9349,81,湖南省株洲市荷塘区保健巷欧洲花园5栋，罗乔收,买家咨询商品具体尺码尺寸,81
9350,99,双十一第二件17.9？,买家咨询是否有活动,99
9351,110,大概什么时候到账呢,买家咨询退款时间,110
9352,82,998和958有啥区别,买家咨询商品区别,82
9353,55,买两瓶是送两瓶吗,买家咨询发什么快递,55
9354,77,sbr是什么材料？,买家咨询商品的材质/面料,77
9355,82,欧标美标什么区别,买家咨询商品区别,82
9356,3,太厚了，穿上感觉不怎么喜欢 /:815,买家表示不想要了,3
9357,90,一包珍珠900克，煮好后珍珠大概有多重,买家咨询商品重量,90
9358,55,我下单，别给我发圆通啊,买家咨询发什么快递,55
9359,29,能早点发货吗？好期待,买家催促发货,29
9360,66,墨绿色什么时候有货,买家咨询能否分开/一起发货,66
9361,60,每个选项都第二份半价吗？,买家咨询活动规则,60
9362,82,这两个被单是一样的吗？？,买家咨询商品区别,82
9363,15,今天能送到吗,买家表示是老顾客,15
9364,24,我后面买的东西都又到了,买家表示已经收到货了,24
9365,50,我有券没减，我是申请退款再拍吗,买家要求延迟发货,50
9366,8,好那我拍四箱,买家表示马上下单付款,8
9367,61,东西收到，颜色发错,买家咨询快递单号,61
9368,43,我刚下单的那条裤子你给我发黑色的吧,买家要求改商品信息,43
9369,49,亲，怎么修改收货地址啊,买家要求修改收件信息,49
9370,86,您好请问这款有送勺子吗,买家咨询商品是否有赠品,86
9371,67,已收到，谢谢！电子发票呢？,买家咨询能否开发票及发票类型和寄送时间,67
9372,77,嗯，车筐是什么材料的,买家咨询商品的材质/面料,77
9373,38,亲 便宜点吧 可以的话我拍下,买家讨价还价,38
9374,24,刚收到货，现在又买,买家表示已经收到货了,24
9375,108,确认收货退30,买家咨询退款金额,108
9376,60,下单这三款就可以参加买三免一活动吗？,买家咨询活动规则,60
9377,105,那你刚刚不是说换货  运费自理吗,买家咨询退换货运费由谁承担,105
9378,69,我的意思是新疆发不发,买家咨询偏远地区是否发货,69
9379,23,小了我退掉重新再拍一件,买家表示要重拍,23
9380,69,嗯，甘肃是不发圆通吧,买家咨询偏远地区是否发货,69
9381,36,不会连你们自己都不相产品的的质量吧， /:801,买家反馈收到的商品有问题,36
9382,79,一斤有多少个,买家咨询商品规格数量,90
9383,97,好的就中通吧,买家咨询是否可以指定快递,97
9384,1,大的太多了也穿的不满意,买家表达不满/生气,1
9385,1,麻烦推荐一下比较厚的男士家居服,买家表达不满/生气,1
9386,78,咖啡颜色正不正,买家咨询商品的色差问题,78
9387,36,双十一快递野蛮你们没有一点预见性吗？是你们的包装有问题在先，还没见过如此简陋、散乱的，而且不是明明白白的数目在外盒上。我话到此为止,买家反馈收到的商品有问题,36
9388,74,我查了，都是说已收到。,买家咨询商家是否收到寄回的商品,74
9389,86,页面赠送记得赠送,买家咨询商品是否有赠品,86
9390,25,恩 付款了,买家表示已下单付款,25
9391,9,已经涨价了？,买家表示拍错了,9
9392,105,定制脚踏垫吗,买家咨询退换货运费由谁承担,105
9393,97,帮我发申通快递,买家咨询是否可以指定快递,97
9394,94,你好，帮忙改一下价格，谢谢,买家咨询是否可以改价,94
9395,90,那也就是你发过来的虾仁净重是900克了,买家咨询商品重量,90
9396,23,我买的衣服小了点，我退了重新拍哈,买家表示要重拍,23
9397,82,这个是4斤是一模一样的吗,买家咨询商品区别,82
9398,105,这个假如穿了不好看退货是包邮的吗,买家咨询退换货运费由谁承担,105
9399,76,请问生产地是广东东莞的吗？,买家咨询商品产地,76
9400,0,这个为啥涨价了,买家抱怨商品涨价了,0
9401,54,这件裙子现在买什么时候发货呀,买家咨询发货时间,54
9402,79,我再拍一件，帮我少5元啊,买家咨询商品规格数量,79
9403,60,怎么样才有活动价,买家咨询活动规则,60
9404,74,亲寄回去了，收到了吗,买家咨询商家是否收到寄回的商品,74
9405,53,亲，收到的裤子右边的侧缝在靠中间哟？,买家咨询到货时间,53
9406,89,主要是能保证质量就好,买家咨询商品质量是否有保障,89
9407,109,就衣服改下，裤子不改,买家咨询退款去向,109
9408,94,但上次不是说可以改价格到2件吗？,买家咨询是否可以改价,94
9409,46,你再不理我我可就不要了,买家要求取消退换货退款,46
9410,86,这个买三袋送两条再送个杯子是哦,买家咨询商品是否有赠品,86
9411,96,没有通过微信。,买家咨询是否可以微信支付,96
9412,88,换货的发了吗,买家咨询商品是什么颜色,88
9413,74,你那边物流已经签收了,买家咨询商家是否收到寄回的商品,74
9414,31,宝贝好！,买家打招呼,31
9415,47,这两款有什么不同,买家要求添加商家微信,47
9416,74,先退了，重新再拍一件,买家咨询商家是否收到寄回的商品,74
9417,79,啥意思没明白,买家咨询商品规格数量,79
9418,62,你们是在哪发货的呢,买家咨询买多件能否优惠,62
9419,29,几天内发货呢,买家催促发货,29
9420,3,。唉知道了,买家表示不想要了,3
9421,3,今天发不发货哦不发就不要了,买家表示不想要了,3
9422,92,这上面写的一件七折,买家咨询是否可以打折,92
9423,17,那怎么送礼,买家表示送人的,17
9424,72,你这个衣服质量保证的哈,买家咨询如何下单,72
9425,60,第二份半价，第三个一元？,买家咨询活动规则,60
9426,71,10元券在哪领,买家咨询如何领取优惠券,71
9427,23,刚申请退款，想重拍,买家表示要重拍,23
9428,65,亲，谢谢尺寸都可以定制的吗,买家咨询能否定制,65
9429,87,好的谢谢，,买家咨询商品是否有质保，质保多久,87
9430,12,亲 我这个尺码是不是发错了呀  太大了,买家表示商家发错货了,12
9431,67,亲，备注打孔，开收据,买家咨询能否开发票及发票类型和寄送时间,67
9432,35,好的，运费退这个支付宝就好，13924786788,买家发送支付宝账号,35
9433,70,那现在是我先退货，再重新拍的意思。,买家咨询如何加入会员,70
9434,82,这个和plus有什么区别啊,买家咨询商品区别,82
9435,70,拍过了，今天发哦,买家咨询如何加入会员,70
9436,75,有礼盒装着吧,买家咨询商品包装,75
9437,62,要不我买买两件有优惠吗？,买家咨询买多件能否优惠,62
9438,79,卡片呢，送几张啊,买家咨询商品规格数量,79
9439,65,你好，拉骨袋可以定制吗？,买家咨询能否定制,65
9440,65,您好  这个可以定制的吗？,买家咨询能否定制,65
9441,36,有一个漏气了,买家反馈收到的商品有问题,36
9442,79,500克有几个,买家咨询商品规格数量,79
9443,24,昨天货已经收到了,买家表示已经收到货了,24
9444,97,要是补发的话，麻烦不要发百世快递，我们这边拒收,买家咨询是否可以指定快递,97
9445,80,沙巴鱼20斤是净重吗,买家咨询商品价格,80
9446,102,你这鞋有个焦味,买家咨询是否有味道,102
9447,77,我想问一下，这款是什么材质的？,买家咨询商品的材质/面料,77
9448,43,那就不改名字，改电话号码,买家要求改商品信息,43
9449,29,再不发货退掉吧,买家催促发货,29
9450,71,现在拍是双11的活动吗,买家咨询如何领取优惠券,71
9451,58,确认收货的时候返现吗,买家咨询返现时间,58
9452,1,就你家这态度不能接受,买家表达不满/生气,1
9453,50,您好！现在下单可以早点帮忙发货吗,买家要求延迟发货,50
9454,18,刚才拍的帮我发韵达快递，谢谢,买家表示无法申请退款,18
9455,90,只有208克嘛,买家咨询商品重量,90
9456,14,收到货没有换货的单号发了没有,买家表示稍等,14
9457,22,你发下退货地址,买家表示需要退货退款,22
9458,6,我下午就寄回,买家表示具体时间寄回去,6
9459,110,那要是穿不了能退吗,买家咨询退款时间,110
9460,60,我看到你买4发6呀,买家咨询活动规则,60
9461,105,退换货不包邮吗？,买家咨询退换货运费由谁承担,105
9462,95,没办法拒收怎么办？,买家咨询是否可以拒收,95
9463,112,我见有好几款，都什么区别呢？,买家咨询优惠券使用规则,112
9464,29,亲爱的，好的谢谢了,买家催促发货,29
9465,54,好，两个一起发货,买家咨询发货时间,54
9466,76,500-50的购物卷可以叠加用吗？,买家咨询商品产地,76
9467,50,我一个礼拜就回家了不知道能不能晚点发货，我,买家要求延迟发货,50
9468,11,你不是给我优惠79吗,买家表示商家发错地址,11
9469,86,是所有的套餐都市第二件半价嘛,买家咨询商品是否有赠品,86
9470,29,谢谢，希望可以帮我快点发,买家催促发货,29
9471,23,300的和200的啥区别,买家表示要重拍,23
9472,86,能送个杯子吗,买家咨询商品是否有赠品,86
9473,22,我是拒收的，再不退款我投诉你们,买家表示需要退货退款,22
9474,86,那我加30多送一小罐,买家咨询商品是否有赠品,86
9475,89,哦关键质量保证就好了,买家咨询商品质量是否有保障,89
9476,4,收件地址对,买家表示地址正确,4
9477,80,27寸多少钱,买家咨询商品价格,80
9478,71,这个10元怎么领啊,买家咨询如何领取优惠券,71
9479,47,你好，998和958有什么区别？,买家要求添加商家微信,47
9480,1,你好，我现在拍一个，麻烦你帮我快点发,买家表达不满/生气,1
9481,112,上次在你家买的牛仔裤很不错,买家咨询优惠券使用规则,112
9482,99,还有多久活动结束,买家咨询是否有活动,99
9483,52,护手霜那个怎么拍啊？,买家咨询补货/上货时间,52
9484,98,好你个返现吗,买家咨询是否有好评返现,98
9485,47,加绒 和厚绒有区别吗,买家要求添加商家微信,47
9486,111,你们是哪里寄出来的？,买家咨询物流信息,111
9487,34,亲，毛衣我要得深灰色给我发的黑色,买家发送开票信息,34
9488,97,请不要发中通，谢谢您,买家咨询是否可以指定快递,97
9489,65,发票是和货一起的吗,买家咨询能否定制,65
9490,79,亲208g多少个,买家咨询商品规格数量,79
9491,64,老板，衣服收到了，有色差,买家咨询能否到付,64
9492,83,那双十二还会上新吗,买家咨询商品上新时间,83
9493,95,不能定制照片吗？,买家咨询是否可以拒收,95
9494,92,我已经提交订单了麻烦帮看看怎么满200没减20,买家咨询是否可以打折,92
9495,89,亲亲质量保证吗？,买家咨询商品质量是否有保障,89
9496,60,两份也是赠一袋吗,买家咨询活动规则,60
9497,42,我这个裤子是不是发错了？,买家要求发货检查,42
9498,52,我这个单子晚点发吧,买家咨询补货/上货时间,52
9499,60,不是谁两斤吗,买家咨询活动规则,60
9500,115,卡其色啥时候有货啊,买家咨询赠品何时发货,115
9501,76,我刚才定的那个是买一送一吗,买家咨询商品产地,76
9502,71,有没有优惠劵咯 /:810,买家咨询如何领取优惠券,71
9503,85,我先看一看。,买家咨询商品是否可以单买/单卖,85
9504,23,我真的是醉了，一天忙的要命，哪有时间搞这个,买家表示要重拍,23
9505,46,亲，我昨天本来退了来着，结果我闺蜜说不退,买家要求取消退换货退款,46
9506,74,订单申请的发票什么时候可以开,买家咨询商家是否收到寄回的商品,74
9507,71,我好像没有找到劵,买家咨询如何领取优惠券,71
9508,22,我申请退货然后重新拍,买家表示需要退货退款,22
9509,106,退货发中通快递的,买家咨询退换货支持快递,106
9510,22,亲，在吗，我拍错颜色，想退货重拍,买家表示需要退货退款,22
9511,73,亲，我的地址错了，能改回吗,买家咨询商家发货地,73
9512,0,你们这个生产地是哪里的,买家抱怨商品涨价了,0
9513,67,发票可以跟货一起发吗,买家咨询能否开发票及发票类型和寄送时间,67
9514,75,都是有小包单独包装的哈？,买家咨询商品包装,75
9515,52,l什么时候补,买家咨询补货/上货时间,52
9516,69,双十一价格怎么样?,买家咨询偏远地区是否发货,69
9517,103,你好，可以微信付款吗,买家咨询退换货地址,103
9518,3,直接退货吧，孩子就不要了,买家表示不想要了,3
9519,108,你们能退多少？,买家咨询退款金额,108
9520,48,邮费有没有退给我呢？,买家要求退运费,48
9521,82,亲，6991和2991有什么区别吗,买家咨询商品区别,82
9522,33,好吧，拜拜了 /:085,买家发送结束语,33
9523,82,我发的这两款料子是一样的吗,买家咨询商品区别,82
9524,60,我当时买的是500?2送500?2,买家咨询活动规则,60
9525,76,为什么你们的原产地是新西兰，不是澳大利亚,买家咨询商品产地,76
9526,109,嗯，退款的快递费用是自己支付吗,买家咨询退款去向,109
9527,114,双十一91元吗,买家咨询运费险赔付规则,114
9528,60,补10元可以发顺丰是吗,买家咨询活动规则,60
9529,25,好的，那我拍了吧，不等了,买家表示已下单付款,25
9530,37,亲  是从哪里发货呢,买家确认地址是否修改成功,37
9531,59,我换的货发了没发,买家咨询换货发货时间,59
9532,5,手表是什么材质的,买家表示好的,5
9533,71,换货运费给多少,买家咨询如何领取优惠券,71
9534,40,莫名其妙的，右边又亮了，我也是醉了,买家需要商品推荐,40
9535,29,已经6天了呀,买家催促发货,29
9536,67,发票跟着货一起来吗,买家咨询能否开发票及发票类型和寄送时间,67
9537,86,"这个是74,8  4袋送杯子吗",买家咨询商品是否有赠品,86
9538,54,现在买可以今天发货吗,买家咨询发货时间,54
9539,90,重量呢,买家咨询商品重量,90
9540,49,地址填错了,买家要求修改收件信息,49
9541,67,开专票的吧,买家咨询能否开发票及发票类型和寄送时间,67
9542,96,我买的卫衣还能换颜色吗,买家咨询是否可以微信支付,96
9543,55,嗯嗯。发什么快递,买家咨询发什么快递,55
9544,7,谢谢您了，亲,买家表示麻烦卖家，表达感谢,7
9545,43,修改一下黑色的那一件,买家要求改商品信息,43
9546,60,在哪里看买一送一,买家咨询活动规则,60
9547,9,亲买的挺零碎的别发错货啊,买家表示拍错了,9
9548,4,你好，麻烦问一下， 我的地址改了吗？,买家表示地址正确,4
9549,88,评价怎么是黄色的,买家咨询商品是什么颜色,88
9550,38,9.9淘抢购是多少个,买家讨价还价,38
9551,7,好哒，麻烦你了,买家表示麻烦卖家，表达感谢,7
9552,80,对啊 另外一条都自动退款了,买家咨询商品价格,80
9553,66,地址对的哦,买家咨询能否分开/一起发货,66
9554,79,这一包多少克啊,买家咨询商品规格数量,79
9555,90,30包6份大约多重,买家咨询商品重量,90
9556,94,你可以订制么,买家咨询是否可以改价,94
9557,62,亲，我周六回老家，现在拍可以今天发货吗,买家咨询买多件能否优惠,62
9558,97,我已经下单了帮我备注一下邮政快递哦,买家咨询是否可以指定快递,97
9559,38,当然得贵的不要了,买家讨价还价,38
9560,99,双十二你家有活动吗,买家咨询是否有活动,99
9561,55,你好你们一般寄什么快递,买家咨询发什么快递,55
9562,105,不能穿，要换包运费吗,买家咨询退换货运费由谁承担,105
9563,114,我的换的衣服在路上了，那运费险怎么算？,买家咨询运费险赔付规则,114
9564,76,芝麻生产地是哪里,买家咨询商品产地,76
9565,90,这个一个是多重规格的,买家咨询商品重量,90
9566,72,89怎样拍,买家咨询如何下单,72
9567,80,一袋是多少斤的,买家咨询商品价格,80
9568,14,内衣不合适，我要退货哦,买家表示稍等,14
9569,1,你们这种态度真的太过分了,买家表达不满/生气,72
9570,59,已经换了你们说发货了,买家咨询换货发货时间,59
9571,60,电钢琴和钢琴有什么区别？,买家咨询活动规则,60
9572,96,支付宝付款？微信不能付款？,买家咨询是否可以微信支付,96
9573,1,我退货了，你们的态度我不是很满意，发信息给你，半天都回不过来给我，,买家表达不满/生气,1
9574,82,床单款利床笠款有什么区别,买家咨询商品区别,82
9575,88,主图上什么颜色？,买家咨询商品是什么颜色,88
9576,1,真的很质疑你们店的办事效率,买家表达不满/生气,1
9577,96,亲，你是哪的快递？,买家咨询是否可以微信支付,96
9578,39,对不起,买家向商家表达不好意思,39
9579,52,明天米色的s号会有货吗？,买家咨询补货/上货时间,52
9580,64,你们这样的办事效率太低了,买家咨询能否到付,64
9581,54,你好，你们什么时候放假的，我今天买东西还能发货吗,买家咨询发货时间,54
9582,110,我没有收到运费的钱,买家咨询退款时间,110
9583,110,麻烦帮忙处理一下退款申请,买家咨询退款时间,110
9584,75,你们家裤子质量非常好哦,买家咨询商品包装,75
9585,36,有个洞咋办。。。,买家反馈收到的商品有问题,36
9586,73,你们是哪发货啊,买家咨询商家发货地,73
9587,67,麻烦开个收据,买家咨询能否开发票及发票类型和寄送时间,67
9588,100,我的快递…… 帮我查一下,买家咨询是否有买家秀,100
9589,5,哦，哦，,买家表示好的,5
9590,33,好吧，拜拜佳钓尼,买家发送结束语,33
9591,0,是不是最近比双十一贵了呀,买家抱怨商品涨价了,0
9592,99,明天买会有折扣是吗？,买家咨询是否有活动,99
9593,41,那你就赔点钱吧,买家要求补偿,41
9594,71,那你现在有没有优惠券呢？,买家咨询如何领取优惠券,71
9595,13,货返回去了，查收,买家表示商品已经寄回去了,13
9596,47,你好，我已经寄回去了，你收到么,买家要求添加商家微信,47
9597,46,亲，我想退款，可以吗？,买家要求取消退换货退款,46
9598,79,208克有多少,买家咨询商品规格数量,79
9599,24,收到囉很喜歡謝謝,买家表示已经收到货了,24
9600,109,我选择到付可以不,买家咨询退款去向,109
9601,110,我大概什么时候可以申请退款？,买家咨询退款时间,110
9602,82,刚发的那两个U盘有什么区别呀,买家咨询商品区别,82
9603,57,就是现在拍99 然后收货后会返12?,买家咨询返现金额,57
9604,60,这款就活动？,买家咨询活动规则,60
9605,0,亲，退了吧，我老公说不要了,买家抱怨商品涨价了,0
9606,29,我下单，早点发货,买家催促发货,29
9607,7,谢谢你 /:-F,买家表示麻烦卖家，表达感谢,7
9608,11,之前都是16.9就可以买，价格一下变了呢,买家表示商家发错地址,11
9609,85,不过裤子不太喜欢,买家咨询商品是否可以单买/单卖,85
9610,60,亲39元买一送一对吧,买家咨询活动规则,60
9611,97,亲，别发中通快递,买家咨询是否可以指定快递,97
9612,60,这款参加双十一么,买家咨询活动规则,60
9613,112,这个跟那个有什么不一样吗,买家咨询优惠券使用规则,112
9614,3,亲，在吗？你这麻花一箱有几斤呀？,买家表示不想要了,3
9615,65,可以定制一个吗,买家咨询能否定制,65
9616,9,昨晚都拍错了,买家表示拍错了,9
9617,102,裤子洗了都还有多大的难闻味道,买家咨询是否有味道,102
9618,86,麦片送碗吗,买家咨询商品是否有赠品,86
9619,82,你好，这个加厚款和普通款区别在哪？？,买家咨询商品区别,82
9620,30,换货发了没,买家催促回复,30
9621,78,这款和89的区别是什么,买家咨询商品的色差问题,78
9622,31,有人啊,买家打招呼,31
9623,60,拍29元发2瓶？,买家咨询活动规则,60
9624,32,有较大的色差么,买家对特定款式/颜色表达喜好,32
9625,31,你好，在？吗,买家打招呼,31
9626,104,那如果不合适能退换吗,买家咨询退换货规则,104
9627,92,您好您家是不参与双十二跨店满减嘛,买家咨询是否可以打折,92
9628,67,买一盒手套可以开发票吧,买家咨询能否开发票及发票类型和寄送时间,67
9629,90,有多少斤哈？,买家咨询商品重量,90
9630,60,买两瓶赠一瓶啊,买家咨询活动规则,60
9631,35,黄色还会上新吗？,买家发送支付宝账号,35
9632,82,车仔面和乌冬面不一样嘛,买家咨询商品区别,82
9633,58,我全退了重新拍还是？,买家咨询返现时间,58
9634,63,能帮我早点发嘛 /:810 /:810,买家咨询哪款更好,63
9635,48,如果买了不换运费险退不退？,买家要求退运费,48
9636,108,什么服装态度,买家咨询退款金额,108
9637,69,新疆喀什地区可以发货么,买家咨询偏远地区是否发货,69
9638,49,江苏省常州市新北区春江镇圩塘新港路天泓休闲中心10号,买家要求修改收件信息,49
9639,78,所以都是一样的是吗？,买家咨询商品的色差问题,78
9640,29,9天了，快点发货,买家催促发货,54
9641,108,那这个退货的话，钱啥时候可以退回来,买家咨询退款金额,108
9642,18,好了我重新拍了,买家表示无法申请退款,18
9643,65,这种裤子可以量身定制吗？ /:815,买家咨询能否定制,65
9644,90,30支有多重？,买家咨询商品重量,90
9645,48,刚收到时我就把吊牌剪了,买家要求退运费,48
9646,97,今天发不了我就不要顺丰了,买家咨询是否可以指定快递,97
9647,25,我不把我想换的尺码和款式告诉你你怎么给我换,买家表示已下单付款,25
9648,79,还有12个,买家咨询商品规格数量,79
9649,58,主要是返现,买家咨询返现时间,58
9650,54,今天买大概能发货吗,买家咨询发货时间,32
9651,31,店主，,买家打招呼,31
9652,12,你好 这个能订做吗,买家表示商家发错货了,12
9653,48,邮费退回来了吗,买家要求退运费,48
9654,52,好的话以后要买都在你家买了,买家咨询补货/上货时间,52
9655,13,我就让你确认下是不是快递丢失了,买家表示商品已经寄回去了,13
9656,9,这两件我点错拍错码子了,买家表示拍错了,9
9657,117,我的旺旺号是好多啊,买家咨询自己的旺旺昵称,117
9658,12,我购买的尺寸40x25，买寸错了，退货，退款,买家表示商家发错货了,12
9659,82,双面一样吗？,买家咨询商品区别,82
9660,82,这和89那款有啥区别,买家咨询商品区别,82
9661,61,亲我的快递单号多少,买家咨询快递单号,61
9662,104,清问一下圆通快递在哪呢？,买家咨询退换货规则,104
9663,82,这个和178有什么区别吗,买家咨询商品区别,82
9664,104,不用申请退货？？？,买家咨询退换货规则,104
9665,5,行  明白了,买家表示好的,5
9666,92,2箱有多重,买家咨询是否可以打折,92
9667,3,好的吧 那我不要了,买家表示不想要了,3
9668,58,收货会返现吗,买家咨询返现时间,58
9669,60,买30包送30包？,买家咨询活动规则,60
9670,39,63个,买家向商家表达不好意思,39
9671,60,这个买一送一吗？,买家咨询活动规则,60
9672,21,好的 我先拍一条试试吧,买家表示先买来试试,21
9673,86,微信是什么奖励呢 /:^$^,买家咨询商品是否有赠品,86
9674,90,买2份就是4斤呗,买家咨询商品重量,90
9675,59,满三百减40是可以叠加满两百减20的嘛,买家咨询换货发货时间,59
9676,77,垫是什么材质啊,买家咨询商品的材质/面料,77
9677,114,什么退运险费呢,买家咨询运费险赔付规则,114
9678,40,不好意思 是我舍友要 感觉码不够大呢  人家不要了,买家需要商品推荐,40
9679,23,那不就是 我重新拍一件吗,买家表示要重拍,23
9680,105,运费你出吗,买家咨询退换货运费由谁承担,105
9681,65,如果都下垂20公分，需要定做吗？你们可以定做吗？,买家咨询能否定制,65
9682,7,谢谢呀么么哒 还以为你们休息啦,买家表示麻烦卖家，表达感谢,7
9683,81,谢谢/:803/:803/:803/:803,买家咨询商品具体尺码尺寸,81
9684,34,公司名称：铜陵绎舒机械租赁有限公司纳税人识别号：91340706MA2TDTWF3X,买家发送开票信息,34
9685,67,没有送的小礼物吗 /:^_^,买家咨询能否开发票及发票类型和寄送时间,67
9686,16,原产地是不是新疆,买家表示收件信息不需要修改了,16
9687,111,货收到了没有我退的那个衣服你收到了吗,买家咨询物流信息,111
9688,63,哪个款最好看啊,买家咨询哪款更好,63
9689,86,我是老顾客，唉对呀，就是就是叫你多送一个嘛,买家咨询商品是否有赠品,86
9690,52,那m什么时候有货,买家咨询补货/上货时间,52
9691,49,您好  地址写错了,买家要求修改收件信息,49
9692,7,这个没有棉的么,买家表示麻烦卖家，表达感谢,7
9693,39,那两件还能返现吗,买家向商家表达不好意思,39
9694,2,款式挺好看的。,买家表达赞美/满意,2
9695,50,鞋子为什么还没有发啊,买家要求延迟发货,50
9696,97,可以走邮政吗？,买家咨询是否可以指定快递,97
9697,31,店主 你好，,买家打招呼,31
9698,52,69：8元一份净重多重,买家咨询补货/上货时间,52
9699,26,这券怎么用不了,买家表示优惠券无法使用,26
9700,99,双十一活动是怎么的？晚来了两天，还有活动吗,买家咨询是否有活动,99
9701,48,什么时候给我退运费？,买家要求退运费,48
9702,25,你好，5星晒图好评有奖励吗,买家表示已下单付款,25
9703,53,要补多少钱才给寄顺丰,买家咨询到货时间,53
9704,54,48小时内能发吗,买家咨询发货时间,54
9705,105,不合适退换货有运费吗,买家咨询退换货运费由谁承担,105
9706,86,箱子上不是说买一送一吗，怎么没送,买家咨询商品是否有赠品,86
9707,43,你好地址改了么,买家要求改商品信息,43
9708,55,申通，中通，都可以，,买家咨询发什么快递,55
9709,71,记得开发票哟，谢谢,买家咨询如何领取优惠券,71
9710,79,那个1千克的一箱子有多少个,买家咨询商品规格数量,79
9711,86,行吧，还有小礼物吗？ /:087 /:087,买家咨询商品是否有赠品,86
9712,34,不是，地址没改好,买家发送开票信息,34
9713,86,你这个有包装袋吗？我要送人的,买家咨询商品是否有赠品,86
9714,79,一箱有几个的,买家咨询商品规格数量,79
9715,77,我要颜色深的，但不是黑的,买家咨询商品的材质/面料,77
9716,67,发票是和产品一起寄吗,买家咨询能否开发票及发票类型和寄送时间,67
9717,108,衣服穿上瘦 而且短，需退货退款,买家咨询退款金额,108
9718,111,换货的运费由你们承担吗？,买家咨询物流信息,111
9719,86,然后赠送个袜子,买家咨询商品是否有赠品,86
9720,90,净重2.5吗,买家咨询商品重量,90
9721,6,嗯！我晚上去退回去。,买家表示具体时间寄回去,6
9722,55,在吗 西藏发什么快递,买家咨询发什么快递,55
9723,97,对了，千万不要发百世 /:018,买家咨询是否可以指定快递,97
9724,62,买两件能不能便宜70？,买家咨询买多件能否优惠,62
9725,46,签收了，为什么还没有给我退款？,买家要求取消退换货退款,46
9726,22,我领外下单其他件，质量不行那件我申请退货退款,买家表示需要退货退款,22
9727,38,杆还得单独购买？,买家讨价还价,38
9728,82,原味和原味整箱有啥区别啊,买家咨询商品区别,82
9729,56,怎么返还？,买家咨询返现方式,56
9730,46,额还是不退了吧,买家要求取消退换货退款,46
9731,47,好的吧，知道啦,买家要求添加商家微信,47
9732,60,第二件半价的享受买三免一的吗,买家咨询活动规则,60
9733,15,我又来了 /:007 /:007,买家表示是老顾客,15
9734,56,怎么加你们,买家咨询返现方式,56
9735,84,手撕面包还会有买活动吗,买家咨询商品是不是预售款,84
9736,60,送收纳箱是吧？,买家咨询活动规则,60
9737,111,请你帮我查一下到了没,买家咨询物流信息,111
9738,60,怎么我满两百都不减四十的,买家咨询活动规则,60
9739,65,110*110cm的可以订吗？,买家咨询能否定制,65
9740,9,那可惜,买家表示拍错了,9
9741,74,我的快递是给我退回去了么 /:?,买家咨询商家是否收到寄回的商品,74
9742,46,这个弄错了，我不退,买家要求取消退换货退款,46
9743,36,亲亲 我哭了,买家反馈收到的商品有问题,36
9744,47,加我微信？我在陶瓷买不了,买家要求添加商家微信,47
9745,82,皮质都是一样的吧？,买家咨询商品区别,82
9746,28,我前面买的衣服发票开了吗,买家表示再看看,28
9747,9,地址不用改了亲,买家表示拍错了,9
9748,86,老客户了，送个杯子呗,买家咨询商品是否有赠品,86
9749,97,一定记得帮我备注发中通快递哦，谢谢啦,买家咨询是否可以指定快递,97
9750,55,请问你们发什么快递呢？,买家咨询发什么快递,55
9751,1,不改了就原来地址,买家表达不满/生气,1
9752,99,不做活动,买家咨询是否有活动,99
9753,48,我签收过了  买一送一钱是怎么退回来呢？,买家要求退运费,48
9754,65,我要先寄到去吗？,买家咨询能否定制,65
9755,98,你好想问一下你家有带图好评返现吗~,买家咨询是否有好评返现,98
9756,20,我想问一下 你们发的这个快递怎么这么慢 这是快递么 怎么和乌龟是的,买家表示物流太慢了,20
9757,31,你好，客服有在吗,买家打招呼,31
9758,67,能不能开票的,买家咨询能否开发票及发票类型和寄送时间,67
9759,15,二次买了,买家表示是老顾客,15
9760,23,可不可以送个勺子??,买家表示要重拍,23
9761,90,里面的饼一样吗,买家咨询商品重量,90
9762,96,可以不要了吗,买家咨询是否可以微信支付,96
9763,67,你好，椅子可以开发票吗？,买家咨询能否开发票及发票类型和寄送时间,59
9764,93,顺丰的话，邮费多少？,买家咨询是否可以发顺丰,93
9765,100,邮政要补钱吗,买家咨询是否有买家秀,100
9766,52,那请问怎么购买,买家咨询补货/上货时间,52
9767,111,28号就不更新了,买家咨询物流信息,111
9768,20,催催快递两天没动了,买家表示物流太慢了,20
9769,52,货明天发吗？,买家咨询补货/上货时间,52
9770,60,不要放价格单不要发中通谢谢,买家咨询活动规则,60
9771,77,你好 护目镜什么材质的 有玻璃的吗,买家咨询商品的材质/面料,77
9772,57,十分感谢，,买家咨询返现金额,57
9773,54,白色大概什么时候有,买家咨询发货时间,54
9774,43,那你尽快吧，我昨天下午买了四件衣服，都是当天晚上就发货了，你这个已经一天一宿了，要是再不发货我就退了，买别人家了,买家要求改商品信息,43
9775,82,这一套衣服是买一送一么？,买家咨询商品区别,82
9776,105,质量有问题，你们包邮退换吗,买家咨询退换货运费由谁承担,105
9777,88,你们衣服色差也太大了吧,买家咨询商品是什么颜色,88
9778,7,已收到钱，谢谢,买家表示麻烦卖家，表达感谢,7
9779,14,好呢稍等,买家表示稍等,14
9780,15,图片上那是什么颜色,买家表示是老顾客,15
9781,87,有啥优惠么,买家咨询商品是否有质保，质保多久,87
9782,115,算了先不退回吧,买家咨询赠品何时发货,115
9783,111,亲，发什么快递,买家咨询物流信息,111
9784,49,河南省  开封市  开封县祥符区罗王乡和辛庄月季园  000000  小雅  17552676861,买家要求修改收件信息,49
9785,24,韵达快递不收的吗,买家表示已经收到货了,24
9786,99,活动第二天可以查？,买家咨询是否有活动,99
9787,46,能取消掉吗,买家要求取消退换货退款,46
9788,97,请问可以发百世申通邮政吗？,买家咨询是否可以指定快递,97
9789,7,哦 麻烦你了,买家表示麻烦卖家，表达感谢,7
9790,89,我己经在你这里买第二条了，质量要保证,买家咨询商品质量是否有保障,89
9791,99,你好查下到那了,买家咨询是否有活动,99
9792,77,帽子是什么材质的,买家咨询商品的材质/面料,77
9793,82,春秋的那几个有什么区别吗,买家咨询商品区别,82
9794,10,升级版有什么不同？,买家表示伤心难过,10
9795,90,这个圈圈 是多大的尺寸啊。,买家咨询商品重量,90
9796,88,请问这款是深蓝色吗,买家咨询商品是什么颜色,88
9797,82,450和500有啥区别,买家咨询商品区别,82
9798,12,你们把衣服的颜色发错给我了,买家表示商家发错货了,12
9799,86,是每套都有赠品吗,买家咨询商品是否有赠品,86
9800,105,这个运费算谁的,买家咨询退换货运费由谁承担,105
9801,68,这个黑色的不上了？,买家咨询能否提前享受优惠,68
9802,86,裤子上的腰带是送的吗,买家咨询商品是否有赠品,86
9803,82,s勾和4脚勾有区别吗？,买家咨询商品区别,82
9804,23,再重新拍一条？,买家表示要重拍,23
9805,86,奶球能多送点,买家咨询商品是否有赠品,86
9806,36,货收到，但是包装箱压扁了，有8个面包压坏,买家反馈收到的商品有问题,36
9807,1,不给到了双十二也不买,买家表达不满/生气,1
9808,90,两袋多少克,买家咨询商品重量,90
9809,67,你好我申请开发票,买家咨询能否开发票及发票类型和寄送时间,67
9810,97,快递到那了,买家咨询是否可以指定快递,97
9811,111,怎么还没更新物流信息,买家咨询物流信息,111
9812,53,到永修大概几天能到？,买家咨询到货时间,53
9813,111,我是直接把衣服给你发过去呢还是怎么弄,买家咨询物流信息,111
9814,89,请问一袋多少重量,买家咨询商品质量是否有保障,89
9815,113,这个可以订做吗,买家咨询运费金额,113
9816,49,地址错了 /:018,买家要求修改收件信息,49
9817,110,我加急 最晚下周三之前能到吧,买家咨询退款时间,110
9818,12,亲，你这个能不能给发黑色的,买家表示商家发错货了,12
9819,86,这两款不参加买一送一吗,买家咨询商品是否有赠品,86
9820,90,三斤是净重还是？,买家咨询商品重量,90
9821,82,款式也不一样,买家咨询商品区别,82
9822,1,满意就是我的脚不争气太硬了受不了第一双蛮好的,买家表达不满/生气,1
9823,22,亲，退货帮我处理一下,买家表示需要退货退款,22
9824,105,你好，我怕XL大，要是大了，退货，邮费是你还是我？,买家咨询退换货运费由谁承担,105
9825,104,现在买给有优惠,买家咨询退换货规则,104
9826,67,店铺5元红包和满299减10元的红包两个能叠加吗,买家咨询能否开发票及发票类型和寄送时间,67
9827,61,七天之内可发货吗,买家咨询快递单号,61
9828,114,你啥态度还说：您不是说有吗？我啥时候说了,买家咨询运费险赔付规则,114
9829,103,我已申请了，请问你们地址是多少,买家咨询退换货地址,103
9830,54,想问一下上次没发完的货啥时候发啊,买家咨询发货时间,54
9831,67,咱们开发票吗,买家咨询能否开发票及发票类型和寄送时间,67
9832,65,这可以量尺寸订制不？,买家咨询能否定制,65
9833,58,咋不返现呢,买家咨询返现时间,58
9834,110,我啥时候说要退款了,买家咨询退款时间,110
9835,99,双十二有活动吗？,买家咨询是否有活动,99
9836,92,打个折啊,买家咨询是否可以打折,92
9837,71,那可以寄顺丰吧,买家咨询如何领取优惠券,71
9838,82,这个和羊绒的、羽绒的啥区别,买家咨询商品区别,82
9839,32,你是智障么。,买家对特定款式/颜色表达喜好,32
9840,53,备注了发中通哦,买家咨询到货时间,53
9841,38,嗯，还能优惠吗？已经是老顾客了,买家讨价还价,38
9842,73,您是南京的,买家咨询商家发货地,73
9843,82,抗菌跟抗菌针织区别？？,买家咨询商品区别,82
9844,82,68元和89元的有怎麼分别呢？,买家咨询商品区别,82
9845,31,噢好的，谢谢,买家打招呼,31
9846,22,我想申请退款，，满四百还减五十呢，，,买家表示需要退货退款,22
9847,90,这一代有多重,买家咨询商品重量,90
9848,83,现在还有两件半价活动吗？,买家咨询商品上新时间,83
9849,89,想买你家这条裤子，但不知道质量如何？,买家咨询商品质量是否有保障,89
9850,65,你们没法订做。,买家咨询能否定制,65
9851,102,皮衣有味吗？,买家咨询是否有味道,102
9852,22,我们申请退款,买家表示需要退货退款,110
9853,29,能不能快点？,买家催促发货,29
9854,25,重拍了，之前的退了,买家表示已下单付款,25
9855,82,大立柜和豪华立柜有什么区别,买家咨询商品区别,82
9856,99,老客户有没有优惠呐,买家咨询是否有活动,99
9857,97,能帮我备注一下发韵达,买家咨询是否可以指定快递,97
9858,8,退款什么时候可以到的？,买家表示马上下单付款,8
9859,22,那个退款申请您通过一下,买家表示需要退货退款,22
9860,1,3米，抄网竿多少钱,买家表达不满/生气,1
9861,72,亲，明天可以发货吗？,买家咨询如何下单,72
9862,19,卫衣买不了，点不了,买家表示无法下单,19
9863,60,拍4件，是24个对吗,买家咨询活动规则,60
9864,93,宝贝拍了可以帮我发顺丰吗？我补差价,买家咨询是否可以发顺丰,93
9865,114,已退货，注意查收,买家咨询运费险赔付规则,114
9866,104,咱家能退换货吗？,买家咨询退换货规则,104
9867,46,我拒收了，退货,买家要求取消退换货退款,46
9868,60,亲   是买一送一嘛,买家咨询活动规则,60
9869,92,这个是1000克的么？,买家咨询是否可以打折,92
9870,88,你这是发错了,买家咨询商品是什么颜色,88
9871,78,最近买的衣服色差太大,买家咨询商品的色差问题,78
9872,97,申通我收不到,买家咨询是否可以指定快递,97
9873,60,这个是买二赠一的吗？,买家咨询活动规则,60
9874,22,退一条  退多少钱？,买家表示需要退货退款,22
9875,29,请亲早点发货,买家催促发货,29
9876,19,什么款打折？,买家表示无法下单,19
9877,15,一直都是买你家的,买家表示是老顾客,15
9878,71,你们没有其他的优惠券了吗,买家咨询如何领取优惠券,71
9879,4,可以改成这个地址吗,买家表示地址正确,4
9880,57,那下单了确认收货到时候是返多少钱呢,买家咨询返现金额,57
9881,33,嗯嗯，合作愉快,买家发送结束语,33
9882,7,会有色差吗,买家表示麻烦卖家，表达感谢,7
9883,41,5块钱能补吗,买家要求补偿,41
9884,73,现在下单还送一个收纳箱？,买家咨询商家发货地,73
9885,71,这款还有优惠券了吗,买家咨询如何领取优惠券,71
9886,37,要求退款退货,买家确认地址是否修改成功,37
9887,77,你好，买给你的裤子收到了吧？,买家咨询商品的材质/面料,77
9888,105,要是不合适，退换了也货运费谁付,买家咨询退换货运费由谁承担,105
9889,19,为什么颜色不是蓝色,买家表示无法下单,19
9890,59,三件可以八折？,买家咨询换货发货时间,59
9891,78,灰色大号没有味道吧,买家咨询商品的色差问题,78
9892,41,你除了会说这么一句话，还会处理什么，你们真是搞笑，申请退款几天也不处理，我从来没碰到过这样的,买家要求补偿,41
9893,104,你咋听不懂呢   裤子我已经收到了    我已经打开试了  小了    怎么换货,买家咨询退换货规则,104
9894,97,能接受指定快递吗,买家咨询是否可以指定快递,97
9895,49,刚才我下了一个订单，麻烦你写改这个地址可以吗？,买家要求修改收件信息,49
9896,110,退款的时候退的是少数的那个对吧,买家咨询退款时间,110
9897,38,自己也不确定呢，你也可以推荐下,买家讨价还价,38
9898,86,是不是还送收纳箱,买家咨询商品是否有赠品,86
9899,113,老板我地址弄错了，怎么修改呀,买家咨询运费金额,113
9900,0,如果你按之前的我就退了重新拍,买家抱怨商品涨价了,0
9901,36,这包装也太差了吧？,买家反馈收到的商品有问题,36
9902,21,不可以微信付款的吗？,买家表示先买来试试,21
9903,60,第二份1.9元吗,买家咨询活动规则,60
9904,105,起球了包邮退货吗？,买家咨询退换货运费由谁承担,105
9905,34,这款宽度多少,买家发送开票信息,34
9906,40,这件商品推吗？,买家需要商品推荐,40
9907,32,喜欢这款,买家对特定款式/颜色表达喜好,32
9908,77,是合金回力的吗,买家咨询商品的材质/面料,77
9909,71,我的退款我怎么没收到,买家咨询如何领取优惠券,71
9910,43,那改一下 /:018,买家要求改商品信息,43
9911,22,那件你们直接追回就退款了是吧，我不用申请退款吧,买家表示需要退货退款,22
9912,113,发北京 需要补多少钱啊,买家咨询运费金额,113
9913,60,你们现在都是买一送一吗,买家咨询活动规则,60
9914,79,这个散装是几个？,买家咨询商品规格数量,79
9915,111,一个星期了 物流怎么都没动啊,买家咨询物流信息,111
9916,5,哦。好的,买家表示好的,5
9917,31,您好 我有疑问,买家打招呼,31
9918,85,什么时候能有,买家咨询商品是否可以单买/单卖,85
9919,90,这个是多少克的,买家咨询商品重量,90
9920,87,亲，质保呢,买家咨询商品是否有质保，质保多久,87
9921,74,你好想问一下裤子你们收到了吗,买家咨询商家是否收到寄回的商品,74
9922,15,嗯，一直在你家买，,买家表示是老顾客,15
9923,78,儿童款，和基础款有什么区别,买家咨询商品的色差问题,78
9924,110,还是一样收到货再返钱吗,买家咨询退款时间,110
9925,29,这个拍一份是发几包？多少克,买家催促发货,29
9926,104,我已经买了，怎么换,买家咨询退换货规则,104
9927,67,亲，请开发票，谢谢,买家咨询能否开发票及发票类型和寄送时间,67
9928,92,确认收货 折上折啦,买家咨询是否可以打折,92
9929,24,可不，收到内衣才发现,买家表示已经收到货了,24
9930,65,这个可以定做,买家咨询能否定制,65
9931,13,退货已经寄出!请查收！,买家表示商品已经寄回去了,13
9932,97,我们这中通快递不收,买家咨询是否可以指定快递,97
9933,68,优惠点吧，老客户了,买家咨询能否提前享受优惠,68
9934,97,发邮政小包,买家咨询是否可以指定快递,97
9935,114,亲！运费险咋还不退呢,买家咨询运费险赔付规则,114
9936,103,请发个你们收货地址给我,买家咨询退换货地址,103
9937,29,快点  双十一早就过去了,买家催促发货,29
9938,3,这个退的运费怎么算,买家表示不想要了,3
9939,110,明天给你退过去,买家咨询退款时间,110
9940,80,买泡面能送个碗么？,买家咨询商品价格,80
9941,86,送双袜子呗小哥哥,买家咨询商品是否有赠品,86
9942,103,海南省  海口市  龙华区  海濂路28-82金鹰幼儿园对面公交车站  000000  小小13700488258，改这个地址，不用加女士,买家咨询退换货地址,103
9943,44,拍了你改下邮费噢,买家要求改运费,44
9944,6,以前那个客服态度不好,买家表示具体时间寄回去,6
9945,101,亲 给我退货地址 这个尺寸我不适合唉 ，刚刚收到的快递。完好的,买家咨询是否有实体店,101
9946,22,大了，怎么寄给你呢,买家表示需要退货退款,22
9947,46,退货申请能撤销吗,买家要求取消退换货退款,46
9948,110,我寄的运费退,买家咨询退款时间,110
9949,86,可不可以送药包,买家咨询商品是否有赠品,86
9950,60,这个也是送同款吗？买一送一,买家咨询活动规则,60
9951,7,这样的话 那我好评返现的5元怎么给,买家表示麻烦卖家，表达感谢,7
9952,7,黑色，没帽子的，xl不要发错哈，谢谢,买家表示麻烦卖家，表达感谢,7
9953,82,三千多的和你这款有什么区别？,买家咨询商品区别,82
9954,15,??，我在你家各样买点,买家表示是老顾客,15
9955,99,亲，现在买有什么优惠么,买家咨询是否有活动,99
9956,68,运费啥时候退呢 /:^_^,买家咨询能否提前享受优惠,68
9957,93,今天能不能发顺丰,买家咨询是否可以发顺丰,93
9958,66,能用邮政吗？,买家咨询能否分开/一起发货,66
9959,54,你好这个裤子拍下能发货吗,买家咨询发货时间,54
9960,105,送箱子么,买家咨询退换货运费由谁承担,105
9961,106,换的货 请问可以指定快递不,买家咨询退换货支持快递,106
9962,4,就是款式不一样是吗？,买家表示地址正确,4
9963,80,这个衣服跟图片有色差吗,买家咨询商品价格,80
9964,81,这两箱是一斤吗,买家咨询商品具体尺码尺寸,81
9965,95,地址是  刘先生  153275537948,买家咨询是否可以拒收,95
9966,55,什么快递？？,买家咨询发什么快递,55
9967,5,但为把衣服发回去了那收到了吗,买家表示好的,5
9968,109,嗯哼哭唧唧,买家咨询退款去向,109
9969,58,是怎样返现,买家咨询返现时间,58
9970,90,这一箱大概有多重,买家咨询商品重量,90
9971,54,具体几天后发呢,买家咨询发货时间,54
9972,108,邮政太慢了。,买家咨询退款金额,108
9973,115,然后有没有送什么吗,买家咨询赠品何时发货,115
9974,109,退费到哪呢？,买家咨询退款去向,109
9975,1,都是骗人的,买家表达不满/生气,1
9976,3,我还没买 看了这个不想买了,买家表示不想要了,3
9977,15,想在你家买衣服,买家表示是老顾客,15
9978,3,真过分！！！！,买家表示不想要了,3
9979,54,请问下我昨天下的单怎么今天都没发货？,买家咨询发货时间,54
9980,73,你货是在那里发出的,买家咨询商家发货地,73
9981,26,那我得怎么拍呢,买家表示优惠券无法使用,26
9982,60,那双十二回复了，价格是多少,买家咨询活动规则,60
9983,93,你给我今天发顺丰可以吗,买家咨询是否可以发顺丰,93
9984,102,好评有撒活动？,买家咨询是否有味道,102
9985,67,之前买过，要补发票,买家咨询能否开发票及发票类型和寄送时间,67
9986,60,老款和新开有什么区别吗,买家咨询活动规则,60
9987,104,亲亲，不好意思，我要申请退货哦 /:068,买家咨询退换货规则,104
9988,72,说好的开增值税专用发票,买家咨询如何下单,72
9989,60,双十一买三免一的活动怎么参加的 /:809,买家咨询活动规则,60
9990,50,显示13号发货的，到现在还没揽件，这生意做不做啦,买家要求延迟发货,50
9991,105,??合适换可包邮吗？,买家咨询退换货运费由谁承担,105
9992,114,运费险是怎么理赔呢,买家咨询运费险赔付规则,114
9993,105,如果不合适退换货是承担邮费是吗,买家咨询退换货运费由谁承担,105
9994,98,有什么优惠 先买一件试试,买家咨询是否有好评返现,98
9995,66,一个订单可以分开发两个地址吗,买家咨询能否分开/一起发货,66
9996,25,正确的  谢谢你,买家表示已下单付款,25
9997,104,我的裤子买小了，怎么调换啊,买家咨询退换货规则,104
9998,99,这裤子双12还有优惠吗,买家咨询是否有活动,99
9999,32,不适合我，而且有色差,买家对特定款式/颜色表达喜好,32
